"Date","Price","Open","High","Low","Vol.","Change %"
"03/31/2025","2,465.00","2,465.00","2,465.00","2,465.00","","-0.28%"
"03/28/2025","2,472.00","2,472.00","2,472.00","2,472.00","","-4.22%"
"03/26/2025","2,581.00","2,581.00","2,581.00","2,581.00","","-1.86%"
"03/25/2025","2,630.00","2,630.00","2,630.00","2,630.00","","-2.23%"
"03/24/2025","2,690.00","2,690.00","2,690.00","2,690.00","","0.52%"
"03/21/2025","2,676.00","2,676.00","2,676.00","2,676.00","","0.22%"
"03/20/2025","2,670.00","2,670.00","2,670.00","2,670.00","","28.24%"
"03/06/2025","2,082.00","2,082.00","2,082.00","2,082.00","","9.93%"
"03/05/2025","1,894.00","1,894.00","1,894.00","1,894.00","","-3.81%"
"03/04/2025","1,969.00","1,969.00","1,969.00","1,969.00","","-0.56%"
"03/03/2025","1,980.00","1,980.00","1,980.00","1,980.00","","8.91%"
"02/28/2025","1,818.00","1,818.00","1,818.00","1,818.00","","15.58%"
"02/27/2025","1,573.00","1,573.00","1,573.00","1,573.00","","12.60%"
"02/26/2025","1,397.00","1,397.00","1,397.00","1,397.00","","20.53%"
"02/25/2025","1,159.00","1,159.00","1,159.00","1,159.00","","11.55%"
"02/24/2025","1,039.00","1,039.00","1,039.00","1,039.00","","4.84%"
"02/21/2025","991.00","991.00","991.00","991.00","","8.07%"
"02/20/2025","917.00","917.00","917.00","917.00","","5.77%"
"02/19/2025","867.00","867.00","867.00","867.00","","14.53%"
"02/18/2025","757.00","757.00","757.00","757.00","","4.41%"
"02/17/2025","725.00","725.00","725.00","725.00","","1.26%"
"02/14/2025","716.00","716.00","716.00","716.00","","0.70%"
"02/13/2025","711.00","711.00","711.00","711.00","","0.00%"
"02/12/2025","711.00","711.00","711.00","711.00","","-8.73%"
"02/11/2025","779.00","779.00","779.00","779.00","","-3.83%"
"02/10/2025","810.00","810.00","810.00","810.00","","-3.57%"
"02/07/2025","840.00","840.00","840.00","840.00","","3.45%"
"02/06/2025","812.00","812.00","812.00","812.00","","0.00%"
"02/05/2025","812.00","812.00","812.00","812.00","","-3.79%"
"02/04/2025","844.00","844.00","844.00","844.00","","-1.97%"
"02/03/2025","861.00","861.00","861.00","861.00","","-1.49%"
"01/31/2025","874.00","874.00","874.00","874.00","","3.92%"
"01/30/2025","841.00","841.00","841.00","841.00","","-4.00%"
"01/29/2025","876.00","876.00","876.00","876.00","","-5.91%"
"01/28/2025","931.00","931.00","931.00","931.00","","-2.82%"
"01/27/2025","958.00","958.00","958.00","958.00","","-2.54%"
"01/24/2025","983.00","983.00","983.00","983.00","","-9.07%"
"01/23/2025","1,081.00","1,081.00","1,081.00","1,081.00","","-12.54%"
"01/22/2025","1,236.00","1,236.00","1,236.00","1,236.00","","-3.74%"
"01/21/2025","1,284.00","1,284.00","1,284.00","1,284.00","","-3.24%"
"01/20/2025","1,327.00","1,327.00","1,327.00","1,327.00","","-4.74%"
"01/17/2025","1,393.00","1,393.00","1,393.00","1,393.00","","-6.01%"
"01/16/2025","1,482.00","1,482.00","1,482.00","1,482.00","","-6.26%"
"01/15/2025","1,581.00","1,581.00","1,581.00","1,581.00","","-1.43%"
"01/14/2025","1,604.00","1,604.00","1,604.00","1,604.00","","-0.68%"
"01/13/2025","1,615.00","1,615.00","1,615.00","1,615.00","","11.53%"
"01/10/2025","1,448.00","1,448.00","1,448.00","1,448.00","","24.40%"
"01/09/2025","1,164.00","1,164.00","1,164.00","1,164.00","","5.82%"
"01/08/2025","1,100.00","1,100.00","1,100.00","1,100.00","","-9.69%"
"01/07/2025","1,218.00","1,218.00","1,218.00","1,218.00","","-5.58%"
"01/06/2025","1,290.00","1,290.00","1,290.00","1,290.00","","-6.18%"
"01/03/2025","1,375.00","1,375.00","1,375.00","1,375.00","","9.04%"
"01/02/2025","1,261.00","1,261.00","1,261.00","1,261.00","","9.94%"
"12/24/2024","1,147.00","1,147.00","1,147.00","1,147.00","","1.33%"
"12/23/2024","1,132.00","1,132.00","1,132.00","1,132.00","","1.52%"
"12/20/2024","1,115.00","1,115.00","1,115.00","1,115.00","","3.34%"
"12/19/2024","1,079.00","1,079.00","1,079.00","1,079.00","","-12.77%"
"12/18/2024","1,237.00","1,237.00","1,237.00","1,237.00","","-5.43%"
"12/17/2024","1,308.00","1,308.00","1,308.00","1,308.00","","-2.39%"
"12/16/2024","1,340.00","1,340.00","1,340.00","1,340.00","","6.10%"
"12/13/2024","1,263.00","1,263.00","1,263.00","1,263.00","","0.88%"
"12/12/2024","1,252.00","1,252.00","1,252.00","1,252.00","","-9.08%"
"12/11/2024","1,377.00","1,377.00","1,377.00","1,377.00","","-8.38%"
"12/10/2024","1,503.00","1,503.00","1,503.00","1,503.00","","-1.89%"
"12/09/2024","1,532.00","1,532.00","1,532.00","1,532.00","","-0.20%"
"12/06/2024","1,535.00","1,535.00","1,535.00","1,535.00","","0.33%"
"12/05/2024","1,530.00","1,530.00","1,530.00","1,530.00","","-4.91%"
"12/04/2024","1,609.00","1,609.00","1,609.00","1,609.00","","-10.21%"
"12/03/2024","1,792.00","1,792.00","1,792.00","1,792.00","","-9.17%"
"12/02/2024","1,973.00","1,973.00","1,973.00","1,973.00","","-7.50%"
"11/29/2024","2,133.00","2,133.00","2,133.00","2,133.00","","-7.74%"
"11/28/2024","2,312.00","2,312.00","2,312.00","2,312.00","","-10.00%"
"11/27/2024","2,569.00","2,569.00","2,569.00","2,569.00","","-7.56%"
"11/26/2024","2,779.00","2,779.00","2,779.00","2,779.00","","6.35%"
"11/25/2024","2,613.00","2,613.00","2,613.00","2,613.00","","-0.50%"
"11/22/2024","2,626.00","2,626.00","2,626.00","2,626.00","","-3.60%"
"11/21/2024","2,724.00","2,724.00","2,724.00","2,724.00","","-3.06%"
"11/20/2024","2,810.00","2,810.00","2,810.00","2,810.00","","0.07%"
"11/19/2024","2,808.00","2,808.00","2,808.00","2,808.00","","-11.20%"
"11/18/2024","3,162.00","3,162.00","3,162.00","3,162.00","","-2.07%"
"11/15/2024","3,229.00","3,229.00","3,229.00","3,229.00","","9.98%"
"11/14/2024","2,936.00","2,936.00","2,936.00","2,936.00","","6.92%"
"11/13/2024","2,746.00","2,746.00","2,746.00","2,746.00","","-0.25%"
"11/12/2024","2,753.00","2,753.00","2,753.00","2,753.00","","9.38%"
"11/11/2024","2,517.00","2,517.00","2,517.00","2,517.00","","8.68%"
"11/08/2024","2,316.00","2,316.00","2,316.00","2,316.00","","7.12%"
"11/07/2024","2,162.00","2,162.00","2,162.00","2,162.00","","4.95%"
"11/06/2024","2,060.00","2,060.00","2,060.00","2,060.00","","4.73%"
"11/05/2024","1,967.00","1,967.00","1,967.00","1,967.00","","6.38%"
"11/04/2024","1,849.00","1,849.00","1,849.00","1,849.00","","0.05%"
"11/01/2024","1,848.00","1,848.00","1,848.00","1,848.00","","-0.27%"
"10/31/2024","1,853.00","1,853.00","1,853.00","1,853.00","","0.38%"
"10/30/2024","1,846.00","1,846.00","1,846.00","1,846.00","","-0.70%"
"10/29/2024","1,859.00","1,859.00","1,859.00","1,859.00","","4.09%"
"10/28/2024","1,786.00","1,786.00","1,786.00","1,786.00","","-3.77%"
"10/25/2024","1,856.00","1,856.00","1,856.00","1,856.00","","-0.16%"
"10/24/2024","1,859.00","1,859.00","1,859.00","1,859.00","","-3.23%"
"10/23/2024","1,921.00","1,921.00","1,921.00","1,921.00","","-4.33%"
"10/22/2024","2,008.00","2,008.00","2,008.00","2,008.00","","-8.35%"
"10/21/2024","2,191.00","2,191.00","2,191.00","2,191.00","","-3.73%"
"10/18/2024","2,276.00","2,276.00","2,276.00","2,276.00","","-1.98%"
"10/17/2024","2,322.00","2,322.00","2,322.00","2,322.00","","-9.01%"
"10/16/2024","2,552.00","2,552.00","2,552.00","2,552.00","","-7.97%"
"10/15/2024","2,773.00","2,773.00","2,773.00","2,773.00","","-3.65%"
"10/14/2024","2,878.00","2,878.00","2,878.00","2,878.00","","1.52%"
"10/11/2024","2,835.00","2,835.00","2,835.00","2,835.00","","2.90%"
"10/10/2024","2,755.00","2,755.00","2,755.00","2,755.00","","-1.11%"
"10/09/2024","2,786.00","2,786.00","2,786.00","2,786.00","","-6.79%"
"10/08/2024","2,989.00","2,989.00","2,989.00","2,989.00","","-5.44%"
"10/07/2024","3,161.00","3,161.00","3,161.00","3,161.00","","-2.53%"
"10/04/2024","3,243.00","3,243.00","3,243.00","3,243.00","","-1.70%"
"10/03/2024","3,299.00","3,299.00","3,299.00","3,299.00","","-2.94%"
"10/02/2024","3,399.00","3,399.00","3,399.00","3,399.00","","-3.55%"
"10/01/2024","3,524.00","3,524.00","3,524.00","3,524.00","","-3.43%"
"09/30/2024","3,649.00","3,649.00","3,649.00","3,649.00","","-1.08%"
"09/27/2024","3,689.00","3,689.00","3,689.00","3,689.00","","3.04%"
"09/26/2024","3,580.00","3,580.00","3,580.00","3,580.00","","7.99%"
"09/25/2024","3,315.00","3,315.00","3,315.00","3,315.00","","0.42%"
"09/24/2024","3,301.00","3,301.00","3,301.00","3,301.00","","0.79%"
"09/23/2024","3,275.00","3,275.00","3,275.00","3,275.00","","1.24%"
"09/20/2024","3,235.00","3,235.00","3,235.00","3,235.00","","-0.55%"
"09/19/2024","3,253.00","3,253.00","3,253.00","3,253.00","","7.57%"
"09/18/2024","3,024.00","3,024.00","3,024.00","3,024.00","","-2.14%"
"09/17/2024","3,090.00","3,090.00","3,090.00","3,090.00","","-0.23%"
"09/16/2024","3,097.00","3,097.00","3,097.00","3,097.00","","0.26%"
"09/13/2024","3,089.00","3,089.00","3,089.00","3,089.00","","-4.22%"
"09/12/2024","3,225.00","3,225.00","3,225.00","3,225.00","","-4.44%"
"09/11/2024","3,375.00","3,375.00","3,375.00","3,375.00","","0.99%"
"09/10/2024","3,342.00","3,342.00","3,342.00","3,342.00","","-1.82%"
"09/09/2024","3,404.00","3,404.00","3,404.00","3,404.00","","1.43%"
"09/06/2024","3,356.00","3,356.00","3,356.00","3,356.00","","2.16%"
"09/05/2024","3,285.00","3,285.00","3,285.00","3,285.00","","1.89%"
"09/04/2024","3,224.00","3,224.00","3,224.00","3,224.00","","-3.73%"
"09/03/2024","3,349.00","3,349.00","3,349.00","3,349.00","","3.11%"
"09/02/2024","3,248.00","3,248.00","3,248.00","3,248.00","","4.81%"
"08/30/2024","3,099.00","3,099.00","3,099.00","3,099.00","","-0.64%"
"08/29/2024","3,119.00","3,119.00","3,119.00","3,119.00","","8.19%"
"08/28/2024","2,883.00","2,883.00","2,883.00","2,883.00","","4.65%"
"08/27/2024","2,755.00","2,755.00","2,755.00","2,755.00","","-3.37%"
"08/23/2024","2,851.00","2,851.00","2,851.00","2,851.00","","0.14%"
"08/22/2024","2,847.00","2,847.00","2,847.00","2,847.00","","2.12%"
"08/21/2024","2,788.00","2,788.00","2,788.00","2,788.00","","3.60%"
"08/20/2024","2,691.00","2,691.00","2,691.00","2,691.00","","3.74%"
"08/19/2024","2,594.00","2,594.00","2,594.00","2,594.00","","2.25%"
"08/16/2024","2,537.00","2,537.00","2,537.00","2,537.00","","-0.20%"
"08/15/2024","2,542.00","2,542.00","2,542.00","2,542.00","","-4.08%"
"08/14/2024","2,650.00","2,650.00","2,650.00","2,650.00","","6.98%"
"08/13/2024","2,477.00","2,477.00","2,477.00","2,477.00","","2.65%"
"08/12/2024","2,413.00","2,413.00","2,413.00","2,413.00","","-0.98%"
"08/09/2024","2,437.00","2,437.00","2,437.00","2,437.00","","-0.89%"
"08/08/2024","2,459.00","2,459.00","2,459.00","2,459.00","","-0.57%"
"08/07/2024","2,473.00","2,473.00","2,473.00","2,473.00","","2.96%"
"08/06/2024","2,402.00","2,402.00","2,402.00","2,402.00","","2.17%"
"08/05/2024","2,351.00","2,351.00","2,351.00","2,351.00","","1.03%"
"08/02/2024","2,327.00","2,327.00","2,327.00","2,327.00","","1.66%"
"08/01/2024","2,289.00","2,289.00","2,289.00","2,289.00","","-3.70%"
"07/31/2024","2,377.00","2,377.00","2,377.00","2,377.00","","-4.88%"
"07/30/2024","2,499.00","2,499.00","2,499.00","2,499.00","","-3.21%"
"07/29/2024","2,582.00","2,582.00","2,582.00","2,582.00","","-1.22%"
"07/26/2024","2,614.00","2,614.00","2,614.00","2,614.00","","-3.04%"
"07/25/2024","2,696.00","2,696.00","2,696.00","2,696.00","","-3.82%"
"07/24/2024","2,803.00","2,803.00","2,803.00","2,803.00","","-1.79%"
"07/23/2024","2,854.00","2,854.00","2,854.00","2,854.00","","-3.48%"
"07/22/2024","2,957.00","2,957.00","2,957.00","2,957.00","","-0.54%"
"07/19/2024","2,973.00","2,973.00","2,973.00","2,973.00","","-1.13%"
"07/18/2024","3,007.00","3,007.00","3,007.00","3,007.00","","2.28%"
"07/17/2024","2,940.00","2,940.00","2,940.00","2,940.00","","-5.13%"
"07/16/2024","3,099.00","3,099.00","3,099.00","3,099.00","","-5.03%"
"07/15/2024","3,263.00","3,263.00","3,263.00","3,263.00","","-1.00%"
"07/12/2024","3,296.00","3,296.00","3,296.00","3,296.00","","3.55%"
"07/11/2024","3,183.00","3,183.00","3,183.00","3,183.00","","-1.00%"
"07/10/2024","3,215.00","3,215.00","3,215.00","3,215.00","","3.08%"
"07/09/2024","3,119.00","3,119.00","3,119.00","3,119.00","","-4.79%"
"07/08/2024","3,276.00","3,276.00","3,276.00","3,276.00","","-1.89%"
"07/05/2024","3,339.00","3,339.00","3,339.00","3,339.00","","-4.22%"
"07/04/2024","3,486.00","3,486.00","3,486.00","3,486.00","","-2.63%"
"07/03/2024","3,580.00","3,580.00","3,580.00","3,580.00","","-7.92%"
"07/02/2024","3,888.00","3,888.00","3,888.00","3,888.00","","2.56%"
"07/01/2024","3,791.00","3,791.00","3,791.00","3,791.00","","10.11%"
"06/28/2024","3,443.00","3,443.00","3,443.00","3,443.00","","2.14%"
"06/27/2024","3,371.00","3,371.00","3,371.00","3,371.00","","7.19%"
"06/26/2024","3,145.00","3,145.00","3,145.00","3,145.00","","5.18%"
"06/25/2024","2,990.00","2,990.00","2,990.00","2,990.00","","-3.33%"
"06/24/2024","3,093.00","3,093.00","3,093.00","3,093.00","","-1.56%"
"06/21/2024","3,142.00","3,142.00","3,142.00","3,142.00","","2.05%"
"06/20/2024","3,079.00","3,079.00","3,079.00","3,079.00","","5.19%"
"06/19/2024","2,927.00","2,927.00","2,927.00","2,927.00","","-1.31%"
"06/18/2024","2,966.00","2,966.00","2,966.00","2,966.00","","0.95%"
"06/17/2024","2,938.00","2,938.00","2,938.00","2,938.00","","-0.64%"
"06/14/2024","2,957.00","2,957.00","2,957.00","2,957.00","","-0.94%"
"06/13/2024","2,985.00","2,985.00","2,985.00","2,985.00","","9.50%"
"06/12/2024","2,726.00","2,726.00","2,726.00","2,726.00","","-2.08%"
"06/11/2024","2,784.00","2,784.00","2,784.00","2,784.00","","-6.73%"
"06/10/2024","2,985.00","2,985.00","2,985.00","2,985.00","","-0.43%"
"06/07/2024","2,998.00","2,998.00","2,998.00","2,998.00","","0.71%"
"06/06/2024","2,977.00","2,977.00","2,977.00","2,977.00","","1.09%"
"06/05/2024","2,945.00","2,945.00","2,945.00","2,945.00","","3.73%"
"06/04/2024","2,839.00","2,839.00","2,839.00","2,839.00","","0.82%"
"06/03/2024","2,816.00","2,816.00","2,816.00","2,816.00","","-0.14%"
"05/31/2024","2,820.00","2,820.00","2,820.00","2,820.00","","2.55%"
"05/30/2024","2,750.00","2,750.00","2,750.00","2,750.00","","2.84%"
"05/29/2024","2,674.00","2,674.00","2,674.00","2,674.00","","2.53%"
"05/28/2024","2,608.00","2,608.00","2,608.00","2,608.00","","-0.19%"
"05/24/2024","2,613.00","2,613.00","2,613.00","2,613.00","","1.12%"
"05/23/2024","2,584.00","2,584.00","2,584.00","2,584.00","","0.00%"
"05/22/2024","2,584.00","2,584.00","2,584.00","2,584.00","","-2.67%"
"05/21/2024","2,655.00","2,655.00","2,655.00","2,655.00","","-1.96%"
"05/20/2024","2,708.00","2,708.00","2,708.00","2,708.00","","1.23%"
"05/17/2024","2,675.00","2,675.00","2,675.00","2,675.00","","4.57%"
"05/16/2024","2,558.00","2,558.00","2,558.00","2,558.00","","-5.22%"
"05/15/2024","2,699.00","2,699.00","2,699.00","2,699.00","","-7.92%"
"05/14/2024","2,931.00","2,931.00","2,931.00","2,931.00","","-5.69%"
"05/13/2024","3,108.00","3,108.00","3,108.00","3,108.00","","-5.59%"
"05/10/2024","3,292.00","3,292.00","3,292.00","3,292.00","","-3.32%"
"05/09/2024","3,405.00","3,405.00","3,405.00","3,405.00","","-3.84%"
"05/08/2024","3,541.00","3,541.00","3,541.00","3,541.00","","9.32%"
"05/07/2024","3,239.00","3,239.00","3,239.00","3,239.00","","21.17%"
"05/03/2024","2,673.00","2,673.00","2,673.00","2,673.00","","12.69%"
"05/02/2024","2,372.00","2,372.00","2,372.00","2,372.00","","12.10%"
"05/01/2024","2,116.00","2,116.00","2,116.00","2,116.00","","0.76%"
"04/30/2024","2,100.00","2,100.00","2,100.00","2,100.00","","0.96%"
"04/29/2024","2,080.00","2,080.00","2,080.00","2,080.00","","-4.24%"
"04/26/2024","2,172.00","2,172.00","2,172.00","2,172.00","","-2.60%"
"04/25/2024","2,230.00","2,230.00","2,230.00","2,230.00","","-4.90%"
"04/24/2024","2,345.00","2,345.00","2,345.00","2,345.00","","-4.60%"
"04/23/2024","2,458.00","2,458.00","2,458.00","2,458.00","","-9.03%"
"04/22/2024","2,702.00","2,702.00","2,702.00","2,702.00","","-4.83%"
"04/19/2024","2,839.00","2,839.00","2,839.00","2,839.00","","-0.21%"
"04/18/2024","2,845.00","2,845.00","2,845.00","2,845.00","","3.08%"
"04/17/2024","2,760.00","2,760.00","2,760.00","2,760.00","","4.90%"
"04/16/2024","2,631.00","2,631.00","2,631.00","2,631.00","","4.03%"
"04/15/2024","2,529.00","2,529.00","2,529.00","2,529.00","","-0.90%"
"04/12/2024","2,552.00","2,552.00","2,552.00","2,552.00","","3.11%"
"04/11/2024","2,475.00","2,475.00","2,475.00","2,475.00","","12.40%"
"04/10/2024","2,202.00","2,202.00","2,202.00","2,202.00","","2.28%"
"04/09/2024","2,153.00","2,153.00","2,153.00","2,153.00","","-2.05%"
"04/08/2024","2,198.00","2,198.00","2,198.00","2,198.00","","-3.34%"
"04/05/2024","2,274.00","2,274.00","2,274.00","2,274.00","","-3.40%"
"04/04/2024","2,354.00","2,354.00","2,354.00","2,354.00","","-3.41%"
"04/03/2024","2,437.00","2,437.00","2,437.00","2,437.00","","1.80%"
"04/02/2024","2,394.00","2,394.00","2,394.00","2,394.00","","-9.22%"
"03/28/2024","2,637.00","2,637.00","2,637.00","2,637.00","","-0.04%"
"03/27/2024","2,638.00","2,638.00","2,638.00","2,638.00","","-11.00%"
"03/26/2024","2,964.00","2,964.00","2,964.00","2,964.00","","-10.05%"
"03/25/2024","3,295.00","3,295.00","3,295.00","3,295.00","","-5.37%"
"03/22/2024","3,482.00","3,482.00","3,482.00","3,482.00","","-2.95%"
"03/21/2024","3,588.00","3,588.00","3,588.00","3,588.00","","-2.76%"
"03/20/2024","3,690.00","3,690.00","3,690.00","3,690.00","","-7.52%"
"03/19/2024","3,990.00","3,990.00","3,990.00","3,990.00","","-2.42%"
"03/18/2024","4,089.00","4,089.00","4,089.00","4,089.00","","1.74%"
"03/15/2024","4,019.00","4,019.00","4,019.00","4,019.00","","-0.57%"
"03/14/2024","4,042.00","4,042.00","4,042.00","4,042.00","","-3.51%"
"03/13/2024","4,189.00","4,189.00","4,189.00","4,189.00","","2.37%"
"03/12/2024","4,092.00","4,092.00","4,092.00","4,092.00","","-5.15%"
"03/11/2024","4,314.00","4,314.00","4,314.00","4,314.00","","1.63%"
"03/08/2024","4,245.00","4,245.00","4,245.00","4,245.00","","6.69%"
"03/07/2024","3,979.00","3,979.00","3,979.00","3,979.00","","5.57%"
"03/06/2024","3,769.00","3,769.00","3,769.00","3,769.00","","-9.14%"
"03/05/2024","4,148.00","4,148.00","4,148.00","4,148.00","","-1.36%"
"03/04/2024","4,205.00","4,205.00","4,205.00","4,205.00","","5.73%"
"03/01/2024","3,977.00","3,977.00","3,977.00","3,977.00","","6.25%"
"02/29/2024","3,743.00","3,743.00","3,743.00","3,743.00","","4.09%"
"02/28/2024","3,596.00","3,596.00","3,596.00","3,596.00","","11.54%"
"02/27/2024","3,224.00","3,224.00","3,224.00","3,224.00","","1.93%"
"02/26/2024","3,163.00","3,163.00","3,163.00","3,163.00","","0.57%"
"02/23/2024","3,145.00","3,145.00","3,145.00","3,145.00","","12.72%"
"02/22/2024","2,790.00","2,790.00","2,790.00","2,790.00","","9.71%"
"02/21/2024","2,543.00","2,543.00","2,543.00","2,543.00","","5.56%"
"02/20/2024","2,409.00","2,409.00","2,409.00","2,409.00","","-1.95%"
"02/19/2024","2,457.00","2,457.00","2,457.00","2,457.00","","0.37%"
"02/16/2024","2,448.00","2,448.00","2,448.00","2,448.00","","2.26%"
"02/15/2024","2,394.00","2,394.00","2,394.00","2,394.00","","-1.72%"
"02/14/2024","2,436.00","2,436.00","2,436.00","2,436.00","","-1.62%"
"02/13/2024","2,476.00","2,476.00","2,476.00","2,476.00","","0.94%"
"02/12/2024","2,453.00","2,453.00","2,453.00","2,453.00","","3.02%"
"02/09/2024","2,381.00","2,381.00","2,381.00","2,381.00","","8.42%"
"02/08/2024","2,196.00","2,196.00","2,196.00","2,196.00","","-2.96%"
"02/07/2024","2,263.00","2,263.00","2,263.00","2,263.00","","-4.56%"
"02/06/2024","2,371.00","2,371.00","2,371.00","2,371.00","","10.69%"
"02/05/2024","2,142.00","2,142.00","2,142.00","2,142.00","","5.52%"
"02/02/2024","2,030.00","2,030.00","2,030.00","2,030.00","","5.51%"
"02/01/2024","1,924.00","1,924.00","1,924.00","1,924.00","","1.75%"
"01/31/2024","1,891.00","1,891.00","1,891.00","1,891.00","","3.67%"
"01/30/2024","1,824.00","1,824.00","1,824.00","1,824.00","","-7.41%"
"01/29/2024","1,970.00","1,970.00","1,970.00","1,970.00","","-7.73%"
"01/26/2024","2,135.00","2,135.00","2,135.00","2,135.00","","2.35%"
"01/25/2024","2,086.00","2,086.00","2,086.00","2,086.00","","-2.75%"
"01/24/2024","2,145.00","2,145.00","2,145.00","2,145.00","","2.19%"
"01/23/2024","2,099.00","2,099.00","2,099.00","2,099.00","","-7.61%"
"01/22/2024","2,272.00","2,272.00","2,272.00","2,272.00","","1.25%"
"01/19/2024","2,244.00","2,244.00","2,244.00","2,244.00","","21.10%"
"01/18/2024","1,853.00","1,853.00","1,853.00","1,853.00","","6.92%"
"01/17/2024","1,733.00","1,733.00","1,733.00","1,733.00","","-2.59%"
"01/16/2024","1,779.00","1,779.00","1,779.00","1,779.00","","-5.37%"
"01/15/2024","1,880.00","1,880.00","1,880.00","1,880.00","","-13.44%"
"01/12/2024","2,172.00","2,172.00","2,172.00","2,172.00","","-10.40%"
"01/11/2024","2,424.00","2,424.00","2,424.00","2,424.00","","-10.09%"
"01/10/2024","2,696.00","2,696.00","2,696.00","2,696.00","","-17.02%"
"01/09/2024","3,249.00","3,249.00","3,249.00","3,249.00","","-9.72%"
"01/08/2024","3,599.00","3,599.00","3,599.00","3,599.00","","-5.24%"
"01/05/2024","3,798.00","3,798.00","3,798.00","3,798.00","","4.03%"
"01/04/2024","3,651.00","3,651.00","3,651.00","3,651.00","","2.30%"
"01/03/2024","3,569.00","3,569.00","3,569.00","3,569.00","","2.44%"
"01/02/2024","3,484.00","3,484.00","3,484.00","3,484.00","","2.53%"
"12/22/2023","3,398.00","3,398.00","3,398.00","3,398.00","","1.10%"
"12/21/2023","3,361.00","3,361.00","3,361.00","3,361.00","","-4.79%"
"12/20/2023","3,530.00","3,530.00","3,530.00","3,530.00","","-5.36%"
"12/19/2023","3,730.00","3,730.00","3,730.00","3,730.00","","-5.23%"
"12/18/2023","3,936.00","3,936.00","3,936.00","3,936.00","","-4.30%"
"12/15/2023","4,113.00","4,113.00","4,113.00","4,113.00","","-3.81%"
"12/14/2023","4,276.00","4,276.00","4,276.00","4,276.00","","-0.70%"
"12/13/2023","4,306.00","4,306.00","4,306.00","4,306.00","","-6.23%"
"12/12/2023","4,592.00","4,592.00","4,592.00","4,592.00","","4.41%"
"12/11/2023","4,398.00","4,398.00","4,398.00","4,398.00","","3.26%"
"12/08/2023","4,259.00","4,259.00","4,259.00","4,259.00","","1.33%"
"12/07/2023","4,203.00","4,203.00","4,203.00","4,203.00","","-18.56%"
"12/06/2023","5,161.00","5,161.00","5,161.00","5,161.00","","-13.20%"
"12/05/2023","5,946.00","5,946.00","5,946.00","5,946.00","","-9.66%"
"12/04/2023","6,582.00","6,582.00","6,582.00","6,582.00","","5.53%"
"12/01/2023","6,237.00","6,237.00","6,237.00","6,237.00","","10.80%"
"11/30/2023","5,629.00","5,629.00","5,629.00","5,629.00","","11.69%"
"11/29/2023","5,040.00","5,040.00","5,040.00","5,040.00","","20.60%"
"11/28/2023","4,179.00","4,179.00","4,179.00","4,179.00","","9.43%"
"11/27/2023","3,819.00","3,819.00","3,819.00","3,819.00","","12.82%"
"11/24/2023","3,385.00","3,385.00","3,385.00","3,385.00","","26.35%"
"11/23/2023","2,679.00","2,679.00","2,679.00","2,679.00","","10.93%"
"11/22/2023","2,415.00","2,415.00","2,415.00","2,415.00","","-6.61%"
"11/21/2023","2,586.00","2,586.00","2,586.00","2,586.00","","-4.47%"
"11/20/2023","2,707.00","2,707.00","2,707.00","2,707.00","","-2.03%"
"11/17/2023","2,763.00","2,763.00","2,763.00","2,763.00","","3.72%"
"11/16/2023","2,664.00","2,664.00","2,664.00","2,664.00","","3.50%"
"11/15/2023","2,574.00","2,574.00","2,574.00","2,574.00","","0.00%"
"11/14/2023","2,574.00","2,574.00","2,574.00","2,574.00","","-1.27%"
"11/13/2023","2,607.00","2,607.00","2,607.00","2,607.00","","0.70%"
"11/10/2023","2,589.00","2,589.00","2,589.00","2,589.00","","4.14%"
"11/09/2023","2,486.00","2,486.00","2,486.00","2,486.00","","7.25%"
"11/08/2023","2,318.00","2,318.00","2,318.00","2,318.00","","-4.49%"
"11/07/2023","2,427.00","2,427.00","2,427.00","2,427.00","","4.66%"
"11/06/2023","2,319.00","2,319.00","2,319.00","2,319.00","","8.72%"
"11/03/2023","2,133.00","2,133.00","2,133.00","2,133.00","","13.28%"
"11/02/2023","1,883.00","1,883.00","1,883.00","1,883.00","","-0.84%"
"11/01/2023","1,899.00","1,899.00","1,899.00","1,899.00","","-5.99%"
"10/31/2023","2,020.00","2,020.00","2,020.00","2,020.00","","-3.40%"
"10/30/2023","2,091.00","2,091.00","2,091.00","2,091.00","","-6.06%"
"10/27/2023","2,226.00","2,226.00","2,226.00","2,226.00","","-9.70%"
"10/26/2023","2,465.00","2,465.00","2,465.00","2,465.00","","-16.16%"
"10/25/2023","2,940.00","2,940.00","2,940.00","2,940.00","","-10.26%"
"10/24/2023","3,276.00","3,276.00","3,276.00","3,276.00","","-5.67%"
"10/23/2023","3,473.00","3,473.00","3,473.00","3,473.00","","-2.33%"
"10/20/2023","3,556.00","3,556.00","3,556.00","3,556.00","","-2.12%"
"10/19/2023","3,633.00","3,633.00","3,633.00","3,633.00","","-3.09%"
"10/18/2023","3,749.00","3,749.00","3,749.00","3,749.00","","2.46%"
"10/17/2023","3,659.00","3,659.00","3,659.00","3,659.00","","7.05%"
"10/16/2023","3,418.00","3,418.00","3,418.00","3,418.00","","2.74%"
"10/13/2023","3,327.00","3,327.00","3,327.00","3,327.00","","1.49%"
"10/12/2023","3,278.00","3,278.00","3,278.00","3,278.00","","-0.79%"
"10/11/2023","3,304.00","3,304.00","3,304.00","3,304.00","","-3.42%"
"10/10/2023","3,421.00","3,421.00","3,421.00","3,421.00","","-1.84%"
"10/09/2023","3,485.00","3,485.00","3,485.00","3,485.00","","5.32%"
"10/06/2023","3,309.00","3,309.00","3,309.00","3,309.00","","10.97%"
"10/05/2023","2,982.00","2,982.00","2,982.00","2,982.00","","6.46%"
"10/04/2023","2,801.00","2,801.00","2,801.00","2,801.00","","1.01%"
"10/03/2023","2,773.00","2,773.00","2,773.00","2,773.00","","6.25%"
"10/02/2023","2,610.00","2,610.00","2,610.00","2,610.00","","5.50%"
"09/29/2023","2,474.00","2,474.00","2,474.00","2,474.00","","-0.76%"
"09/28/2023","2,493.00","2,493.00","2,493.00","2,493.00","","-3.22%"
"09/27/2023","2,576.00","2,576.00","2,576.00","2,576.00","","7.60%"
"09/26/2023","2,394.00","2,394.00","2,394.00","2,394.00","","11.45%"
"09/25/2023","2,148.00","2,148.00","2,148.00","2,148.00","","3.12%"
"09/22/2023","2,083.00","2,083.00","2,083.00","2,083.00","","3.79%"
"09/21/2023","2,007.00","2,007.00","2,007.00","2,007.00","","-2.90%"
"09/20/2023","2,067.00","2,067.00","2,067.00","2,067.00","","6.44%"
"09/19/2023","1,942.00","1,942.00","1,942.00","1,942.00","","11.03%"
"09/18/2023","1,749.00","1,749.00","1,749.00","1,749.00","","9.18%"
"09/15/2023","1,602.00","1,602.00","1,602.00","1,602.00","","5.95%"
"09/14/2023","1,512.00","1,512.00","1,512.00","1,512.00","","6.78%"
"09/13/2023","1,416.00","1,416.00","1,416.00","1,416.00","","6.47%"
"09/12/2023","1,330.00","1,330.00","1,330.00","1,330.00","","0.45%"
"09/11/2023","1,324.00","1,324.00","1,324.00","1,324.00","","2.72%"
"09/08/2023","1,289.00","1,289.00","1,289.00","1,289.00","","8.41%"
"09/07/2023","1,189.00","1,189.00","1,189.00","1,189.00","","14.99%"
"09/06/2023","1,034.00","1,034.00","1,034.00","1,034.00","","3.71%"
"09/05/2023","997.00","997.00","997.00","997.00","","-7.00%"
"09/04/2023","1,072.00","1,072.00","1,072.00","1,072.00","","3.88%"
"09/01/2023","1,032.00","1,032.00","1,032.00","1,032.00","","-5.67%"
"08/31/2023","1,094.00","1,094.00","1,094.00","1,094.00","","-2.58%"
"08/30/2023","1,123.00","1,123.00","1,123.00","1,123.00","","-6.80%"
"08/29/2023","1,205.00","1,205.00","1,205.00","1,205.00","","2.64%"
"08/25/2023","1,174.00","1,174.00","1,174.00","1,174.00","","-6.75%"
"08/24/2023","1,259.00","1,259.00","1,259.00","1,259.00","","-7.70%"
"08/23/2023","1,364.00","1,364.00","1,364.00","1,364.00","","-6.64%"
"08/22/2023","1,461.00","1,461.00","1,461.00","1,461.00","","-5.01%"
"08/21/2023","1,538.00","1,538.00","1,538.00","1,538.00","","-3.75%"
"08/18/2023","1,598.00","1,598.00","1,598.00","1,598.00","","-4.02%"
"08/17/2023","1,665.00","1,665.00","1,665.00","1,665.00","","-2.12%"
"08/16/2023","1,701.00","1,701.00","1,701.00","1,701.00","","6.51%"
"08/15/2023","1,597.00","1,597.00","1,597.00","1,597.00","","1.72%"
"08/14/2023","1,570.00","1,570.00","1,570.00","1,570.00","","-1.38%"
"08/11/2023","1,592.00","1,592.00","1,592.00","1,592.00","","-4.90%"
"08/10/2023","1,674.00","1,674.00","1,674.00","1,674.00","","-4.45%"
"08/09/2023","1,752.00","1,752.00","1,752.00","1,752.00","","-1.74%"
"08/08/2023","1,783.00","1,783.00","1,783.00","1,783.00","","-2.67%"
"08/07/2023","1,832.00","1,832.00","1,832.00","1,832.00","","0.77%"
"08/04/2023","1,818.00","1,818.00","1,818.00","1,818.00","","0.83%"
"08/03/2023","1,803.00","1,803.00","1,803.00","1,803.00","","-0.28%"
"08/02/2023","1,808.00","1,808.00","1,808.00","1,808.00","","-5.83%"
"08/01/2023","1,920.00","1,920.00","1,920.00","1,920.00","","2.51%"
"07/31/2023","1,873.00","1,873.00","1,873.00","1,873.00","","2.35%"
"07/28/2023","1,830.00","1,830.00","1,830.00","1,830.00","","1.61%"
"07/27/2023","1,801.00","1,801.00","1,801.00","1,801.00","","3.86%"
"07/26/2023","1,734.00","1,734.00","1,734.00","1,734.00","","21.77%"
"07/25/2023","1,424.00","1,424.00","1,424.00","1,424.00","","0.14%"
"07/24/2023","1,422.00","1,422.00","1,422.00","1,422.00","","-1.39%"
"07/21/2023","1,442.00","1,442.00","1,442.00","1,442.00","","1.48%"
"07/20/2023","1,421.00","1,421.00","1,421.00","1,421.00","","-3.20%"
"07/19/2023","1,468.00","1,468.00","1,468.00","1,468.00","","-3.99%"
"07/18/2023","1,529.00","1,529.00","1,529.00","1,529.00","","-5.27%"
"07/17/2023","1,614.00","1,614.00","1,614.00","1,614.00","","-2.48%"
"07/14/2023","1,655.00","1,655.00","1,655.00","1,655.00","","-2.13%"
"07/13/2023","1,691.00","1,691.00","1,691.00","1,691.00","","1.56%"
"07/12/2023","1,665.00","1,665.00","1,665.00","1,665.00","","7.42%"
"07/11/2023","1,550.00","1,550.00","1,550.00","1,550.00","","-0.32%"
"07/10/2023","1,555.00","1,555.00","1,555.00","1,555.00","","2.17%"
"07/07/2023","1,522.00","1,522.00","1,522.00","1,522.00","","2.91%"
"07/06/2023","1,479.00","1,479.00","1,479.00","1,479.00","","0.27%"
"07/05/2023","1,475.00","1,475.00","1,475.00","1,475.00","","-7.87%"
"07/04/2023","1,601.00","1,601.00","1,601.00","1,601.00","","-3.03%"
"07/03/2023","1,651.00","1,651.00","1,651.00","1,651.00","","-3.11%"
"06/30/2023","1,704.00","1,704.00","1,704.00","1,704.00","","-3.13%"
"06/29/2023","1,759.00","1,759.00","1,759.00","1,759.00","","-3.46%"
"06/28/2023","1,822.00","1,822.00","1,822.00","1,822.00","","-5.94%"
"06/27/2023","1,937.00","1,937.00","1,937.00","1,937.00","","-6.65%"
"06/26/2023","2,075.00","2,075.00","2,075.00","2,075.00","","-0.24%"
"06/23/2023","2,080.00","2,080.00","2,080.00","2,080.00","","4.47%"
"06/22/2023","1,991.00","1,991.00","1,991.00","1,991.00","","15.09%"
"06/21/2023","1,730.00","1,730.00","1,730.00","1,730.00","","12.34%"
"06/20/2023","1,540.00","1,540.00","1,540.00","1,540.00","","3.22%"
"06/19/2023","1,492.00","1,492.00","1,492.00","1,492.00","","-2.36%"
"06/16/2023","1,528.00","1,528.00","1,528.00","1,528.00","","-4.44%"
"06/15/2023","1,599.00","1,599.00","1,599.00","1,599.00","","1.20%"
"06/14/2023","1,580.00","1,580.00","1,580.00","1,580.00","","-0.44%"
"06/13/2023","1,587.00","1,587.00","1,587.00","1,587.00","","3.59%"
"06/12/2023","1,532.00","1,532.00","1,532.00","1,532.00","","1.19%"
"06/09/2023","1,514.00","1,514.00","1,514.00","1,514.00","","3.70%"
"06/08/2023","1,460.00","1,460.00","1,460.00","1,460.00","","5.26%"
"06/07/2023","1,387.00","1,387.00","1,387.00","1,387.00","","0.29%"
"06/06/2023","1,383.00","1,383.00","1,383.00","1,383.00","","17.40%"
"06/05/2023","1,178.00","1,178.00","1,178.00","1,178.00","","5.56%"
"06/02/2023","1,116.00","1,116.00","1,116.00","1,116.00","","-2.45%"
"06/01/2023","1,144.00","1,144.00","1,144.00","1,144.00","","-6.08%"
"05/31/2023","1,218.00","1,218.00","1,218.00","1,218.00","","-23.59%"
"05/30/2023","1,594.00","1,594.00","1,594.00","1,594.00","","-5.29%"
"05/26/2023","1,683.00","1,683.00","1,683.00","1,683.00","","-4.27%"
"05/25/2023","1,758.00","1,758.00","1,758.00","1,758.00","","-8.91%"
"05/24/2023","1,930.00","1,930.00","1,930.00","1,930.00","","-5.39%"
"05/23/2023","2,040.00","2,040.00","2,040.00","2,040.00","","-1.21%"
"05/22/2023","2,065.00","2,065.00","2,065.00","2,065.00","","-1.90%"
"05/19/2023","2,105.00","2,105.00","2,105.00","2,105.00","","-1.73%"
"05/18/2023","2,142.00","2,142.00","2,142.00","2,142.00","","-1.92%"
"05/17/2023","2,184.00","2,184.00","2,184.00","2,184.00","","-4.84%"
"05/16/2023","2,295.00","2,295.00","2,295.00","2,295.00","","-3.77%"
"05/15/2023","2,385.00","2,385.00","2,385.00","2,385.00","","-2.89%"
"05/12/2023","2,456.00","2,456.00","2,456.00","2,456.00","","-4.29%"
"05/11/2023","2,566.00","2,566.00","2,566.00","2,566.00","","-2.43%"
"05/10/2023","2,630.00","2,630.00","2,630.00","2,630.00","","4.82%"
"05/09/2023","2,509.00","2,509.00","2,509.00","2,509.00","","5.24%"
"05/05/2023","2,384.00","2,384.00","2,384.00","2,384.00","","2.54%"
"05/04/2023","2,325.00","2,325.00","2,325.00","2,325.00","","0.00%"
"05/03/2023","2,325.00","2,325.00","2,325.00","2,325.00","","2.51%"
"05/02/2023","2,268.00","2,268.00","2,268.00","2,268.00","","-1.43%"
"04/28/2023","2,301.00","2,301.00","2,301.00","2,301.00","","1.10%"
"04/27/2023","2,276.00","2,276.00","2,276.00","2,276.00","","8.38%"
"04/26/2023","2,100.00","2,100.00","2,100.00","2,100.00","","5.74%"
"04/25/2023","1,986.00","1,986.00","1,986.00","1,986.00","","-0.35%"
"04/24/2023","1,993.00","1,993.00","1,993.00","1,993.00","","1.58%"
"04/21/2023","1,962.00","1,962.00","1,962.00","1,962.00","","10.35%"
"04/20/2023","1,778.00","1,778.00","1,778.00","1,778.00","","8.22%"
"04/19/2023","1,643.00","1,643.00","1,643.00","1,643.00","","-2.09%"
"04/18/2023","1,678.00","1,678.00","1,678.00","1,678.00","","-6.83%"
"04/17/2023","1,801.00","1,801.00","1,801.00","1,801.00","","-2.65%"
"04/14/2023","1,850.00","1,850.00","1,850.00","1,850.00","","-2.01%"
"04/13/2023","1,888.00","1,888.00","1,888.00","1,888.00","","3.62%"
"04/12/2023","1,822.00","1,822.00","1,822.00","1,822.00","","-4.66%"
"04/11/2023","1,911.00","1,911.00","1,911.00","1,911.00","","-6.37%"
"04/06/2023","2,041.00","2,041.00","2,041.00","2,041.00","","4.29%"
"04/05/2023","1,957.00","1,957.00","1,957.00","1,957.00","","4.82%"
"04/04/2023","1,867.00","1,867.00","1,867.00","1,867.00","","8.36%"
"04/03/2023","1,723.00","1,723.00","1,723.00","1,723.00","","3.48%"
"03/31/2023","1,665.00","1,665.00","1,665.00","1,665.00","","-0.66%"
"03/30/2023","1,676.00","1,676.00","1,676.00","1,676.00","","0.84%"
"03/29/2023","1,662.00","1,662.00","1,662.00","1,662.00","","0.97%"
"03/28/2023","1,646.00","1,646.00","1,646.00","1,646.00","","-8.30%"
"03/27/2023","1,795.00","1,795.00","1,795.00","1,795.00","","-4.62%"
"03/24/2023","1,882.00","1,882.00","1,882.00","1,882.00","","1.40%"
"03/23/2023","1,856.00","1,856.00","1,856.00","1,856.00","","5.94%"
"03/22/2023","1,752.00","1,752.00","1,752.00","1,752.00","","-6.86%"
"03/21/2023","1,881.00","1,881.00","1,881.00","1,881.00","","-3.29%"
"03/20/2023","1,945.00","1,945.00","1,945.00","1,945.00","","1.67%"
"03/17/2023","1,913.00","1,913.00","1,913.00","1,913.00","","-3.19%"
"03/16/2023","1,976.00","1,976.00","1,976.00","1,976.00","","-6.08%"
"03/15/2023","2,104.00","2,104.00","2,104.00","2,104.00","","-0.28%"
"03/14/2023","2,110.00","2,110.00","2,110.00","2,110.00","","15.87%"
"03/13/2023","1,821.00","1,821.00","1,821.00","1,821.00","","4.42%"
"03/10/2023","1,744.00","1,744.00","1,744.00","1,744.00","","4.93%"
"03/09/2023","1,662.00","1,662.00","1,662.00","1,662.00","","7.23%"
"03/08/2023","1,550.00","1,550.00","1,550.00","1,550.00","","5.37%"
"03/07/2023","1,471.00","1,471.00","1,471.00","1,471.00","","10.68%"
"03/06/2023","1,329.00","1,329.00","1,329.00","1,329.00","","11.21%"
"03/03/2023","1,195.00","1,195.00","1,195.00","1,195.00","","19.50%"
"03/02/2023","1,000.00","1,000.00","1,000.00","1,000.00","","7.64%"
"03/01/2023","929.00","929.00","929.00","929.00","","27.43%"
"02/28/2023","729.00","729.00","729.00","729.00","","3.99%"
"02/27/2023","701.00","701.00","701.00","701.00","","10.22%"
"02/24/2023","636.00","636.00","636.00","636.00","","10.99%"
"02/23/2023","573.00","573.00","573.00","573.00","","46.92%"
"02/22/2023","390.00","390.00","390.00","390.00","","28.71%"
"02/21/2023","303.00","303.00","303.00","303.00","","6.69%"
"02/20/2023","284.00","284.00","284.00","284.00","","4.80%"
"02/17/2023","271.00","271.00","271.00","271.00","","-1.45%"
"02/16/2023","275.00","275.00","275.00","275.00","","-13.25%"
"02/15/2023","317.00","317.00","317.00","317.00","","-17.02%"
"02/14/2023","382.00","382.00","382.00","382.00","","-28.46%"
"02/13/2023","534.00","534.00","534.00","534.00","","9.88%"
"02/10/2023","486.00","486.00","486.00","486.00","","7.52%"
"02/09/2023","452.00","452.00","452.00","452.00","","-4.64%"
"02/08/2023","474.00","474.00","474.00","474.00","","7.00%"
"02/07/2023","443.00","443.00","443.00","443.00","","5.73%"
"02/06/2023","419.00","419.00","419.00","419.00","","-2.33%"
"02/03/2023","429.00","429.00","429.00","429.00","","-3.60%"
"02/02/2023","445.00","445.00","445.00","445.00","","-10.82%"
"02/01/2023","499.00","499.00","499.00","499.00","","-6.20%"
"01/31/2023","532.00","532.00","532.00","532.00","","-0.19%"
"01/30/2023","533.00","533.00","533.00","533.00","","-0.19%"
"01/27/2023","534.00","534.00","534.00","534.00","","-2.73%"
"01/26/2023","549.00","549.00","549.00","549.00","","-13.00%"
"01/25/2023","631.00","631.00","631.00","631.00","","-7.88%"
"01/24/2023","685.00","685.00","685.00","685.00","","-6.80%"
"01/23/2023","735.00","735.00","735.00","735.00","","-6.61%"
"01/20/2023","787.00","787.00","787.00","787.00","","-11.87%"
"01/19/2023","893.00","893.00","893.00","893.00","","-19.33%"
"01/18/2023","1,107.00","1,107.00","1,107.00","1,107.00","","-10.73%"
"01/17/2023","1,240.00","1,240.00","1,240.00","1,240.00","","-5.42%"
"01/16/2023","1,311.00","1,311.00","1,311.00","1,311.00","","0.92%"
"01/13/2023","1,299.00","1,299.00","1,299.00","1,299.00","","-3.71%"
"01/12/2023","1,349.00","1,349.00","1,349.00","1,349.00","","-8.23%"
"01/11/2023","1,470.00","1,470.00","1,470.00","1,470.00","","-4.30%"
"01/10/2023","1,536.00","1,536.00","1,536.00","1,536.00","","-3.76%"
"01/09/2023","1,596.00","1,596.00","1,596.00","1,596.00","","5.56%"
"01/06/2023","1,512.00","1,512.00","1,512.00","1,512.00","","0.53%"
"01/05/2023","1,504.00","1,504.00","1,504.00","1,504.00","","-0.79%"
"01/04/2023","1,516.00","1,516.00","1,516.00","1,516.00","","-7.28%"
"01/03/2023","1,635.00","1,635.00","1,635.00","1,635.00","","-27.69%"
"12/23/2022","2,261.00","2,261.00","2,261.00","2,261.00","","-13.90%"
"12/22/2022","2,626.00","2,626.00","2,626.00","2,626.00","","-6.11%"
"12/21/2022","2,797.00","2,797.00","2,797.00","2,797.00","","18.27%"
"12/20/2022","2,365.00","2,365.00","2,365.00","2,365.00","","8.19%"
"12/19/2022","2,186.00","2,186.00","2,186.00","2,186.00","","-1.00%"
"12/16/2022","2,208.00","2,208.00","2,208.00","2,208.00","","5.39%"
"12/15/2022","2,095.00","2,095.00","2,095.00","2,095.00","","21.59%"
"12/14/2022","1,723.00","1,723.00","1,723.00","1,723.00","","7.62%"
"12/13/2022","1,601.00","1,601.00","1,601.00","1,601.00","","-1.11%"
"12/12/2022","1,619.00","1,619.00","1,619.00","1,619.00","","-3.80%"
"12/09/2022","1,683.00","1,683.00","1,683.00","1,683.00","","0.48%"
"12/08/2022","1,675.00","0.00","0.00","0.00","","2.45%"
"12/07/2022","1,635.00","1,635.00","1,635.00","1,635.00","","6.17%"
"12/06/2022","1,540.00","1,540.00","1,540.00","1,540.00","","2.53%"
"12/05/2022","1,502.00","1,502.00","1,502.00","1,502.00","","-1.12%"
"12/02/2022","1,519.00","1,519.00","1,519.00","1,519.00","","-3.25%"
"12/01/2022","1,570.00","1,570.00","1,570.00","1,570.00","","-4.44%"
"11/30/2022","1,643.00","1,643.00","1,643.00","1,643.00","","3.40%"
"11/29/2022","1,589.00","1,589.00","1,589.00","1,589.00","","-4.79%"
"11/28/2022","1,669.00","1,669.00","1,669.00","1,669.00","","3.47%"
"11/25/2022","1,613.00","1,613.00","1,613.00","1,613.00","","16.55%"
"11/24/2022","1,384.00","1,384.00","1,384.00","1,384.00","","13.54%"
"11/23/2022","1,219.00","1,219.00","1,219.00","1,219.00","","11.63%"
"11/22/2022","1,092.00","1,092.00","1,092.00","1,092.00","","-3.28%"
"11/21/2022","1,129.00","1,129.00","1,129.00","1,129.00","","0.62%"
"11/18/2022","1,122.00","1,122.00","1,122.00","1,122.00","","-5.56%"
"11/17/2022","1,188.00","1,188.00","1,188.00","1,188.00","","-10.88%"
"11/16/2022","1,333.00","1,333.00","1,333.00","1,333.00","","-2.77%"
"11/15/2022","1,371.00","1,371.00","1,371.00","1,371.00","","-5.19%"
"11/14/2022","1,446.00","1,446.00","1,446.00","1,446.00","","-6.35%"
"11/11/2022","1,544.00","1,544.00","1,544.00","1,544.00","","-6.54%"
"11/10/2022","1,652.00","1,652.00","1,652.00","1,652.00","","0.92%"
"11/09/2022","1,637.00","1,637.00","1,637.00","1,637.00","","9.65%"
"11/08/2022","1,493.00","1,493.00","1,493.00","1,493.00","","6.34%"
"11/07/2022","1,404.00","1,404.00","1,404.00","1,404.00","","4.54%"
"11/04/2022","1,343.00","1,343.00","1,343.00","1,343.00","","9.63%"
"11/03/2022","1,225.00","1,225.00","1,225.00","1,225.00","","-4.74%"
"11/02/2022","1,286.00","1,286.00","1,286.00","1,286.00","","-7.35%"
"11/01/2022","1,388.00","1,388.00","1,388.00","1,388.00","","-10.97%"
"10/31/2022","1,559.00","1,559.00","1,559.00","1,559.00","","-6.65%"
"10/28/2022","1,670.00","1,670.00","1,670.00","1,670.00","","-4.46%"
"10/27/2022","1,748.00","1,748.00","1,748.00","1,748.00","","-7.27%"
"10/26/2022","1,885.00","1,885.00","1,885.00","1,885.00","","-3.58%"
"10/25/2022","1,955.00","1,955.00","1,955.00","1,955.00","","-3.98%"
"10/24/2022","2,036.00","2,036.00","2,036.00","2,036.00","","-1.69%"
"10/21/2022","2,071.00","2,071.00","2,071.00","2,071.00","","-1.89%"
"10/20/2022","2,111.00","2,111.00","2,111.00","2,111.00","","-4.44%"
"10/19/2022","2,209.00","2,209.00","2,209.00","2,209.00","","-1.69%"
"10/18/2022","2,247.00","2,247.00","2,247.00","2,247.00","","2.79%"
"10/17/2022","2,186.00","2,186.00","2,186.00","2,186.00","","0.92%"
"10/14/2022","2,166.00","2,166.00","2,166.00","2,166.00","","3.44%"
"10/13/2022","2,094.00","2,094.00","2,094.00","2,094.00","","-4.77%"
"10/12/2022","2,199.00","2,199.00","2,199.00","2,199.00","","-2.09%"
"10/11/2022","2,246.00","2,246.00","2,246.00","2,246.00","","-4.06%"
"10/10/2022","2,341.00","2,341.00","2,341.00","2,341.00","","-2.30%"
"10/07/2022","2,396.00","2,396.00","2,396.00","2,396.00","","-4.39%"
"10/06/2022","2,506.00","2,506.00","2,506.00","2,506.00","","-1.84%"
"10/05/2022","2,553.00","2,553.00","2,553.00","2,553.00","","13.77%"
"10/04/2022","2,244.00","2,244.00","2,244.00","2,244.00","","9.95%"
"10/03/2022","2,041.00","2,041.00","2,041.00","2,041.00","","4.40%"
"09/30/2022","1,955.00","1,955.00","1,955.00","1,955.00","","0.05%"
"09/29/2022","1,954.00","1,954.00","1,954.00","1,954.00","","-7.26%"
"09/28/2022","2,107.00","2,107.00","2,107.00","2,107.00","","-2.45%"
"09/27/2022","2,160.00","2,160.00","2,160.00","2,160.00","","-1.59%"
"09/26/2022","2,195.00","2,195.00","2,195.00","2,195.00","","-0.50%"
"09/23/2022","2,206.00","2,206.00","2,206.00","2,206.00","","14.36%"
"09/22/2022","1,929.00","1,929.00","1,929.00","1,929.00","","-4.55%"
"09/21/2022","2,021.00","2,021.00","2,021.00","2,021.00","","1.35%"
"09/20/2022","1,994.00","1,994.00","1,994.00","1,994.00","","31.27%"
"09/16/2022","1,519.00","1,519.00","1,519.00","1,519.00","","-7.21%"
"09/15/2022","1,637.00","1,637.00","1,637.00","1,637.00","","4.60%"
"09/14/2022","1,565.00","1,565.00","1,565.00","1,565.00","","45.04%"
"09/13/2022","1,079.00","1,079.00","1,079.00","1,079.00","","42.72%"
"09/12/2022","756.00","756.00","756.00","756.00","","12.50%"
"09/09/2022","672.00","672.00","672.00","672.00","","3.07%"
"09/08/2022","652.00","652.00","652.00","652.00","","-0.61%"
"09/07/2022","656.00","656.00","656.00","656.00","","-9.89%"
"09/06/2022","728.00","728.00","728.00","728.00","","-13.74%"
"09/05/2022","844.00","844.00","844.00","844.00","","15.14%"
"09/02/2022","733.00","733.00","733.00","733.00","","56.29%"
"09/01/2022","469.00","469.00","469.00","469.00","","55.30%"
"08/31/2022","302.00","302.00","302.00","302.00","","-10.39%"
"08/30/2022","337.00","337.00","337.00","337.00","","-18.00%"
"08/26/2022","411.00","411.00","411.00","411.00","","-13.29%"
"08/25/2022","474.00","474.00","474.00","474.00","","-30.29%"
"08/24/2022","680.00","680.00","680.00","680.00","","-14.68%"
"08/23/2022","797.00","797.00","797.00","797.00","","6.69%"
"08/22/2022","747.00","747.00","747.00","747.00","","-1.19%"
"08/19/2022","756.00","0.00","0.00","0.00","","-12.80%"
"08/18/2022","867.00","867.00","867.00","867.00","","-19.94%"
"08/17/2022","1,083.00","1,083.00","1,083.00","1,083.00","","2.27%"
"08/16/2022","1,059.00","1,059.00","1,059.00","1,059.00","","-3.55%"
"08/15/2022","1,098.00","1,098.00","1,098.00","1,098.00","","-16.44%"
"08/12/2022","1,314.00","1,314.00","1,314.00","1,314.00","","-14.56%"
"08/11/2022","1,538.00","1,538.00","1,538.00","1,538.00","","-5.18%"
"08/10/2022","1,622.00","1,622.00","1,622.00","1,622.00","","7.42%"
"08/09/2022","1,510.00","1,510.00","1,510.00","1,510.00","","3.07%"
"08/08/2022","1,465.00","1,465.00","1,465.00","1,465.00","","3.83%"
"08/05/2022","1,411.00","1,411.00","1,411.00","1,411.00","","-4.66%"
"08/04/2022","1,480.00","1,480.00","1,480.00","1,480.00","","-17.32%"
"08/03/2022","1,790.00","1,790.00","1,790.00","1,790.00","","-9.18%"
"08/02/2022","1,971.00","1,971.00","1,971.00","1,971.00","","-4.41%"
"08/01/2022","2,062.00","2,062.00","2,062.00","2,062.00","","-0.91%"
"07/29/2022","2,081.00","2,081.00","2,081.00","2,081.00","","-4.98%"
"07/28/2022","2,190.00","2,190.00","2,190.00","2,190.00","","-6.13%"
"07/27/2022","2,333.00","2,333.00","2,333.00","2,333.00","","-4.97%"
"07/26/2022","2,455.00","2,455.00","2,455.00","2,455.00","","-5.43%"
"07/25/2022","2,596.00","2,596.00","2,596.00","2,596.00","","-3.71%"
"07/22/2022","2,696.00","2,696.00","2,696.00","2,696.00","","1.62%"
"07/21/2022","2,653.00","2,653.00","2,653.00","2,653.00","","-2.43%"
"07/20/2022","2,719.00","2,719.00","2,719.00","2,719.00","","-6.21%"
"07/19/2022","2,899.00","2,899.00","2,899.00","2,899.00","","-2.29%"
"07/18/2022","2,967.00","2,967.00","2,967.00","2,967.00","","1.64%"
"07/15/2022","2,919.00","2,919.00","2,919.00","2,919.00","","18.80%"
"07/14/2022","2,457.00","2,457.00","2,457.00","2,457.00","","5.27%"
"07/13/2022","2,334.00","2,334.00","2,334.00","2,334.00","","3.78%"
"07/12/2022","2,249.00","2,249.00","2,249.00","2,249.00","","-4.90%"
"07/11/2022","2,365.00","2,365.00","2,365.00","2,365.00","","4.19%"
"07/08/2022","2,270.00","2,270.00","2,270.00","2,270.00","","2.95%"
"07/07/2022","2,205.00","2,205.00","2,205.00","2,205.00","","10.25%"
"07/06/2022","2,000.00","2,000.00","2,000.00","2,000.00","","-4.03%"
"07/05/2022","2,084.00","2,084.00","2,084.00","2,084.00","","-6.46%"
"07/04/2022","2,228.00","2,228.00","2,228.00","2,228.00","","-6.43%"
"07/01/2022","2,381.00","2,381.00","2,381.00","2,381.00","","-2.18%"
"06/30/2022","2,434.00","2,434.00","2,434.00","2,434.00","","10.64%"
"06/29/2022","2,200.00","2,200.00","2,200.00","2,200.00","","2.23%"
"06/28/2022","2,152.00","2,152.00","2,152.00","2,152.00","","-7.72%"
"06/27/2022","2,332.00","2,332.00","2,332.00","2,332.00","","-2.67%"
"06/24/2022","2,396.00","2,396.00","2,396.00","2,396.00","","-0.95%"
"06/23/2022","2,419.00","2,419.00","2,419.00","2,419.00","","3.24%"
"06/22/2022","2,343.00","2,343.00","2,343.00","2,343.00","","-13.54%"
"06/21/2022","2,710.00","2,710.00","2,710.00","2,710.00","","-10.59%"
"06/20/2022","3,031.00","3,031.00","3,031.00","3,031.00","","1.47%"
"06/17/2022","2,987.00","2,987.00","2,987.00","2,987.00","","10.55%"
"06/16/2022","2,702.00","2,702.00","2,702.00","2,702.00","","5.92%"
"06/15/2022","2,551.00","2,551.00","2,551.00","2,551.00","","10.53%"
"06/14/2022","2,308.00","2,308.00","2,308.00","2,308.00","","2.76%"
"06/13/2022","2,246.00","2,246.00","2,246.00","2,246.00","","-5.27%"
"06/10/2022","2,371.00","2,371.00","2,371.00","2,371.00","","0.08%"
"06/09/2022","2,369.00","2,369.00","2,369.00","2,369.00","","-3.58%"
"06/08/2022","2,457.00","2,457.00","2,457.00","2,457.00","","-7.91%"
"06/07/2022","2,668.00","2,668.00","2,668.00","2,668.00","","-3.23%"
"06/06/2022","2,757.00","2,757.00","2,757.00","2,757.00","","-5.81%"
"06/01/2022","2,927.00","2,927.00","2,927.00","2,927.00","","9.71%"
"05/31/2022","2,668.00","2,668.00","2,668.00","2,668.00","","2.85%"
"05/30/2022","2,594.00","2,594.00","2,594.00","2,594.00","","-7.95%"
"05/27/2022","2,818.00","2,818.00","2,818.00","2,818.00","","-18.98%"
"05/26/2022","3,478.00","3,478.00","3,478.00","3,478.00","","-12.77%"
"05/25/2022","3,987.00","3,987.00","3,987.00","3,987.00","","-7.02%"
"05/24/2022","4,288.00","4,288.00","4,288.00","4,288.00","","-6.82%"
"05/23/2022","4,602.00","4,602.00","4,602.00","4,602.00","","1.68%"
"05/20/2022","4,526.00","4,526.00","4,526.00","4,526.00","","3.22%"
"05/19/2022","4,385.00","4,385.00","4,385.00","4,385.00","","5.31%"
"05/18/2022","4,164.00","4,164.00","4,164.00","4,164.00","","5.42%"
"05/17/2022","3,950.00","3,950.00","3,950.00","3,950.00","","0.53%"
"05/16/2022","3,929.00","3,929.00","3,929.00","3,929.00","","-0.46%"
"05/13/2022","3,947.00","3,947.00","3,947.00","3,947.00","","-0.45%"
"05/12/2022","3,965.00","3,965.00","3,965.00","3,965.00","","5.56%"
"05/11/2022","3,756.00","3,756.00","3,756.00","3,756.00","","8.52%"
"05/10/2022","3,461.00","3,461.00","3,461.00","3,461.00","","8.67%"
"05/09/2022","3,185.00","3,185.00","3,185.00","3,185.00","","10.06%"
"05/06/2022","2,894.00","2,894.00","2,894.00","2,894.00","","6.36%"
"05/05/2022","2,721.00","2,721.00","2,721.00","2,721.00","","17.34%"
"05/04/2022","2,319.00","2,319.00","2,319.00","2,319.00","","8.01%"
"05/03/2022","2,147.00","2,147.00","2,147.00","2,147.00","","0.51%"
"04/29/2022","2,136.00","2,136.00","2,136.00","2,136.00","","-0.60%"
"04/28/2022","2,149.00","2,149.00","2,149.00","2,149.00","","-3.46%"
"04/27/2022","2,226.00","2,226.00","2,226.00","2,226.00","","2.63%"
"04/26/2022","2,169.00","2,169.00","2,169.00","2,169.00","","8.29%"
"04/25/2022","2,003.00","2,003.00","2,003.00","2,003.00","","8.56%"
"04/22/2022","1,845.00","1,845.00","1,845.00","1,845.00","","12.78%"
"04/21/2022","1,636.00","1,636.00","1,636.00","1,636.00","","20.03%"
"04/20/2022","1,363.00","1,363.00","1,363.00","1,363.00","","1.56%"
"04/19/2022","1,342.00","1,342.00","1,342.00","1,342.00","","-9.39%"
"04/14/2022","1,481.00","1,481.00","1,481.00","1,481.00","","8.02%"
"04/13/2022","1,371.00","1,371.00","1,371.00","1,371.00","","0.22%"
"04/12/2022","1,368.00","1,368.00","1,368.00","1,368.00","","-1.94%"
"04/11/2022","1,395.00","1,395.00","1,395.00","1,395.00","","-3.39%"
"04/08/2022","1,444.00","1,444.00","1,444.00","1,444.00","","1.91%"
"04/07/2022","1,417.00","1,417.00","1,417.00","1,417.00","","-4.90%"
"04/06/2022","1,490.00","1,490.00","1,490.00","1,490.00","","-8.25%"
"04/05/2022","1,624.00","1,624.00","1,624.00","1,624.00","","-9.58%"
"04/04/2022","1,796.00","1,796.00","1,796.00","1,796.00","","-3.65%"
"04/01/2022","1,864.00","1,864.00","1,864.00","1,864.00","","5.91%"
"03/31/2022","1,760.00","1,760.00","1,760.00","1,760.00","","6.93%"
"03/30/2022","1,646.00","1,646.00","1,646.00","1,646.00","","0.43%"
"03/29/2022","1,639.00","1,639.00","1,639.00","1,639.00","","-5.48%"
"03/28/2022","1,734.00","1,734.00","1,734.00","1,734.00","","-8.11%"
"03/25/2022","1,887.00","1,887.00","1,887.00","1,887.00","","-4.16%"
"03/24/2022","1,969.00","1,969.00","1,969.00","1,969.00","","-6.24%"
"03/23/2022","2,100.00","2,100.00","2,100.00","2,100.00","","-3.45%"
"03/22/2022","2,175.00","2,175.00","2,175.00","2,175.00","","-11.94%"
"03/21/2022","2,470.00","2,470.00","2,470.00","2,470.00","","-5.18%"
"03/18/2022","2,605.00","2,605.00","2,605.00","2,605.00","","0.04%"
"03/17/2022","2,604.00","2,604.00","2,604.00","2,604.00","","-1.06%"
"03/16/2022","2,632.00","2,632.00","2,632.00","2,632.00","","-6.77%"
"03/15/2022","2,823.00","2,823.00","2,823.00","2,823.00","","1.33%"
"03/14/2022","2,786.00","2,786.00","2,786.00","2,786.00","","4.11%"
"03/11/2022","2,676.00","2,676.00","2,676.00","2,676.00","","2.41%"
"03/10/2022","2,613.00","2,613.00","2,613.00","2,613.00","","14.50%"
"03/09/2022","2,282.00","2,282.00","2,282.00","2,282.00","","20.36%"
"03/08/2022","1,896.00","1,896.00","1,896.00","1,896.00","","8.40%"
"03/07/2022","1,749.00","1,749.00","1,749.00","1,749.00","","6.97%"
"03/04/2022","1,635.00","1,635.00","1,635.00","1,635.00","","-0.24%"
"03/03/2022","1,639.00","1,639.00","1,639.00","1,639.00","","-10.92%"
"03/02/2022","1,840.00","1,840.00","1,840.00","1,840.00","","8.88%"
"03/01/2022","1,690.00","1,690.00","1,690.00","1,690.00","","4.51%"
"02/28/2022","1,617.00","1,617.00","1,617.00","1,617.00","","-4.38%"
"02/25/2022","1,691.00","1,691.00","1,691.00","1,691.00","","-15.45%"
"02/24/2022","2,000.00","2,000.00","2,000.00","2,000.00","","-8.76%"
"02/23/2022","2,192.00","2,192.00","2,192.00","2,192.00","","8.78%"
"02/22/2022","2,015.00","2,015.00","2,015.00","2,015.00","","8.98%"
"02/21/2022","1,849.00","1,849.00","1,849.00","1,849.00","","10.39%"
"02/18/2022","1,675.00","1,675.00","1,675.00","1,675.00","","15.76%"
"02/17/2022","1,447.00","1,447.00","1,447.00","1,447.00","","-1.96%"
"02/16/2022","1,476.00","1,476.00","1,476.00","1,476.00","","-13.84%"
"02/15/2022","1,713.00","1,713.00","1,713.00","1,713.00","","-4.57%"
"02/14/2022","1,795.00","1,795.00","1,795.00","1,795.00","","-3.34%"
"02/11/2022","1,857.00","1,857.00","1,857.00","1,857.00","","-2.47%"
"02/10/2022","1,904.00","1,904.00","1,904.00","1,904.00","","26.68%"
"02/09/2022","1,503.00","1,503.00","1,503.00","1,503.00","","25.04%"
"02/08/2022","1,202.00","1,202.00","1,202.00","1,202.00","","4.70%"
"02/07/2022","1,148.00","1,148.00","1,148.00","1,148.00","","-7.57%"
"02/04/2022","1,242.00","1,242.00","1,242.00","1,242.00","","-3.80%"
"02/03/2022","1,291.00","1,291.00","1,291.00","1,291.00","","0.86%"
"02/02/2022","1,280.00","1,280.00","1,280.00","1,280.00","","-1.31%"
"02/01/2022","1,297.00","1,297.00","1,297.00","1,297.00","","7.37%"
"01/31/2022","1,208.00","1,208.00","1,208.00","1,208.00","","12.37%"
"01/28/2022","1,075.00","1,075.00","1,075.00","1,075.00","","31.42%"
"01/27/2022","818.00","818.00","818.00","818.00","","16.52%"
"01/26/2022","702.00","702.00","702.00","702.00","","-5.77%"
"01/25/2022","745.00","745.00","745.00","745.00","","-10.89%"
"01/24/2022","836.00","836.00","836.00","836.00","","-6.17%"
"01/21/2022","891.00","891.00","891.00","891.00","","-13.58%"
"01/20/2022","1,031.00","1,031.00","1,031.00","1,031.00","","-15.91%"
"01/19/2022","1,226.00","1,226.00","1,226.00","1,226.00","","-6.84%"
"01/18/2022","1,316.00","1,316.00","1,316.00","1,316.00","","-10.48%"
"01/17/2022","1,470.00","1,470.00","1,470.00","1,470.00","","-1.74%"
"01/14/2022","1,496.00","1,496.00","1,496.00","1,496.00","","-14.32%"
"01/13/2022","1,746.00","1,746.00","1,746.00","1,746.00","","-16.74%"
"01/12/2022","2,097.00","2,097.00","2,097.00","2,097.00","","-9.81%"
"01/11/2022","2,325.00","2,325.00","2,325.00","2,325.00","","-8.97%"
"01/10/2022","2,554.00","2,554.00","2,554.00","2,554.00","","5.02%"
"01/07/2022","2,432.00","2,432.00","2,432.00","2,432.00","","3.23%"
"01/06/2022","2,356.00","2,356.00","2,356.00","2,356.00","","2.39%"
"01/05/2022","2,301.00","2,301.00","2,301.00","2,301.00","","-2.09%"
"01/04/2022","2,350.00","2,350.00","2,350.00","2,350.00","","1.64%"
"12/24/2021","2,312.00","2,312.00","2,312.00","2,312.00","","-1.66%"
"12/23/2021","2,351.00","2,351.00","2,351.00","2,351.00","","-4.24%"
"12/22/2021","2,455.00","2,455.00","2,455.00","2,455.00","","-7.81%"
"12/21/2021","2,663.00","2,663.00","2,663.00","2,663.00","","-5.13%"
"12/20/2021","2,807.00","2,807.00","2,807.00","2,807.00","","2.93%"
"12/17/2021","2,727.00","2,727.00","2,727.00","2,727.00","","-5.77%"
"12/16/2021","2,894.00","2,894.00","2,894.00","2,894.00","","-11.55%"
"12/15/2021","3,272.00","3,272.00","3,272.00","3,272.00","","-17.37%"
"12/14/2021","3,960.00","3,960.00","3,960.00","3,960.00","","-16.07%"
"12/13/2021","4,718.00","4,718.00","4,718.00","4,718.00","","-2.26%"
"12/10/2021","4,827.00","4,827.00","4,827.00","4,827.00","","-3.25%"
"12/09/2021","4,989.00","4,989.00","4,989.00","4,989.00","","-3.85%"
"12/08/2021","5,189.00","5,189.00","5,189.00","5,189.00","","4.13%"
"12/07/2021","4,983.00","4,983.00","4,983.00","4,983.00","","6.04%"
"12/06/2021","4,699.00","4,699.00","4,699.00","4,699.00","","2.29%"
"12/03/2021","4,594.00","4,594.00","4,594.00","4,594.00","","1.32%"
"12/02/2021","4,534.00","4,534.00","4,534.00","4,534.00","","1.57%"
"12/01/2021","4,464.00","4,464.00","4,464.00","4,464.00","","-0.42%"
"11/30/2021","4,483.00","4,483.00","4,483.00","4,483.00","","8.21%"
"11/29/2021","4,143.00","4,143.00","4,143.00","4,143.00","","6.07%"
"11/26/2021","3,906.00","3,906.00","3,906.00","3,906.00","","3.44%"
"11/25/2021","3,776.00","3,776.00","3,776.00","3,776.00","","-1.20%"
"11/24/2021","3,822.00","3,822.00","3,822.00","3,822.00","","-5.75%"
"11/23/2021","4,055.00","4,055.00","4,055.00","4,055.00","","4.40%"
"11/22/2021","3,884.00","3,884.00","3,884.00","3,884.00","","7.59%"
"11/19/2021","3,610.00","3,610.00","3,610.00","3,610.00","","10.74%"
"11/18/2021","3,260.00","3,260.00","3,260.00","3,260.00","","6.40%"
"11/17/2021","3,064.00","3,064.00","3,064.00","3,064.00","","-9.43%"
"11/16/2021","3,383.00","3,383.00","3,383.00","3,383.00","","-9.83%"
"11/15/2021","3,752.00","3,752.00","3,752.00","3,752.00","","-2.19%"
"11/12/2021","3,836.00","3,836.00","3,836.00","3,836.00","","-0.93%"
"11/11/2021","3,872.00","3,872.00","3,872.00","3,872.00","","0.05%"
"11/10/2021","3,870.00","3,870.00","3,870.00","3,870.00","","5.31%"
"11/09/2021","3,675.00","3,675.00","3,675.00","3,675.00","","8.79%"
"11/08/2021","3,378.00","3,378.00","3,378.00","3,378.00","","2.99%"
"11/05/2021","3,280.00","3,280.00","3,280.00","3,280.00","","1.83%"
"11/04/2021","3,221.00","3,221.00","3,221.00","3,221.00","","-1.65%"
"11/03/2021","3,275.00","3,275.00","3,275.00","3,275.00","","-12.34%"
"11/02/2021","3,736.00","3,736.00","3,736.00","3,736.00","","-11.09%"
"11/01/2021","4,202.00","4,202.00","4,202.00","4,202.00","","-3.38%"
"10/29/2021","4,349.00","4,349.00","4,349.00","4,349.00","","-4.25%"
"10/28/2021","4,542.00","4,542.00","4,542.00","4,542.00","","-5.92%"
"10/27/2021","4,828.00","4,828.00","4,828.00","4,828.00","","-8.97%"
"10/26/2021","5,304.00","5,304.00","5,304.00","5,304.00","","-8.27%"
"10/25/2021","5,782.00","5,782.00","5,782.00","5,782.00","","-6.82%"
"10/22/2021","6,205.00","6,205.00","6,205.00","6,205.00","","-10.31%"
"10/21/2021","6,918.00","6,918.00","6,918.00","6,918.00","","-4.91%"
"10/20/2021","7,275.00","7,275.00","7,275.00","7,275.00","","0.64%"
"10/19/2021","7,229.00","7,229.00","7,229.00","7,229.00","","-1.75%"
"10/18/2021","7,358.00","7,358.00","7,358.00","7,358.00","","-5.27%"
"10/15/2021","7,767.00","7,767.00","7,767.00","7,767.00","","-8.21%"
"10/14/2021","8,462.00","8,462.00","8,462.00","8,462.00","","-5.85%"
"10/13/2021","8,988.00","8,988.00","8,988.00","8,988.00","","-6.28%"
"10/12/2021","9,590.00","9,590.00","9,590.00","9,590.00","","-3.86%"
"10/11/2021","9,975.00","9,975.00","9,975.00","9,975.00","","-1.35%"
"10/08/2021","10,112.00","10,112.00","10,112.00","10,112.00","","-3.56%"
"10/07/2021","10,485.00","10,485.00","10,485.00","10,485.00","","0.10%"
"10/06/2021","10,475.00","10,475.00","10,475.00","10,475.00","","7.41%"
"10/05/2021","9,752.00","9,752.00","9,752.00","9,752.00","","4.98%"
"10/04/2021","9,289.00","9,289.00","9,289.00","9,289.00","","2.46%"
"10/01/2021","9,066.00","9,066.00","9,066.00","9,066.00","","1.36%"
"09/30/2021","8,944.00","8,944.00","8,944.00","8,944.00","","-0.82%"
"09/29/2021","9,018.00","9,018.00","9,018.00","9,018.00","","8.36%"
"09/28/2021","8,322.00","8,322.00","8,322.00","8,322.00","","9.50%"
"09/27/2021","7,600.00","7,600.00","7,600.00","7,600.00","","2.80%"
"09/24/2021","7,393.00","7,393.00","7,393.00","7,393.00","","-0.61%"
"09/23/2021","7,438.00","7,438.00","7,438.00","7,438.00","","3.31%"
"09/22/2021","7,200.00","7,200.00","7,200.00","7,200.00","","6.12%"
"09/21/2021","6,785.00","6,785.00","6,785.00","6,785.00","","4.59%"
"09/20/2021","6,487.00","6,487.00","6,487.00","6,487.00","","1.04%"
"09/17/2021","6,420.00","6,420.00","6,420.00","6,420.00","","1.84%"
"09/16/2021","6,304.00","6,304.00","6,304.00","6,304.00","","-2.07%"
"09/15/2021","6,437.00","6,437.00","6,437.00","6,437.00","","-0.57%"
"09/14/2021","6,474.00","6,474.00","6,474.00","6,474.00","","1.47%"
"09/13/2021","6,380.00","6,380.00","6,380.00","6,380.00","","14.60%"
"09/10/2021","5,567.00","5,567.00","5,567.00","5,567.00","","12.19%"
"09/09/2021","4,962.00","4,962.00","4,962.00","4,962.00","","1.56%"
"09/08/2021","4,886.00","4,886.00","4,886.00","4,886.00","","-4.03%"
"09/07/2021","5,091.00","5,091.00","5,091.00","5,091.00","","-5.05%"
"09/06/2021","5,362.00","5,362.00","5,362.00","5,362.00","","-4.68%"
"09/03/2021","5,625.00","5,625.00","5,625.00","5,625.00","","-1.59%"
"09/02/2021","5,716.00","5,716.00","5,716.00","5,716.00","","0.88%"
"09/01/2021","5,666.00","5,666.00","5,666.00","5,666.00","","-4.27%"
"08/31/2021","5,919.00","5,919.00","5,919.00","5,919.00","","-3.94%"
"08/27/2021","6,162.00","6,162.00","6,162.00","6,162.00","","1.97%"
"08/26/2021","6,043.00","6,043.00","6,043.00","6,043.00","","-1.08%"
"08/25/2021","6,109.00","6,109.00","6,109.00","6,109.00","","-1.56%"
"08/24/2021","6,206.00","6,206.00","6,206.00","6,206.00","","1.50%"
"08/23/2021","6,114.00","6,114.00","6,114.00","6,114.00","","1.95%"
"08/20/2021","5,997.00","5,997.00","5,997.00","5,997.00","","5.01%"
"08/19/2021","5,711.00","5,711.00","5,711.00","5,711.00","","6.45%"
"08/18/2021","5,365.00","5,365.00","5,365.00","5,365.00","","8.38%"
"08/17/2021","4,950.00","4,950.00","4,950.00","4,950.00","","2.02%"
"08/16/2021","4,852.00","4,852.00","4,852.00","4,852.00","","1.80%"
"08/13/2021","4,766.00","4,766.00","4,766.00","4,766.00","","3.43%"
"08/12/2021","4,608.00","4,608.00","4,608.00","4,608.00","","5.11%"
"08/11/2021","4,384.00","4,384.00","4,384.00","4,384.00","","1.29%"
"08/10/2021","4,328.00","4,328.00","4,328.00","4,328.00","","-0.32%"
"08/09/2021","4,342.00","4,342.00","4,342.00","4,342.00","","-0.39%"
"08/06/2021","4,359.00","4,359.00","4,359.00","4,359.00","","-1.25%"
"08/05/2021","4,414.00","4,414.00","4,414.00","4,414.00","","2.60%"
"08/04/2021","4,302.00","4,302.00","4,302.00","4,302.00","","1.32%"
"08/03/2021","4,246.00","4,246.00","4,246.00","4,246.00","","-0.61%"
"08/02/2021","4,272.00","4,272.00","4,272.00","4,272.00","","-0.79%"
"07/30/2021","4,306.00","4,306.00","4,306.00","4,306.00","","6.16%"
"07/29/2021","4,056.00","4,056.00","4,056.00","4,056.00","","5.60%"
"07/28/2021","3,841.00","3,841.00","3,841.00","3,841.00","","-0.08%"
"07/27/2021","3,844.00","3,844.00","3,844.00","3,844.00","","-2.68%"
"07/26/2021","3,950.00","3,950.00","3,950.00","3,950.00","","0.89%"
"07/23/2021","3,915.00","3,915.00","3,915.00","3,915.00","","7.88%"
"07/22/2021","3,629.00","3,629.00","3,629.00","3,629.00","","3.30%"
"07/21/2021","3,513.00","3,513.00","3,513.00","3,513.00","","0.23%"
"07/20/2021","3,505.00","3,505.00","3,505.00","3,505.00","","-0.26%"
"07/19/2021","3,514.00","3,514.00","3,514.00","3,514.00","","2.09%"
"07/16/2021","3,442.00","3,442.00","3,442.00","3,442.00","","-0.52%"
"07/15/2021","3,460.00","3,460.00","3,460.00","3,460.00","","-1.48%"
"07/14/2021","3,512.00","3,512.00","3,512.00","3,512.00","","-3.78%"
"07/13/2021","3,650.00","3,650.00","3,650.00","3,650.00","","-3.18%"
"07/12/2021","3,770.00","3,770.00","3,770.00","3,770.00","","0.94%"
"07/09/2021","3,735.00","3,735.00","3,735.00","3,735.00","","2.36%"
"07/08/2021","3,649.00","3,649.00","3,649.00","3,649.00","","4.29%"
"07/07/2021","3,499.00","3,499.00","3,499.00","3,499.00","","6.26%"
"07/06/2021","3,293.00","3,293.00","3,293.00","3,293.00","","-1.67%"
"07/05/2021","3,349.00","3,349.00","3,349.00","3,349.00","","-4.59%"
"07/02/2021","3,510.00","3,510.00","3,510.00","3,510.00","","-4.88%"
"07/01/2021","3,690.00","3,690.00","3,690.00","3,690.00","","-6.13%"
"06/30/2021","3,931.00","3,931.00","3,931.00","3,931.00","","-4.96%"
"06/29/2021","4,136.00","4,136.00","4,136.00","4,136.00","","2.86%"
"06/28/2021","4,021.00","4,021.00","4,021.00","4,021.00","","0.85%"
"06/25/2021","3,987.00","3,987.00","3,987.00","3,987.00","","3.26%"
"06/24/2021","3,861.00","3,861.00","3,861.00","3,861.00","","-0.18%"
"06/23/2021","3,868.00","3,868.00","3,868.00","3,868.00","","2.25%"
"06/22/2021","3,783.00","3,783.00","3,783.00","3,783.00","","-4.30%"
"06/21/2021","3,953.00","3,953.00","3,953.00","3,953.00","","-1.89%"
"06/18/2021","4,029.00","4,029.00","4,029.00","4,029.00","","-4.34%"
"06/17/2021","4,212.00","4,212.00","4,212.00","4,212.00","","5.04%"
"06/16/2021","4,010.00","4,010.00","4,010.00","4,010.00","","8.53%"
"06/15/2021","3,695.00","3,695.00","3,695.00","3,695.00","","4.29%"
"06/14/2021","3,543.00","3,543.00","3,543.00","3,543.00","","5.89%"
"06/11/2021","3,346.00","3,346.00","3,346.00","3,346.00","","15.42%"
"06/10/2021","2,899.00","2,899.00","2,899.00","2,899.00","","16.52%"
"06/09/2021","2,488.00","2,488.00","2,488.00","2,488.00","","3.97%"
"06/08/2021","2,393.00","2,393.00","2,393.00","2,393.00","","-3.00%"
"06/07/2021","2,467.00","2,467.00","2,467.00","2,467.00","","-2.26%"
"06/04/2021","2,524.00","2,524.00","2,524.00","2,524.00","","-5.29%"
"06/03/2021","2,665.00","2,665.00","2,665.00","2,665.00","","-6.88%"
"06/02/2021","2,862.00","2,862.00","2,862.00","2,862.00","","-5.17%"
"06/01/2021","3,018.00","3,018.00","3,018.00","3,018.00","","-2.30%"
"05/28/2021","3,089.00","3,089.00","3,089.00","3,089.00","","-8.28%"
"05/27/2021","3,368.00","3,368.00","3,368.00","3,368.00","","-5.71%"
"05/26/2021","3,572.00","3,572.00","3,572.00","3,572.00","","-4.62%"
"05/25/2021","3,745.00","3,745.00","3,745.00","3,745.00","","-5.38%"
"05/24/2021","3,958.00","3,958.00","3,958.00","3,958.00","","0.71%"
"05/21/2021","3,930.00","3,930.00","3,930.00","3,930.00","","3.04%"
"05/20/2021","3,814.00","3,814.00","3,814.00","3,814.00","","0.77%"
"05/19/2021","3,785.00","3,785.00","3,785.00","3,785.00","","-0.13%"
"05/18/2021","3,790.00","3,790.00","3,790.00","3,790.00","","-3.88%"
"05/17/2021","3,943.00","3,943.00","3,943.00","3,943.00","","-5.33%"
"05/14/2021","4,165.00","4,165.00","4,165.00","4,165.00","","-8.44%"
"05/13/2021","4,549.00","4,549.00","4,549.00","4,549.00","","-3.40%"
"05/12/2021","4,709.00","4,709.00","4,709.00","4,709.00","","-7.08%"
"05/11/2021","5,068.00","5,068.00","5,068.00","5,068.00","","-0.80%"
"05/10/2021","5,109.00","5,109.00","5,109.00","5,109.00","","2.06%"
"05/07/2021","5,006.00","5,006.00","5,006.00","5,006.00","","-3.12%"
"05/06/2021","5,167.00","5,167.00","5,167.00","5,167.00","","-4.39%"
"05/05/2021","5,404.00","5,404.00","5,404.00","5,404.00","","4.32%"
"05/04/2021","5,180.00","5,180.00","5,180.00","5,180.00","","5.80%"
"04/30/2021","4,896.00","4,896.00","4,896.00","4,896.00","","2.56%"
"04/29/2021","4,774.00","4,774.00","4,774.00","4,774.00","","2.01%"
"04/28/2021","4,680.00","4,680.00","4,680.00","4,680.00","","3.63%"
"04/27/2021","4,516.00","4,516.00","4,516.00","4,516.00","","5.96%"
"04/26/2021","4,262.00","4,262.00","4,262.00","4,262.00","","1.67%"
"04/23/2021","4,192.00","4,192.00","4,192.00","4,192.00","","2.82%"
"04/22/2021","4,077.00","4,077.00","4,077.00","4,077.00","","1.57%"
"04/21/2021","4,014.00","4,014.00","4,014.00","4,014.00","","16.18%"
"04/20/2021","3,455.00","3,455.00","3,455.00","3,455.00","","-0.60%"
"04/19/2021","3,476.00","3,476.00","3,476.00","3,476.00","","1.08%"
"04/16/2021","3,439.00","3,439.00","3,439.00","3,439.00","","1.66%"
"04/15/2021","3,383.00","3,383.00","3,383.00","3,383.00","","7.36%"
"04/14/2021","3,151.00","3,151.00","3,151.00","3,151.00","","0.29%"
"04/13/2021","3,142.00","3,142.00","3,142.00","3,142.00","","0.32%"
"04/12/2021","3,132.00","3,132.00","3,132.00","3,132.00","","8.64%"
"04/09/2021","2,883.00","2,883.00","2,883.00","2,883.00","","4.53%"
"04/08/2021","2,758.00","2,758.00","2,758.00","2,758.00","","1.81%"
"04/07/2021","2,709.00","2,709.00","2,709.00","2,709.00","","7.16%"
"04/06/2021","2,528.00","2,528.00","2,528.00","2,528.00","","5.60%"
"04/01/2021","2,394.00","2,394.00","2,394.00","2,394.00","","8.33%"
"03/31/2021","2,210.00","2,210.00","2,210.00","2,210.00","","-0.32%"
"03/30/2021","2,217.00","2,217.00","2,217.00","2,217.00","","-3.15%"
"03/29/2021","2,289.00","2,289.00","2,289.00","2,289.00","","-0.17%"
"03/26/2021","2,293.00","2,293.00","2,293.00","2,293.00","","2.83%"
"03/25/2021","2,230.00","2,230.00","2,230.00","2,230.00","","0.68%"
"03/24/2021","2,215.00","2,215.00","2,215.00","2,215.00","","-3.90%"
"03/23/2021","2,305.00","2,305.00","2,305.00","2,305.00","","-3.23%"
"03/22/2021","2,382.00","2,382.00","2,382.00","2,382.00","","1.62%"
"03/19/2021","2,344.00","2,344.00","2,344.00","2,344.00","","2.99%"
"03/18/2021","2,276.00","2,276.00","2,276.00","2,276.00","","5.27%"
"03/17/2021","2,162.00","2,162.00","2,162.00","2,162.00","","3.79%"
"03/16/2021","2,083.00","2,083.00","2,083.00","2,083.00","","1.31%"
"03/15/2021","2,056.00","2,056.00","2,056.00","2,056.00","","1.83%"
"03/12/2021","2,019.00","2,019.00","2,019.00","2,019.00","","-3.49%"
"03/11/2021","2,092.00","2,092.00","2,092.00","2,092.00","","-3.01%"
"03/10/2021","2,157.00","2,157.00","2,157.00","2,157.00","","10.62%"
"03/09/2021","1,950.00","1,950.00","1,950.00","1,950.00","","6.85%"
"03/08/2021","1,825.00","1,825.00","1,825.00","1,825.00","","2.30%"
"03/05/2021","1,784.00","1,784.00","1,784.00","1,784.00","","6.63%"
"03/04/2021","1,673.00","1,673.00","1,673.00","1,673.00","","-0.24%"
"03/03/2021","1,677.00","1,677.00","1,677.00","1,677.00","","14.47%"
"03/02/2021","1,465.00","1,465.00","1,465.00","1,465.00","","4.05%"
"03/01/2021","1,408.00","1,408.00","1,408.00","1,408.00","","-2.15%"
"02/26/2021","1,439.00","1,439.00","1,439.00","1,439.00","","-2.18%"
"02/25/2021","1,471.00","1,471.00","1,471.00","1,471.00","","-0.94%"
"02/24/2021","1,485.00","1,485.00","1,485.00","1,485.00","","-6.84%"
"02/23/2021","1,594.00","1,594.00","1,594.00","1,594.00","","-4.72%"
"02/22/2021","1,673.00","1,673.00","1,673.00","1,673.00","","-2.45%"
"02/19/2021","1,715.00","1,715.00","1,715.00","1,715.00","","-9.36%"
"02/18/2021","1,892.00","1,892.00","1,892.00","1,892.00","","-1.05%"
"02/17/2021","1,912.00","1,912.00","1,912.00","1,912.00","","28.75%"
"02/16/2021","1,485.00","1,485.00","1,485.00","1,485.00","","17.76%"
"02/15/2021","1,261.00","1,261.00","1,261.00","1,261.00","","1.53%"
"02/12/2021","1,242.00","1,242.00","1,242.00","1,242.00","","-0.08%"
"02/11/2021","1,243.00","1,243.00","1,243.00","1,243.00","","-4.09%"
"02/10/2021","1,296.00","1,296.00","1,296.00","1,296.00","","-5.40%"
"02/09/2021","1,370.00","1,370.00","1,370.00","1,370.00","","-5.78%"
"02/08/2021","1,454.00","1,454.00","1,454.00","1,454.00","","-4.78%"
"02/05/2021","1,527.00","1,527.00","1,527.00","1,527.00","","-0.84%"
"02/04/2021","1,540.00","1,540.00","1,540.00","1,540.00","","-0.26%"
"02/03/2021","1,544.00","1,544.00","1,544.00","1,544.00","","-8.85%"
"02/02/2021","1,694.00","1,694.00","1,694.00","1,694.00","","-9.46%"
"02/01/2021","1,871.00","1,871.00","1,871.00","1,871.00","","-1.01%"
"01/29/2021","1,890.00","1,890.00","1,890.00","1,890.00","","-2.83%"
"01/28/2021","1,945.00","1,945.00","1,945.00","1,945.00","","-9.32%"
"01/27/2021","2,145.00","2,145.00","2,145.00","2,145.00","","-14.10%"
"01/26/2021","2,497.00","2,497.00","2,497.00","2,497.00","","-11.36%"
"01/25/2021","2,817.00","2,817.00","2,817.00","2,817.00","","-5.15%"
"01/22/2021","2,970.00","2,970.00","2,970.00","2,970.00","","-3.48%"
"01/21/2021","3,077.00","3,077.00","3,077.00","3,077.00","","-0.16%"
"01/20/2021","3,082.00","3,082.00","3,082.00","3,082.00","","5.84%"
"01/19/2021","2,912.00","2,912.00","2,912.00","2,912.00","","2.57%"
"01/18/2021","2,839.00","2,839.00","2,839.00","2,839.00","","-1.87%"
"01/15/2021","2,893.00","2,893.00","2,893.00","2,893.00","","-3.95%"
"01/14/2021","3,012.00","3,012.00","3,012.00","3,012.00","","-5.70%"
"01/13/2021","3,194.00","3,194.00","3,194.00","3,194.00","","0.25%"
"01/12/2021","3,186.00","3,186.00","3,186.00","3,186.00","","7.82%"
"01/11/2021","2,955.00","2,955.00","2,955.00","2,955.00","","15.97%"
"01/08/2021","2,548.00","2,548.00","2,548.00","2,548.00","","20.08%"
"01/07/2021","2,122.00","2,122.00","2,122.00","2,122.00","","1.68%"
"01/06/2021","2,087.00","2,087.00","2,087.00","2,087.00","","-0.57%"
"01/05/2021","2,099.00","2,099.00","2,099.00","2,099.00","","4.53%"
"01/04/2021","2,008.00","2,008.00","2,008.00","2,008.00","","0.10%"
"12/24/2020","2,006.00","2,006.00","2,006.00","2,006.00","","1.36%"
"12/23/2020","1,979.00","1,979.00","1,979.00","1,979.00","","6.11%"
"12/22/2020","1,865.00","1,865.00","1,865.00","1,865.00","","2.53%"
"12/21/2020","1,819.00","1,819.00","1,819.00","1,819.00","","0.94%"
"12/18/2020","1,802.00","1,802.00","1,802.00","1,802.00","","5.69%"
"12/17/2020","1,705.00","1,705.00","1,705.00","1,705.00","","2.28%"
"12/16/2020","1,667.00","1,667.00","1,667.00","1,667.00","","5.31%"
"12/15/2020","1,583.00","1,583.00","1,583.00","1,583.00","","6.89%"
"12/14/2020","1,481.00","1,481.00","1,481.00","1,481.00","","3.28%"
"12/11/2020","1,434.00","1,434.00","1,434.00","1,434.00","","8.64%"
"12/10/2020","1,320.00","1,320.00","1,320.00","1,320.00","","6.37%"
"12/09/2020","1,241.00","1,241.00","1,241.00","1,241.00","","-2.97%"
"12/08/2020","1,279.00","1,279.00","1,279.00","1,279.00","","-9.87%"
"12/07/2020","1,419.00","1,419.00","1,419.00","1,419.00","","-6.64%"
"12/04/2020","1,520.00","1,520.00","1,520.00","1,520.00","","2.70%"
"12/03/2020","1,480.00","1,480.00","1,480.00","1,480.00","","-0.40%"
"12/02/2020","1,486.00","1,486.00","1,486.00","1,486.00","","-0.07%"
"12/01/2020","1,487.00","1,487.00","1,487.00","1,487.00","","-2.30%"
"11/30/2020","1,522.00","1,522.00","1,522.00","1,522.00","","-0.72%"
"11/27/2020","1,533.00","1,533.00","1,533.00","1,533.00","","1.59%"
"11/26/2020","1,509.00","1,509.00","1,509.00","1,509.00","","2.72%"
"11/25/2020","1,469.00","1,469.00","1,469.00","1,469.00","","1.52%"
"11/24/2020","1,447.00","1,447.00","1,447.00","1,447.00","","-0.21%"
"11/23/2020","1,450.00","1,450.00","1,450.00","1,450.00","","1.05%"
"11/20/2020","1,435.00","1,435.00","1,435.00","1,435.00","","0.35%"
"11/19/2020","1,430.00","1,430.00","1,430.00","1,430.00","","1.13%"
"11/18/2020","1,414.00","1,414.00","1,414.00","1,414.00","","-2.48%"
"11/17/2020","1,450.00","1,450.00","1,450.00","1,450.00","","-2.09%"
"11/16/2020","1,481.00","1,481.00","1,481.00","1,481.00","","-1.73%"
"11/13/2020","1,507.00","1,507.00","1,507.00","1,507.00","","-2.77%"
"11/12/2020","1,550.00","1,550.00","1,550.00","1,550.00","","-3.91%"
"11/11/2020","1,613.00","1,613.00","1,613.00","1,613.00","","-9.48%"
"11/10/2020","1,782.00","1,782.00","1,782.00","1,782.00","","-0.45%"
"11/09/2020","1,790.00","1,790.00","1,790.00","1,790.00","","2.93%"
"11/06/2020","1,739.00","1,739.00","1,739.00","1,739.00","","1.76%"
"11/05/2020","1,709.00","1,709.00","1,709.00","1,709.00","","-3.50%"
"11/04/2020","1,771.00","1,771.00","1,771.00","1,771.00","","-4.89%"
"11/03/2020","1,862.00","1,862.00","1,862.00","1,862.00","","-1.74%"
"11/02/2020","1,895.00","1,895.00","1,895.00","1,895.00","","1.07%"
"10/30/2020","1,875.00","1,875.00","1,875.00","1,875.00","","-1.47%"
"10/29/2020","1,903.00","1,903.00","1,903.00","1,903.00","","-11.73%"
"10/28/2020","2,156.00","2,156.00","2,156.00","2,156.00","","-3.92%"
"10/27/2020","2,244.00","2,244.00","2,244.00","2,244.00","","1.68%"
"10/26/2020","2,207.00","2,207.00","2,207.00","2,207.00","","-2.39%"
"10/23/2020","2,261.00","2,261.00","2,261.00","2,261.00","","1.16%"
"10/22/2020","2,235.00","2,235.00","2,235.00","2,235.00","","8.08%"
"10/21/2020","2,068.00","2,068.00","2,068.00","2,068.00","","0.19%"
"10/20/2020","2,064.00","2,064.00","2,064.00","2,064.00","","-6.99%"
"10/19/2020","2,219.00","2,219.00","2,219.00","2,219.00","","-7.77%"
"10/16/2020","2,406.00","2,406.00","2,406.00","2,406.00","","-8.20%"
"10/15/2020","2,621.00","2,621.00","2,621.00","2,621.00","","-6.73%"
"10/14/2020","2,810.00","2,810.00","2,810.00","2,810.00","","-8.59%"
"10/13/2020","3,074.00","3,074.00","3,074.00","3,074.00","","-6.74%"
"10/12/2020","3,296.00","3,296.00","3,296.00","3,296.00","","-7.29%"
"10/09/2020","3,555.00","3,555.00","3,555.00","3,555.00","","-6.42%"
"10/08/2020","3,799.00","3,799.00","3,799.00","3,799.00","","-5.85%"
"10/07/2020","4,035.00","4,035.00","4,035.00","4,035.00","","-4.11%"
"10/06/2020","4,208.00","4,208.00","4,208.00","4,208.00","","1.77%"
"10/05/2020","4,135.00","4,135.00","4,135.00","4,135.00","","3.71%"
"10/02/2020","3,987.00","3,987.00","3,987.00","3,987.00","","12.72%"
"10/01/2020","3,537.00","3,537.00","3,537.00","3,537.00","","14.43%"
"09/30/2020","3,091.00","3,091.00","3,091.00","3,091.00","","7.66%"
"09/29/2020","2,871.00","2,871.00","2,871.00","2,871.00","","0.31%"
"09/28/2020","2,862.00","2,862.00","2,862.00","2,862.00","","-1.82%"
"09/25/2020","2,915.00","2,915.00","2,915.00","2,915.00","","5.85%"
"09/24/2020","2,754.00","2,754.00","2,754.00","2,754.00","","22.84%"
"09/23/2020","2,242.00","2,242.00","2,242.00","2,242.00","","7.89%"
"09/22/2020","2,078.00","2,078.00","2,078.00","2,078.00","","7.11%"
"09/21/2020","1,940.00","1,940.00","1,940.00","1,940.00","","2.11%"
"09/18/2020","1,900.00","1,900.00","1,900.00","1,900.00","","-0.73%"
"09/17/2020","1,914.00","1,914.00","1,914.00","1,914.00","","1.32%"
"09/16/2020","1,889.00","1,889.00","1,889.00","1,889.00","","-1.72%"
"09/15/2020","1,922.00","1,922.00","1,922.00","1,922.00","","1.26%"
"09/14/2020","1,898.00","1,898.00","1,898.00","1,898.00","","3.21%"
"09/11/2020","1,839.00","1,839.00","1,839.00","1,839.00","","1.16%"
"09/10/2020","1,818.00","1,818.00","1,818.00","1,818.00","","-2.62%"
"09/09/2020","1,867.00","1,867.00","1,867.00","1,867.00","","-2.56%"
"09/08/2020","1,916.00","1,916.00","1,916.00","1,916.00","","-1.34%"
"09/07/2020","1,942.00","1,942.00","1,942.00","1,942.00","","-0.92%"
"09/04/2020","1,960.00","1,960.00","1,960.00","1,960.00","","-2.92%"
"09/03/2020","2,019.00","2,019.00","2,019.00","2,019.00","","-5.08%"
"09/02/2020","2,127.00","2,127.00","2,127.00","2,127.00","","-2.25%"
"09/01/2020","2,176.00","2,176.00","2,176.00","2,176.00","","-1.89%"
"08/28/2020","2,218.00","2,218.00","2,218.00","2,218.00","","-2.03%"
"08/27/2020","2,264.00","2,264.00","2,264.00","2,264.00","","-0.61%"
"08/26/2020","2,278.00","2,278.00","2,278.00","2,278.00","","-0.65%"
"08/25/2020","2,293.00","2,293.00","2,293.00","2,293.00","","3.90%"
"08/24/2020","2,207.00","2,207.00","2,207.00","2,207.00","","2.18%"
"08/21/2020","2,160.00","2,160.00","2,160.00","2,160.00","","-3.53%"
"08/20/2020","2,239.00","2,239.00","2,239.00","2,239.00","","-4.60%"
"08/19/2020","2,347.00","2,347.00","2,347.00","2,347.00","","-1.18%"
"08/18/2020","2,375.00","2,375.00","2,375.00","2,375.00","","-1.04%"
"08/17/2020","2,400.00","2,400.00","2,400.00","2,400.00","","-0.08%"
"08/14/2020","2,402.00","2,402.00","2,402.00","2,402.00","","0.76%"
"08/13/2020","2,384.00","2,384.00","2,384.00","2,384.00","","2.23%"
"08/12/2020","2,332.00","2,332.00","2,332.00","2,332.00","","0.69%"
"08/11/2020","2,316.00","2,316.00","2,316.00","2,316.00","","-2.48%"
"08/10/2020","2,375.00","2,375.00","2,375.00","2,375.00","","-1.08%"
"08/07/2020","2,401.00","2,401.00","2,401.00","2,401.00","","-2.56%"
"08/06/2020","2,464.00","2,464.00","2,464.00","2,464.00","","0.24%"
"08/05/2020","2,458.00","2,458.00","2,458.00","2,458.00","","-1.44%"
"08/04/2020","2,494.00","2,494.00","2,494.00","2,494.00","","8.58%"
"08/03/2020","2,297.00","2,297.00","2,297.00","2,297.00","","4.13%"
"07/31/2020","2,206.00","2,206.00","2,206.00","2,206.00","","-0.18%"
"07/30/2020","2,210.00","2,210.00","2,210.00","2,210.00","","3.42%"
"07/29/2020","2,137.00","2,137.00","2,137.00","2,137.00","","7.28%"
"07/28/2020","1,992.00","1,992.00","1,992.00","1,992.00","","-2.92%"
"07/27/2020","2,052.00","2,052.00","2,052.00","2,052.00","","-1.54%"
"07/24/2020","2,084.00","2,084.00","2,084.00","2,084.00","","-6.80%"
"07/23/2020","2,236.00","2,236.00","2,236.00","2,236.00","","-7.83%"
"07/22/2020","2,426.00","2,426.00","2,426.00","2,426.00","","-11.10%"
"07/21/2020","2,729.00","2,729.00","2,729.00","2,729.00","","-7.49%"
"07/20/2020","2,950.00","2,950.00","2,950.00","2,950.00","","-2.48%"
"07/17/2020","3,025.00","3,025.00","3,025.00","3,025.00","","1.82%"
"07/16/2020","2,971.00","2,971.00","2,971.00","2,971.00","","1.02%"
"07/15/2020","2,941.00","2,941.00","2,941.00","2,941.00","","-4.57%"
"07/14/2020","3,082.00","3,082.00","3,082.00","3,082.00","","-5.20%"
"07/13/2020","3,251.00","3,251.00","3,251.00","3,251.00","","-2.46%"
"07/10/2020","3,333.00","3,333.00","3,333.00","3,333.00","","-1.57%"
"07/09/2020","3,386.00","3,386.00","3,386.00","3,386.00","","-5.15%"
"07/08/2020","3,570.00","3,570.00","3,570.00","3,570.00","","-10.03%"
"07/07/2020","3,968.00","3,968.00","3,968.00","3,968.00","","-2.53%"
"07/06/2020","4,071.00","4,071.00","4,071.00","4,071.00","","-8.31%"
"07/03/2020","4,440.00","4,440.00","4,440.00","4,440.00","","4.13%"
"07/02/2020","4,264.00","4,264.00","4,264.00","4,264.00","","0.73%"
"07/01/2020","4,233.00","4,233.00","4,233.00","4,233.00","","-2.01%"
"06/30/2020","4,320.00","4,320.00","4,320.00","4,320.00","","-0.12%"
"06/29/2020","4,325.00","4,325.00","4,325.00","4,325.00","","2.51%"
"06/26/2020","4,219.00","4,219.00","4,219.00","4,219.00","","0.14%"
"06/25/2020","4,213.00","4,213.00","4,213.00","4,213.00","","0.57%"
"06/24/2020","4,189.00","4,189.00","4,189.00","4,189.00","","5.36%"
"06/23/2020","3,976.00","3,976.00","3,976.00","3,976.00","","4.88%"
"06/22/2020","3,791.00","3,791.00","3,791.00","3,791.00","","-0.73%"
"06/19/2020","3,819.00","3,819.00","3,819.00","3,819.00","","4.00%"
"06/18/2020","3,672.00","3,672.00","3,672.00","3,672.00","","49.57%"
"06/17/2020","2,455.00","2,455.00","2,455.00","2,455.00","","32.42%"
"06/16/2020","1,854.00","1,854.00","1,854.00","1,854.00","","12.50%"
"06/15/2020","1,648.00","1,648.00","1,648.00","1,648.00","","8.21%"
"06/12/2020","1,523.00","1,523.00","1,523.00","1,523.00","","17.15%"
"06/11/2020","1,300.00","1,300.00","1,300.00","1,300.00","","25.12%"
"06/10/2020","1,039.00","1,039.00","1,039.00","1,039.00","","20.95%"
"06/09/2020","859.00","859.00","859.00","859.00","","6.05%"
"06/08/2020","810.00","810.00","810.00","810.00","","10.05%"
"06/05/2020","736.00","736.00","736.00","736.00","","42.08%"
"06/04/2020","518.00","518.00","518.00","518.00","","45.51%"
"06/03/2020","356.00","356.00","356.00","356.00","","113.17%"
"06/02/2020","167.00","167.00","167.00","167.00","","103.66%"
"06/01/2020","82.00","82.00","82.00","82.00","","78.26%"
"05/29/2020","46.00","46.00","46.00","46.00","","70.37%"
"05/28/2020","27.00","27.00","27.00","27.00","","-75.00%"
"05/27/2020","108.00","108.00","108.00","108.00","","-26.53%"
"05/26/2020","147.00","147.00","147.00","147.00","","-9.26%"
"05/22/2020","162.00","162.00","162.00","162.00","","-10.00%"
"05/21/2020","180.00","180.00","180.00","180.00","","3.45%"
"05/20/2020","174.00","174.00","174.00","174.00","","0.00%"
"05/19/2020","174.00","174.00","174.00","174.00","","85.11%"
"05/18/2020","94.00","94.00","94.00","94.00","","261.54%"
"05/15/2020","26.00","26.00","26.00","26.00","","-154.17%"
"05/14/2020","-48.00","-48.00","-48.00","-48.00","","182.35%"
"05/13/2020","-17.00","-17.00","-17.00","-17.00","","-113.82%"
"05/12/2020","123.00","123.00","123.00","123.00","","-57.88%"
"05/11/2020","292.00","292.00","292.00","292.00","","-36.66%"
"05/07/2020","461.00","461.00","461.00","461.00","","-11.18%"
"05/06/2020","519.00","519.00","519.00","519.00","","-22.42%"
"05/05/2020","669.00","669.00","669.00","669.00","","-9.96%"
"05/04/2020","743.00","743.00","743.00","743.00","","-9.39%"
"05/01/2020","820.00","820.00","820.00","820.00","","-8.38%"
"04/30/2020","895.00","895.00","895.00","895.00","","-3.35%"
"04/29/2020","926.00","926.00","926.00","926.00","","-2.01%"
"04/28/2020","945.00","945.00","945.00","945.00","","-1.77%"
"04/27/2020","962.00","962.00","962.00","962.00","","-0.21%"
"04/24/2020","964.00","964.00","964.00","964.00","","-0.62%"
"04/23/2020","970.00","970.00","970.00","970.00","","0.21%"
"04/22/2020","968.00","968.00","968.00","968.00","","-3.59%"
"04/21/2020","1,004.00","1,004.00","1,004.00","1,004.00","","-5.01%"
"04/20/2020","1,057.00","1,057.00","1,057.00","1,057.00","","6.45%"
"04/17/2020","993.00","993.00","993.00","993.00","","11.95%"
"04/16/2020","887.00","887.00","887.00","887.00","","11.71%"
"04/15/2020","794.00","794.00","794.00","794.00","","15.57%"
"04/14/2020","687.00","687.00","687.00","687.00","","26.99%"
"04/09/2020","541.00","541.00","541.00","541.00","","27.29%"
"04/08/2020","425.00","425.00","425.00","425.00","","19.38%"
"04/07/2020","356.00","356.00","356.00","356.00","","5.33%"
"04/06/2020","338.00","338.00","338.00","338.00","","5.96%"
"04/03/2020","319.00","319.00","319.00","319.00","","19.03%"
"04/02/2020","268.00","268.00","268.00","268.00","","22.37%"
"04/01/2020","219.00","219.00","219.00","219.00","","7.35%"
"03/31/2020","204.00","204.00","204.00","204.00","","-395.65%"
"03/30/2020","-69.00","-69.00","-69.00","-69.00","","-28.87%"
"03/27/2020","-97.00","-97.00","-97.00","-97.00","","-8.49%"
"03/26/2020","-106.00","-106.00","-106.00","-106.00","","-6.19%"
"03/25/2020","-113.00","-113.00","-113.00","-113.00","","2.73%"
"03/24/2020","-110.00","-110.00","-110.00","-110.00","","0.92%"
"03/23/2020","-109.00","-109.00","-109.00","-109.00","","-9.92%"
"03/20/2020","-121.00","-121.00","-121.00","-121.00","","-27.11%"
"03/19/2020","-166.00","-166.00","-166.00","-166.00","","-18.63%"
"03/18/2020","-204.00","-204.00","-204.00","-204.00","","-29.41%"
"03/17/2020","-289.00","-289.00","-289.00","-289.00","","-1.37%"
"03/16/2020","-293.00","-293.00","-293.00","-293.00","","-5.79%"
"03/13/2020","-311.00","-311.00","-311.00","-311.00","","-12.39%"
"03/12/2020","-355.00","-355.00","-355.00","-355.00","","1.43%"
"03/11/2020","-350.00","-350.00","-350.00","-350.00","","0.86%"
"03/10/2020","-347.00","-347.00","-347.00","-347.00","","-6.72%"
"03/09/2020","-372.00","-372.00","-372.00","-372.00","","19.23%"
"03/06/2020","-312.00","-312.00","-312.00","-312.00","","1.63%"
"03/05/2020","-307.00","-307.00","-307.00","-307.00","","-13.03%"
"03/04/2020","-353.00","-353.00","-353.00","-353.00","","2.02%"
"03/03/2020","-346.00","-346.00","-346.00","-346.00","","-0.57%"
"03/02/2020","-348.00","-348.00","-348.00","-348.00","","6.10%"
"02/28/2020","-328.00","-328.00","-328.00","-328.00","","9.33%"
"02/27/2020","-300.00","-300.00","-300.00","-300.00","","3.45%"
"02/26/2020","-290.00","-290.00","-290.00","-290.00","","4.32%"
"02/25/2020","-278.00","-278.00","-278.00","-278.00","","16.32%"
"02/24/2020","-239.00","-239.00","-239.00","-239.00","","5.75%"
"02/21/2020","-226.00","-226.00","-226.00","-226.00","","-2.59%"
"02/20/2020","-232.00","-232.00","-232.00","-232.00","","-3.73%"
"02/19/2020","-241.00","-241.00","-241.00","-241.00","","-6.23%"
"02/18/2020","-257.00","-257.00","-257.00","-257.00","","-10.45%"
"02/17/2020","-287.00","-287.00","-287.00","-287.00","","-2.38%"
"02/14/2020","-294.00","-294.00","-294.00","-294.00","","3.52%"
"02/13/2020","-284.00","-284.00","-284.00","-284.00","","9.65%"
"02/12/2020","-259.00","-259.00","-259.00","-259.00","","2.37%"
"02/11/2020","-253.00","-253.00","-253.00","-253.00","","-0.39%"
"02/10/2020","-254.00","-254.00","-254.00","-254.00","","8.55%"
"02/07/2020","-234.00","-234.00","-234.00","-234.00","","25.13%"
"02/06/2020","-187.00","-187.00","-187.00","-187.00","","2.19%"
"02/05/2020","-183.00","-183.00","-183.00","-183.00","","37.59%"
"02/04/2020","-133.00","-133.00","-133.00","-133.00","","30.39%"
"02/03/2020","-102.00","-102.00","-102.00","-102.00","","410.00%"
"01/31/2020","-20.00","-20.00","-20.00","-20.00","","-2,100.00%"
"01/30/2020","1.00","1.00","1.00","1.00","","-98.92%"
"01/29/2020","93.00","93.00","93.00","93.00","","-27.91%"
"01/28/2020","129.00","129.00","129.00","129.00","","-4.44%"
"01/27/2020","135.00","135.00","135.00","135.00","","-18.18%"
"01/24/2020","165.00","165.00","165.00","165.00","","-20.29%"
"01/23/2020","207.00","207.00","207.00","207.00","","-36.31%"
"01/22/2020","325.00","325.00","325.00","325.00","","-34.34%"
"01/21/2020","495.00","495.00","495.00","495.00","","-16.53%"
"01/20/2020","593.00","593.00","593.00","593.00","","-16.71%"
"01/17/2020","712.00","712.00","712.00","712.00","","-9.18%"
"01/16/2020","784.00","784.00","784.00","784.00","","-10.71%"
"01/15/2020","878.00","878.00","878.00","878.00","","-9.48%"
"01/14/2020","970.00","970.00","970.00","970.00","","-3.39%"
"01/13/2020","1,004.00","1,004.00","1,004.00","1,004.00","","-5.82%"
"01/10/2020","1,066.00","1,066.00","1,066.00","1,066.00","","-7.71%"
"01/09/2020","1,155.00","1,155.00","1,155.00","1,155.00","","-3.51%"
"01/08/2020","1,197.00","1,197.00","1,197.00","1,197.00","","-5.82%"
"01/07/2020","1,271.00","1,271.00","1,271.00","1,271.00","","-8.43%"
"01/06/2020","1,388.00","1,388.00","1,388.00","1,388.00","","-7.90%"
"01/03/2020","1,507.00","1,507.00","1,507.00","1,507.00","","-8.44%"
"01/02/2020","1,646.00","1,646.00","1,646.00","1,646.00","","-15.59%"
"12/24/2019","1,950.00","1,950.00","1,950.00","1,950.00","","-0.20%"
"12/23/2019","1,954.00","1,954.00","1,954.00","1,954.00","","-0.20%"
"12/20/2019","1,958.00","1,958.00","1,958.00","1,958.00","","-0.91%"
"12/19/2019","1,976.00","1,976.00","1,976.00","1,976.00","","-6.04%"
"12/18/2019","2,103.00","2,103.00","2,103.00","2,103.00","","-6.12%"
"12/17/2019","2,240.00","2,240.00","2,240.00","2,240.00","","-4.03%"
"12/16/2019","2,334.00","2,334.00","2,334.00","2,334.00","","-4.93%"
"12/13/2019","2,455.00","2,455.00","2,455.00","2,455.00","","-5.50%"
"12/12/2019","2,598.00","2,598.00","2,598.00","2,598.00","","-9.89%"
"12/11/2019","2,883.00","2,883.00","2,883.00","2,883.00","","-8.97%"
"12/10/2019","3,167.00","3,167.00","3,167.00","3,167.00","","-2.31%"
"12/09/2019","3,242.00","3,242.00","3,242.00","3,242.00","","-0.95%"
"12/06/2019","3,273.00","3,273.00","3,273.00","3,273.00","","-1.56%"
"12/05/2019","3,325.00","3,325.00","3,325.00","3,325.00","","-1.69%"
"12/04/2019","3,382.00","3,382.00","3,382.00","3,382.00","","0.96%"
"12/03/2019","3,350.00","3,350.00","3,350.00","3,350.00","","3.68%"
"12/02/2019","3,231.00","3,231.00","3,231.00","3,231.00","","3.19%"
"11/29/2019","3,131.00","3,131.00","3,131.00","3,131.00","","4.54%"
"11/28/2019","2,995.00","2,995.00","2,995.00","2,995.00","","0.40%"
"11/27/2019","2,983.00","2,983.00","2,983.00","2,983.00","","1.02%"
"11/26/2019","2,953.00","2,953.00","2,953.00","2,953.00","","8.73%"
"11/25/2019","2,716.00","2,716.00","2,716.00","2,716.00","","8.95%"
"11/22/2019","2,493.00","2,493.00","2,493.00","2,493.00","","3.83%"
"11/21/2019","2,401.00","2,401.00","2,401.00","2,401.00","","-1.40%"
"11/20/2019","2,435.00","2,435.00","2,435.00","2,435.00","","-4.25%"
"11/19/2019","2,543.00","2,543.00","2,543.00","2,543.00","","-2.31%"
"11/18/2019","2,603.00","2,603.00","2,603.00","2,603.00","","-1.21%"
"11/15/2019","2,635.00","2,635.00","2,635.00","2,635.00","","0.46%"
"11/14/2019","2,623.00","2,623.00","2,623.00","2,623.00","","2.26%"
"11/13/2019","2,565.00","2,565.00","2,565.00","2,565.00","","3.22%"
"11/12/2019","2,485.00","2,485.00","2,485.00","2,485.00","","3.84%"
"11/11/2019","2,393.00","2,393.00","2,393.00","2,393.00","","-2.09%"
"11/08/2019","2,444.00","2,444.00","2,444.00","2,444.00","","-2.90%"
"11/07/2019","2,517.00","2,517.00","2,517.00","2,517.00","","-7.67%"
"11/06/2019","2,726.00","2,726.00","2,726.00","2,726.00","","-8.37%"
"11/05/2019","2,975.00","2,975.00","2,975.00","2,975.00","","0.98%"
"11/04/2019","2,946.00","2,946.00","2,946.00","2,946.00","","-0.14%"
"11/01/2019","2,950.00","2,950.00","2,950.00","2,950.00","","-0.94%"
"10/31/2019","2,978.00","2,978.00","2,978.00","2,978.00","","-3.25%"
"10/30/2019","3,078.00","3,078.00","3,078.00","3,078.00","","0.00%"
"10/29/2019","3,078.00","3,078.00","3,078.00","3,078.00","","0.85%"
"10/28/2019","3,052.00","3,052.00","3,052.00","3,052.00","","1.43%"
"10/25/2019","3,009.00","3,009.00","3,009.00","3,009.00","","2.84%"
"10/24/2019","2,926.00","2,926.00","2,926.00","2,926.00","","1.84%"
"10/23/2019","2,873.00","2,873.00","2,873.00","2,873.00","","-2.41%"
"10/22/2019","2,944.00","2,944.00","2,944.00","2,944.00","","-3.38%"
"10/21/2019","3,047.00","3,047.00","3,047.00","3,047.00","","-0.55%"
"10/18/2019","3,064.00","3,064.00","3,064.00","3,064.00","","-0.55%"
"10/17/2019","3,081.00","3,081.00","3,081.00","3,081.00","","-3.54%"
"10/16/2019","3,194.00","3,194.00","3,194.00","3,194.00","","-0.31%"
"10/15/2019","3,204.00","3,204.00","3,204.00","3,204.00","","-1.54%"
"10/14/2019","3,254.00","3,254.00","3,254.00","3,254.00","","-1.09%"
"10/11/2019","3,290.00","3,290.00","3,290.00","3,290.00","","-0.87%"
"10/10/2019","3,319.00","3,319.00","3,319.00","3,319.00","","3.46%"
"10/09/2019","3,208.00","3,208.00","3,208.00","3,208.00","","5.84%"
"10/08/2019","3,031.00","3,031.00","3,031.00","3,031.00","","0.93%"
"10/07/2019","3,003.00","3,003.00","3,003.00","3,003.00","","-0.60%"
"10/04/2019","3,021.00","3,021.00","3,021.00","3,021.00","","0.27%"
"10/03/2019","3,013.00","3,013.00","3,013.00","3,013.00","","-6.75%"
"10/02/2019","3,231.00","3,231.00","3,231.00","3,231.00","","-0.03%"
"10/01/2019","3,232.00","3,232.00","3,232.00","3,232.00","","-1.13%"
"09/30/2019","3,269.00","3,269.00","3,269.00","3,269.00","","-2.07%"
"09/27/2019","3,338.00","3,338.00","3,338.00","3,338.00","","-7.30%"
"09/26/2019","3,601.00","3,601.00","3,601.00","3,601.00","","-5.95%"
"09/25/2019","3,829.00","3,829.00","3,829.00","3,829.00","","-3.84%"
"09/24/2019","3,982.00","3,982.00","3,982.00","3,982.00","","2.02%"
"09/23/2019","3,903.00","3,903.00","3,903.00","3,903.00","","-1.24%"
"09/20/2019","3,952.00","3,952.00","3,952.00","3,952.00","","-4.45%"
"09/19/2019","4,136.00","4,136.00","4,136.00","4,136.00","","-5.87%"
"09/18/2019","4,394.00","4,394.00","4,394.00","4,394.00","","-1.39%"
"09/17/2019","4,456.00","4,456.00","4,456.00","4,456.00","","-1.81%"
"09/16/2019","4,538.00","4,538.00","4,538.00","4,538.00","","-0.20%"
"09/13/2019","4,547.00","4,547.00","4,547.00","4,547.00","","-1.41%"
"09/12/2019","4,612.00","4,612.00","4,612.00","4,612.00","","-2.41%"
"09/11/2019","4,726.00","4,726.00","4,726.00","4,726.00","","-1.42%"
"09/10/2019","4,794.00","4,794.00","4,794.00","4,794.00","","-1.03%"
"09/09/2019","4,844.00","4,844.00","4,844.00","4,844.00","","-2.12%"
"09/06/2019","4,949.00","4,949.00","4,949.00","4,949.00","","-1.73%"
"09/05/2019","5,036.00","5,036.00","5,036.00","5,036.00","","-0.14%"
"09/04/2019","5,043.00","5,043.00","5,043.00","5,043.00","","3.72%"
"09/03/2019","4,862.00","4,862.00","4,862.00","4,862.00","","4.36%"
"09/02/2019","4,659.00","4,659.00","4,659.00","4,659.00","","4.30%"
"08/30/2019","4,467.00","4,467.00","4,467.00","4,467.00","","6.21%"
"08/29/2019","4,206.00","4,206.00","4,206.00","4,206.00","","-0.17%"
"08/28/2019","4,213.00","4,213.00","4,213.00","4,213.00","","3.21%"
"08/27/2019","4,082.00","4,082.00","4,082.00","4,082.00","","2.28%"
"08/23/2019","3,991.00","3,991.00","3,991.00","3,991.00","","4.23%"
"08/22/2019","3,829.00","3,829.00","3,829.00","3,829.00","","4.30%"
"08/21/2019","3,671.00","3,671.00","3,671.00","3,671.00","","0.16%"
"08/20/2019","3,665.00","3,665.00","3,665.00","3,665.00","","-1.69%"
"08/19/2019","3,728.00","3,728.00","3,728.00","3,728.00","","-2.56%"
"08/16/2019","3,826.00","3,826.00","3,826.00","3,826.00","","1.57%"
"08/15/2019","3,767.00","3,767.00","3,767.00","3,767.00","","4.99%"
"08/14/2019","3,588.00","3,588.00","3,588.00","3,588.00","","3.88%"
"08/13/2019","3,454.00","3,454.00","3,454.00","3,454.00","","5.76%"
"08/12/2019","3,266.00","3,266.00","3,266.00","3,266.00","","1.37%"
"08/09/2019","3,222.00","3,222.00","3,222.00","3,222.00","","1.29%"
"08/08/2019","3,181.00","3,181.00","3,181.00","3,181.00","","0.32%"
"08/07/2019","3,171.00","3,171.00","3,171.00","3,171.00","","-3.97%"
"08/06/2019","3,302.00","3,302.00","3,302.00","3,302.00","","-5.11%"
"08/05/2019","3,480.00","3,480.00","3,480.00","3,480.00","","-0.34%"
"08/02/2019","3,492.00","3,492.00","3,492.00","3,492.00","","-1.19%"
"08/01/2019","3,534.00","3,534.00","3,534.00","3,534.00","","-3.36%"
"07/31/2019","3,657.00","3,657.00","3,657.00","3,657.00","","-0.19%"
"07/30/2019","3,664.00","3,664.00","3,664.00","3,664.00","","0.11%"
"07/29/2019","3,660.00","3,660.00","3,660.00","3,660.00","","0.36%"
"07/26/2019","3,647.00","3,647.00","3,647.00","3,647.00","","1.05%"
"07/25/2019","3,609.00","3,609.00","3,609.00","3,609.00","","-5.23%"
"07/24/2019","3,808.00","3,808.00","3,808.00","3,808.00","","-11.75%"
"07/23/2019","4,315.00","4,315.00","4,315.00","4,315.00","","-2.77%"
"07/22/2019","4,438.00","4,438.00","4,438.00","4,438.00","","1.35%"
"07/19/2019","4,379.00","4,379.00","4,379.00","4,379.00","","2.89%"
"07/18/2019","4,256.00","4,256.00","4,256.00","4,256.00","","3.93%"
"07/17/2019","4,095.00","4,095.00","4,095.00","4,095.00","","3.20%"
"07/16/2019","3,968.00","3,968.00","3,968.00","3,968.00","","6.55%"
"07/15/2019","3,724.00","3,724.00","3,724.00","3,724.00","","5.17%"
"07/12/2019","3,541.00","3,541.00","3,541.00","3,541.00","","3.66%"
"07/11/2019","3,416.00","3,416.00","3,416.00","3,416.00","","1.64%"
"07/10/2019","3,361.00","3,361.00","3,361.00","3,361.00","","0.54%"
"07/09/2019","3,343.00","3,343.00","3,343.00","3,343.00","","2.55%"
"07/08/2019","3,260.00","3,260.00","3,260.00","3,260.00","","-2.57%"
"07/05/2019","3,346.00","3,346.00","3,346.00","3,346.00","","1.46%"
"07/04/2019","3,298.00","3,298.00","3,298.00","3,298.00","","12.22%"
"07/03/2019","2,939.00","2,939.00","2,939.00","2,939.00","","8.17%"
"07/02/2019","2,717.00","2,717.00","2,717.00","2,717.00","","6.26%"
"07/01/2019","2,557.00","2,557.00","2,557.00","2,557.00","","2.77%"
"06/28/2019","2,488.00","2,488.00","2,488.00","2,488.00","","0.93%"
"06/27/2019","2,465.00","2,465.00","2,465.00","2,465.00","","1.02%"
"06/26/2019","2,440.00","2,440.00","2,440.00","2,440.00","","2.13%"
"06/25/2019","2,389.00","2,389.00","2,389.00","2,389.00","","1.10%"
"06/24/2019","2,363.00","2,363.00","2,363.00","2,363.00","","3.73%"
"06/21/2019","2,278.00","2,278.00","2,278.00","2,278.00","","9.52%"
"06/20/2019","2,080.00","2,080.00","2,080.00","2,080.00","","1.41%"
"06/19/2019","2,051.00","2,051.00","2,051.00","2,051.00","","4.86%"
"06/18/2019","1,956.00","1,956.00","1,956.00","1,956.00","","7.12%"
"06/17/2019","1,826.00","1,826.00","1,826.00","1,826.00","","1.44%"
"06/14/2019","1,800.00","1,800.00","1,800.00","1,800.00","","4.77%"
"06/13/2019","1,718.00","1,718.00","1,718.00","1,718.00","","-1.60%"
"06/12/2019","1,746.00","1,746.00","1,746.00","1,746.00","","-2.89%"
"06/11/2019","1,798.00","1,798.00","1,798.00","1,798.00","","-2.71%"
"06/10/2019","1,848.00","1,848.00","1,848.00","1,848.00","","-0.75%"
"06/07/2019","1,862.00","1,862.00","1,862.00","1,862.00","","1.97%"
"06/06/2019","1,826.00","1,826.00","1,826.00","1,826.00","","1.11%"
"06/05/2019","1,806.00","1,806.00","1,806.00","1,806.00","","3.85%"
"06/04/2019","1,739.00","1,739.00","1,739.00","1,739.00","","5.39%"
"06/03/2019","1,650.00","1,650.00","1,650.00","1,650.00","","1.85%"
"05/31/2019","1,620.00","1,620.00","1,620.00","1,620.00","","-0.18%"
"05/30/2019","1,623.00","1,623.00","1,623.00","1,623.00","","-2.17%"
"05/29/2019","1,659.00","1,659.00","1,659.00","1,659.00","","4.67%"
"05/28/2019","1,585.00","1,585.00","1,585.00","1,585.00","","2.59%"
"05/24/2019","1,545.00","1,545.00","1,545.00","1,545.00","","-0.83%"
"05/23/2019","1,558.00","1,558.00","1,558.00","1,558.00","","1.37%"
"05/22/2019","1,537.00","1,537.00","1,537.00","1,537.00","","2.40%"
"05/21/2019","1,501.00","1,501.00","1,501.00","1,501.00","","2.11%"
"05/20/2019","1,470.00","1,470.00","1,470.00","1,470.00","","0.48%"
"05/17/2019","1,463.00","1,463.00","1,463.00","1,463.00","","2.45%"
"05/16/2019","1,428.00","1,428.00","1,428.00","1,428.00","","0.78%"
"05/15/2019","1,417.00","1,417.00","1,417.00","1,417.00","","-3.08%"
"05/14/2019","1,462.00","1,462.00","1,462.00","1,462.00","","4.06%"
"05/13/2019","1,405.00","1,405.00","1,405.00","1,405.00","","2.48%"
"05/10/2019","1,371.00","1,371.00","1,371.00","1,371.00","","7.95%"
"05/09/2019","1,270.00","1,270.00","1,270.00","1,270.00","","9.58%"
"05/08/2019","1,159.00","1,159.00","1,159.00","1,159.00","","3.57%"
"05/07/2019","1,119.00","1,119.00","1,119.00","1,119.00","","-13.26%"
"05/03/2019","1,290.00","1,290.00","1,290.00","1,290.00","","-9.15%"
"05/02/2019","1,420.00","1,420.00","1,420.00","1,420.00","","2.23%"
"05/01/2019","1,389.00","1,389.00","1,389.00","1,389.00","","8.86%"
"04/30/2019","1,276.00","1,276.00","1,276.00","1,276.00","","44.34%"
"04/29/2019","884.00","884.00","884.00","884.00","","12.90%"
"04/26/2019","783.00","783.00","783.00","783.00","","13.31%"
"04/25/2019","691.00","691.00","691.00","691.00","","6.64%"
"04/24/2019","648.00","648.00","648.00","648.00","","13.29%"
"04/23/2019","572.00","572.00","572.00","572.00","","16.73%"
"04/18/2019","490.00","490.00","490.00","490.00","","5.83%"
"04/17/2019","463.00","463.00","463.00","463.00","","0.87%"
"04/16/2019","459.00","459.00","459.00","459.00","","3.15%"
"04/15/2019","445.00","445.00","445.00","445.00","","6.46%"
"04/12/2019","418.00","418.00","418.00","418.00","","-1.18%"
"04/11/2019","423.00","423.00","423.00","423.00","","-1.17%"
"04/10/2019","428.00","428.00","428.00","428.00","","14.13%"
"04/09/2019","375.00","375.00","375.00","375.00","","20.19%"
"04/08/2019","312.00","312.00","312.00","312.00","","13.04%"
"04/05/2019","276.00","276.00","276.00","276.00","","31.43%"
"04/04/2019","210.00","210.00","210.00","210.00","","101.92%"
"04/03/2019","104.00","104.00","104.00","104.00","","13.04%"
"04/02/2019","92.00","92.00","92.00","92.00","","-24.59%"
"04/01/2019","122.00","122.00","122.00","122.00","","-18.67%"
"03/29/2019","150.00","150.00","150.00","150.00","","-10.18%"
"03/28/2019","167.00","167.00","167.00","167.00","","-6.18%"
"03/27/2019","178.00","178.00","178.00","178.00","","-6.32%"
"03/26/2019","190.00","190.00","190.00","190.00","","-17.39%"
"03/25/2019","230.00","230.00","230.00","230.00","","-8.37%"
"03/22/2019","251.00","251.00","251.00","251.00","","-12.85%"
"03/21/2019","288.00","288.00","288.00","288.00","","-27.82%"
"03/20/2019","399.00","399.00","399.00","399.00","","-5.23%"
"03/19/2019","421.00","421.00","421.00","421.00","","-11.55%"
"03/18/2019","476.00","476.00","476.00","476.00","","-8.46%"
"03/15/2019","520.00","520.00","520.00","520.00","","29.03%"
"03/14/2019","403.00","403.00","403.00","403.00","","23.24%"
"03/13/2019","327.00","327.00","327.00","327.00","","17.63%"
"03/12/2019","278.00","278.00","278.00","278.00","","11.20%"
"03/11/2019","250.00","250.00","250.00","250.00","","6.38%"
"03/08/2019","235.00","235.00","235.00","235.00","","-0.42%"
"03/07/2019","236.00","236.00","236.00","236.00","","-12.59%"
"03/06/2019","270.00","270.00","270.00","270.00","","-9.70%"
"03/05/2019","299.00","299.00","299.00","299.00","","-15.77%"
"03/04/2019","355.00","355.00","355.00","355.00","","-7.31%"
"03/01/2019","383.00","383.00","383.00","383.00","","-16.56%"
"02/28/2019","459.00","459.00","459.00","459.00","","-8.20%"
"02/27/2019","500.00","500.00","500.00","500.00","","-4.21%"
"02/26/2019","522.00","522.00","522.00","522.00","","0.38%"
"02/25/2019","520.00","520.00","520.00","520.00","","-4.59%"
"02/22/2019","545.00","545.00","545.00","545.00","","-4.39%"
"02/21/2019","570.00","570.00","570.00","570.00","","-1.38%"
"02/20/2019","578.00","578.00","578.00","578.00","","-11.08%"
"02/19/2019","650.00","650.00","650.00","650.00","","-8.84%"
"02/18/2019","713.00","713.00","713.00","713.00","","-1.93%"
"02/15/2019","727.00","727.00","727.00","727.00","","-0.27%"
"02/14/2019","729.00","729.00","729.00","729.00","","3.11%"
"02/13/2019","707.00","707.00","707.00","707.00","","-0.56%"
"02/12/2019","711.00","711.00","711.00","711.00","","-3.40%"
"02/11/2019","736.00","736.00","736.00","736.00","","-7.07%"
"02/08/2019","792.00","792.00","792.00","792.00","","-6.38%"
"02/07/2019","846.00","846.00","846.00","846.00","","-8.93%"
"02/06/2019","929.00","929.00","929.00","929.00","","-4.42%"
"02/05/2019","972.00","972.00","972.00","972.00","","-1.22%"
"02/04/2019","984.00","984.00","984.00","984.00","","-2.96%"
"02/01/2019","1,014.00","1,014.00","1,014.00","1,014.00","","-9.14%"
"01/31/2019","1,116.00","1,116.00","1,116.00","1,116.00","","-13.82%"
"01/30/2019","1,295.00","1,295.00","1,295.00","1,295.00","","-14.12%"
"01/29/2019","1,508.00","1,508.00","1,508.00","1,508.00","","-7.54%"
"01/28/2019","1,631.00","1,631.00","1,631.00","1,631.00","","-5.72%"
"01/25/2019","1,730.00","1,730.00","1,730.00","1,730.00","","0.23%"
"01/24/2019","1,726.00","1,726.00","1,726.00","1,726.00","","-2.76%"
"01/23/2019","1,775.00","1,775.00","1,775.00","1,775.00","","-6.18%"
"01/22/2019","1,892.00","1,892.00","1,892.00","1,892.00","","-6.52%"
"01/21/2019","2,024.00","2,024.00","2,024.00","2,024.00","","-0.64%"
"01/18/2019","2,037.00","2,037.00","2,037.00","2,037.00","","9.05%"
"01/17/2019","1,868.00","1,868.00","1,868.00","1,868.00","","6.86%"
"01/16/2019","1,748.00","1,748.00","1,748.00","1,748.00","","-4.53%"
"01/15/2019","1,831.00","1,831.00","1,831.00","1,831.00","","-6.20%"
"01/14/2019","1,952.00","1,952.00","1,952.00","1,952.00","","-0.71%"
"01/11/2019","1,966.00","1,966.00","1,966.00","1,966.00","","-1.06%"
"01/10/2019","1,987.00","1,987.00","1,987.00","1,987.00","","-4.38%"
"01/09/2019","2,078.00","2,078.00","2,078.00","2,078.00","","-1.84%"
"01/08/2019","2,117.00","2,117.00","2,117.00","2,117.00","","5.01%"
"01/07/2019","2,016.00","2,016.00","2,016.00","2,016.00","","0.65%"
"01/04/2019","2,003.00","2,003.00","2,003.00","2,003.00","","2.04%"
"01/03/2019","1,963.00","1,963.00","1,963.00","1,963.00","","-1.21%"
"01/02/2019","1,987.00","1,987.00","1,987.00","1,987.00","","4.30%"
"12/24/2018","1,905.00","1,905.00","1,905.00","1,905.00","","-0.42%"
"12/21/2018","1,913.00","1,913.00","1,913.00","1,913.00","","-7.63%"
"12/20/2018","2,071.00","2,071.00","2,071.00","2,071.00","","-8.52%"
"12/19/2018","2,264.00","2,264.00","2,264.00","2,264.00","","-5.39%"
"12/18/2018","2,393.00","2,393.00","2,393.00","2,393.00","","-1.64%"
"12/17/2018","2,433.00","2,433.00","2,433.00","2,433.00","","2.10%"
"12/14/2018","2,383.00","2,383.00","2,383.00","2,383.00","","9.31%"
"12/13/2018","2,180.00","2,180.00","2,180.00","2,180.00","","1.25%"
"12/12/2018","2,153.00","2,153.00","2,153.00","2,153.00","","-1.37%"
"12/11/2018","2,183.00","2,183.00","2,183.00","2,183.00","","-2.72%"
"12/10/2018","2,244.00","2,244.00","2,244.00","2,244.00","","2.14%"
"12/07/2018","2,197.00","2,197.00","2,197.00","2,197.00","","5.63%"
"12/06/2018","2,080.00","2,080.00","2,080.00","2,080.00","","8.05%"
"12/05/2018","1,925.00","1,925.00","1,925.00","1,925.00","","10.70%"
"12/04/2018","1,739.00","1,739.00","1,739.00","1,739.00","","6.17%"
"12/03/2018","1,638.00","1,638.00","1,638.00","1,638.00","","-6.67%"
"11/30/2018","1,755.00","1,755.00","1,755.00","1,755.00","","-10.00%"
"11/29/2018","1,950.00","1,950.00","1,950.00","1,950.00","","-8.06%"
"11/28/2018","2,121.00","2,121.00","2,121.00","2,121.00","","-2.26%"
"11/27/2018","2,170.00","2,170.00","2,170.00","2,170.00","","21.30%"
"11/26/2018","1,789.00","1,789.00","1,789.00","1,789.00","","31.74%"
"11/23/2018","1,358.00","1,358.00","1,358.00","1,358.00","","24.70%"
"11/22/2018","1,089.00","1,089.00","1,089.00","1,089.00","","3.13%"
"11/21/2018","1,056.00","1,056.00","1,056.00","1,056.00","","5.39%"
"11/20/2018","1,002.00","1,002.00","1,002.00","1,002.00","","-4.57%"
"11/19/2018","1,050.00","1,050.00","1,050.00","1,050.00","","-0.66%"
"11/16/2018","1,057.00","1,057.00","1,057.00","1,057.00","","4.97%"
"11/15/2018","1,007.00","1,007.00","1,007.00","1,007.00","","7.13%"
"11/14/2018","940.00","940.00","940.00","940.00","","-18.47%"
"11/13/2018","1,153.00","1,153.00","1,153.00","1,153.00","","-17.53%"
"11/12/2018","1,398.00","1,398.00","1,398.00","1,398.00","","-4.31%"
"11/09/2018","1,461.00","1,461.00","1,461.00","1,461.00","","-16.37%"
"11/08/2018","1,747.00","1,747.00","1,747.00","1,747.00","","-11.23%"
"11/07/2018","1,968.00","1,968.00","1,968.00","1,968.00","","-14.29%"
"11/06/2018","2,296.00","2,296.00","2,296.00","2,296.00","","-4.21%"
"11/05/2018","2,397.00","2,397.00","2,397.00","2,397.00","","-4.20%"
"11/02/2018","2,502.00","2,502.00","2,502.00","2,502.00","","-1.11%"
"11/01/2018","2,530.00","2,530.00","2,530.00","2,530.00","","-2.54%"
"10/31/2018","2,596.00","2,596.00","2,596.00","2,596.00","","-1.29%"
"10/30/2018","2,630.00","2,630.00","2,630.00","2,630.00","","0.88%"
"10/29/2018","2,607.00","2,607.00","2,607.00","2,607.00","","3.21%"
"10/26/2018","2,526.00","2,526.00","2,526.00","2,526.00","","7.35%"
"10/25/2018","2,353.00","2,353.00","2,353.00","2,353.00","","-1.47%"
"10/24/2018","2,388.00","2,388.00","2,388.00","2,388.00","","1.06%"
"10/23/2018","2,363.00","2,363.00","2,363.00","2,363.00","","2.92%"
"10/22/2018","2,296.00","2,296.00","2,296.00","2,296.00","","2.96%"
"10/19/2018","2,230.00","2,230.00","2,230.00","2,230.00","","2.48%"
"10/18/2018","2,176.00","2,176.00","2,176.00","2,176.00","","3.32%"
"10/17/2018","2,106.00","2,106.00","2,106.00","2,106.00","","-2.68%"
"10/16/2018","2,164.00","2,164.00","2,164.00","2,164.00","","-1.14%"
"10/15/2018","2,189.00","2,189.00","2,189.00","2,189.00","","0.92%"
"10/12/2018","2,169.00","2,169.00","2,169.00","2,169.00","","8.18%"
"10/11/2018","2,005.00","2,005.00","2,005.00","2,005.00","","2.87%"
"10/10/2018","1,949.00","1,949.00","1,949.00","1,949.00","","-0.61%"
"10/09/2018","1,961.00","1,961.00","1,961.00","1,961.00","","-3.97%"
"10/08/2018","2,042.00","2,042.00","2,042.00","2,042.00","","-1.87%"
"10/05/2018","2,081.00","2,081.00","2,081.00","2,081.00","","-3.12%"
"10/04/2018","2,148.00","2,148.00","2,148.00","2,148.00","","-2.32%"
"10/03/2018","2,199.00","2,199.00","2,199.00","2,199.00","","2.37%"
"10/02/2018","2,148.00","2,148.00","2,148.00","2,148.00","","4.22%"
"10/01/2018","2,061.00","2,061.00","2,061.00","2,061.00","","3.05%"
"09/28/2018","2,000.00","2,000.00","2,000.00","2,000.00","","2.62%"
"09/27/2018","1,949.00","1,949.00","1,949.00","1,949.00","","2.04%"
"09/26/2018","1,910.00","1,910.00","1,910.00","1,910.00","","2.25%"
"09/25/2018","1,868.00","1,868.00","1,868.00","1,868.00","","0.21%"
"09/24/2018","1,864.00","1,864.00","1,864.00","1,864.00","","1.30%"
"09/21/2018","1,840.00","1,840.00","1,840.00","1,840.00","","0.11%"
"09/20/2018","1,838.00","1,838.00","1,838.00","1,838.00","","-0.65%"
"09/19/2018","1,850.00","1,850.00","1,850.00","1,850.00","","1.31%"
"09/18/2018","1,826.00","1,826.00","1,826.00","1,826.00","","-1.46%"
"09/17/2018","1,853.00","1,853.00","1,853.00","1,853.00","","-2.47%"
"09/14/2018","1,900.00","1,900.00","1,900.00","1,900.00","","-4.04%"
"09/13/2018","1,980.00","1,980.00","1,980.00","1,980.00","","-4.53%"
"09/12/2018","2,074.00","2,074.00","2,074.00","2,074.00","","-5.34%"
"09/11/2018","2,191.00","2,191.00","2,191.00","2,191.00","","-7.28%"
"09/10/2018","2,363.00","2,363.00","2,363.00","2,363.00","","-1.99%"
"09/07/2018","2,411.00","2,411.00","2,411.00","2,411.00","","-0.54%"
"09/06/2018","2,424.00","2,424.00","2,424.00","2,424.00","","0.58%"
"09/05/2018","2,410.00","2,410.00","2,410.00","2,410.00","","-4.93%"
"09/04/2018","2,535.00","2,535.00","2,535.00","2,535.00","","-5.13%"
"09/03/2018","2,672.00","2,672.00","2,672.00","2,672.00","","-2.20%"
"08/31/2018","2,732.00","2,732.00","2,732.00","2,732.00","","-3.33%"
"08/30/2018","2,826.00","2,826.00","2,826.00","2,826.00","","-5.61%"
"08/29/2018","2,994.00","2,994.00","2,994.00","2,994.00","","-3.04%"
"08/28/2018","3,088.00","3,088.00","3,088.00","3,088.00","","-2.40%"
"08/24/2018","3,164.00","3,164.00","3,164.00","3,164.00","","-2.10%"
"08/23/2018","3,232.00","3,232.00","3,232.00","3,232.00","","-4.12%"
"08/22/2018","3,371.00","3,371.00","3,371.00","3,371.00","","-1.61%"
"08/21/2018","3,426.00","3,426.00","3,426.00","3,426.00","","0.06%"
"08/20/2018","3,424.00","3,424.00","3,424.00","3,424.00","","-0.87%"
"08/17/2018","3,454.00","3,454.00","3,454.00","3,454.00","","-0.63%"
"08/16/2018","3,476.00","3,476.00","3,476.00","3,476.00","","-2.36%"
"08/15/2018","3,560.00","3,560.00","3,560.00","3,560.00","","-0.75%"
"08/14/2018","3,587.00","3,587.00","3,587.00","3,587.00","","1.44%"
"08/13/2018","3,536.00","3,536.00","3,536.00","3,536.00","","1.61%"
"08/10/2018","3,480.00","3,480.00","3,480.00","3,480.00","","0.23%"
"08/09/2018","3,472.00","3,472.00","3,472.00","3,472.00","","-0.32%"
"08/08/2018","3,483.00","3,483.00","3,483.00","3,483.00","","-1.89%"
"08/07/2018","3,550.00","3,550.00","3,550.00","3,550.00","","-2.85%"
"08/06/2018","3,654.00","3,654.00","3,654.00","3,654.00","","0.61%"
"08/03/2018","3,632.00","3,632.00","3,632.00","3,632.00","","2.77%"
"08/02/2018","3,534.00","3,534.00","3,534.00","3,534.00","","0.54%"
"08/01/2018","3,515.00","3,515.00","3,515.00","3,515.00","","1.27%"
"07/31/2018","3,471.00","3,471.00","3,471.00","3,471.00","","5.82%"
"07/30/2018","3,280.00","3,280.00","3,280.00","3,280.00","","2.60%"
"07/27/2018","3,197.00","3,197.00","3,197.00","3,197.00","","-3.21%"
"07/26/2018","3,303.00","3,303.00","3,303.00","3,303.00","","-4.59%"
"07/25/2018","3,462.00","3,462.00","3,462.00","3,462.00","","0.03%"
"07/24/2018","3,461.00","3,461.00","3,461.00","3,461.00","","4.75%"
"07/23/2018","3,304.00","3,304.00","3,304.00","3,304.00","","3.09%"
"07/20/2018","3,205.00","3,205.00","3,205.00","3,205.00","","2.40%"
"07/19/2018","3,130.00","3,130.00","3,130.00","3,130.00","","-3.10%"
"07/18/2018","3,230.00","3,230.00","3,230.00","3,230.00","","-3.15%"
"07/17/2018","3,335.00","3,335.00","3,335.00","3,335.00","","3.00%"
"07/16/2018","3,238.00","3,238.00","3,238.00","3,238.00","","2.60%"
"07/13/2018","3,156.00","3,156.00","3,156.00","3,156.00","","3.78%"
"07/12/2018","3,041.00","3,041.00","3,041.00","3,041.00","","8.88%"
"07/11/2018","2,793.00","2,793.00","2,793.00","2,793.00","","0.04%"
"07/10/2018","2,792.00","2,792.00","2,792.00","2,792.00","","-7.43%"
"07/09/2018","3,016.00","3,016.00","3,016.00","3,016.00","","-2.27%"
"07/06/2018","3,086.00","3,086.00","3,086.00","3,086.00","","2.42%"
"07/05/2018","3,013.00","3,013.00","3,013.00","3,013.00","","9.84%"
"07/04/2018","2,743.00","2,743.00","2,743.00","2,743.00","","10.69%"
"07/03/2018","2,478.00","2,478.00","2,478.00","2,478.00","","7.55%"
"07/02/2018","2,304.00","2,304.00","2,304.00","2,304.00","","6.18%"
"06/29/2018","2,170.00","2,170.00","2,170.00","2,170.00","","7.16%"
"06/28/2018","2,025.00","2,025.00","2,025.00","2,025.00","","4.27%"
"06/27/2018","1,942.00","1,942.00","1,942.00","1,942.00","","-2.22%"
"06/26/2018","1,986.00","1,986.00","1,986.00","1,986.00","","-0.75%"
"06/25/2018","2,001.00","2,001.00","2,001.00","2,001.00","","-0.50%"
"06/22/2018","2,011.00","2,011.00","2,011.00","2,011.00","","-1.32%"
"06/21/2018","2,038.00","2,038.00","2,038.00","2,038.00","","-2.49%"
"06/20/2018","2,090.00","2,090.00","2,090.00","2,090.00","","-4.44%"
"06/19/2018","2,187.00","2,187.00","2,187.00","2,187.00","","-1.84%"
"06/18/2018","2,228.00","2,228.00","2,228.00","2,228.00","","0.22%"
"06/15/2018","2,223.00","2,223.00","2,223.00","2,223.00","","1.79%"
"06/14/2018","2,184.00","2,184.00","2,184.00","2,184.00","","4.45%"
"06/13/2018","2,091.00","2,091.00","2,091.00","2,091.00","","1.11%"
"06/12/2018","2,068.00","2,068.00","2,068.00","2,068.00","","-1.10%"
"06/11/2018","2,091.00","2,091.00","2,091.00","2,091.00","","-2.79%"
"06/08/2018","2,151.00","2,151.00","2,151.00","2,151.00","","-3.11%"
"06/07/2018","2,220.00","2,220.00","2,220.00","2,220.00","","6.32%"
"06/06/2018","2,088.00","2,088.00","2,088.00","2,088.00","","13.79%"
"06/05/2018","1,835.00","1,835.00","1,835.00","1,835.00","","7.18%"
"06/04/2018","1,712.00","1,712.00","1,712.00","1,712.00","","6.87%"
"06/01/2018","1,602.00","1,602.00","1,602.00","1,602.00","","14.35%"
"05/31/2018","1,401.00","1,401.00","1,401.00","1,401.00","","9.80%"
"05/30/2018","1,276.00","1,276.00","1,276.00","1,276.00","","-3.63%"
"05/29/2018","1,324.00","1,324.00","1,324.00","1,324.00","","-5.09%"
"05/25/2018","1,395.00","1,395.00","1,395.00","1,395.00","","-10.06%"
"05/24/2018","1,551.00","1,551.00","1,551.00","1,551.00","","-11.82%"
"05/23/2018","1,759.00","1,759.00","1,759.00","1,759.00","","-5.12%"
"05/22/2018","1,854.00","1,854.00","1,854.00","1,854.00","","-5.26%"
"05/21/2018","1,957.00","1,957.00","1,957.00","1,957.00","","-4.68%"
"05/18/2018","2,053.00","2,053.00","2,053.00","2,053.00","","-2.52%"
"05/17/2018","2,106.00","2,106.00","2,106.00","2,106.00","","-12.51%"
"05/16/2018","2,407.00","2,407.00","2,407.00","2,407.00","","-7.49%"
"05/15/2018","2,602.00","2,602.00","2,602.00","2,602.00","","-1.25%"
"05/14/2018","2,635.00","2,635.00","2,635.00","2,635.00","","0.19%"
"05/11/2018","2,630.00","2,630.00","2,630.00","2,630.00","","2.53%"
"05/10/2018","2,565.00","2,565.00","2,565.00","2,565.00","","-1.95%"
"05/09/2018","2,616.00","2,616.00","2,616.00","2,616.00","","5.40%"
"05/08/2018","2,482.00","2,482.00","2,482.00","2,482.00","","6.20%"
"05/04/2018","2,337.00","2,337.00","2,337.00","2,337.00","","1.26%"
"05/03/2018","2,308.00","2,308.00","2,308.00","2,308.00","","5.05%"
"05/02/2018","2,197.00","2,197.00","2,197.00","2,197.00","","2.86%"
"05/01/2018","2,136.00","2,136.00","2,136.00","2,136.00","","-1.70%"
"04/30/2018","2,173.00","2,173.00","2,173.00","2,173.00","","-3.47%"
"04/27/2018","2,251.00","2,251.00","2,251.00","2,251.00","","-2.39%"
"04/26/2018","2,306.00","2,306.00","2,306.00","2,306.00","","-0.35%"
"04/25/2018","2,314.00","2,314.00","2,314.00","2,314.00","","8.64%"
"04/24/2018","2,130.00","2,130.00","2,130.00","2,130.00","","6.02%"
"04/23/2018","2,009.00","2,009.00","2,009.00","2,009.00","","4.91%"
"04/20/2018","1,915.00","1,915.00","1,915.00","1,915.00","","14.81%"
"04/19/2018","1,668.00","1,668.00","1,668.00","1,668.00","","18.97%"
"04/18/2018","1,402.00","1,402.00","1,402.00","1,402.00","","21.70%"
"04/17/2018","1,152.00","1,152.00","1,152.00","1,152.00","","8.58%"
"04/16/2018","1,061.00","1,061.00","1,061.00","1,061.00","","2.22%"
"04/13/2018","1,038.00","1,038.00","1,038.00","1,038.00","","5.70%"
"04/12/2018","982.00","982.00","982.00","982.00","","4.47%"
"04/11/2018","940.00","940.00","940.00","940.00","","1.08%"
"04/10/2018","930.00","930.00","930.00","930.00","","8.90%"
"04/09/2018","854.00","854.00","854.00","854.00","","3.64%"
"04/06/2018","824.00","824.00","824.00","824.00","","1.85%"
"04/05/2018","809.00","809.00","809.00","809.00","","-3.80%"
"04/04/2018","841.00","841.00","841.00","841.00","","-8.98%"
"04/03/2018","924.00","924.00","924.00","924.00","","-8.51%"
"03/29/2018","1,010.00","1,010.00","1,010.00","1,010.00","","-5.16%"
"03/28/2018","1,065.00","1,065.00","1,065.00","1,065.00","","-10.58%"
"03/27/2018","1,191.00","1,191.00","1,191.00","1,191.00","","-0.50%"
"03/26/2018","1,197.00","1,197.00","1,197.00","1,197.00","","3.46%"
"03/23/2018","1,157.00","1,157.00","1,157.00","1,157.00","","2.48%"
"03/22/2018","1,129.00","1,129.00","1,129.00","1,129.00","","1.80%"
"03/21/2018","1,109.00","1,109.00","1,109.00","1,109.00","","-0.27%"
"03/20/2018","1,112.00","1,112.00","1,112.00","1,112.00","","-5.04%"
"03/19/2018","1,171.00","1,171.00","1,171.00","1,171.00","","-2.66%"
"03/16/2018","1,203.00","1,203.00","1,203.00","1,203.00","","-2.83%"
"03/15/2018","1,238.00","1,238.00","1,238.00","1,238.00","","-5.64%"
"03/14/2018","1,312.00","1,312.00","1,312.00","1,312.00","","-3.67%"
"03/13/2018","1,362.00","1,362.00","1,362.00","1,362.00","","-4.42%"
"03/12/2018","1,425.00","1,425.00","1,425.00","1,425.00","","-3.65%"
"03/09/2018","1,479.00","1,479.00","1,479.00","1,479.00","","-0.67%"
"03/08/2018","1,489.00","1,489.00","1,489.00","1,489.00","","-0.40%"
"03/07/2018","1,495.00","1,495.00","1,495.00","1,495.00","","-5.80%"
"03/06/2018","1,587.00","1,587.00","1,587.00","1,587.00","","-0.63%"
"03/05/2018","1,597.00","1,597.00","1,597.00","1,597.00","","0.31%"
"03/02/2018","1,592.00","1,592.00","1,592.00","1,592.00","","1.53%"
"03/01/2018","1,568.00","1,568.00","1,568.00","1,568.00","","0.51%"
"02/28/2018","1,560.00","1,560.00","1,560.00","1,560.00","","-2.19%"
"02/27/2018","1,595.00","1,595.00","1,595.00","1,595.00","","-5.06%"
"02/26/2018","1,680.00","1,680.00","1,680.00","1,680.00","","-2.44%"
"02/23/2018","1,722.00","1,722.00","1,722.00","1,722.00","","-0.17%"
"02/22/2018","1,725.00","1,725.00","1,725.00","1,725.00","","0.47%"
"02/21/2018","1,717.00","1,717.00","1,717.00","1,717.00","","2.32%"
"02/20/2018","1,678.00","1,678.00","1,678.00","1,678.00","","5.07%"
"02/19/2018","1,597.00","1,597.00","1,597.00","1,597.00","","-0.68%"
"02/16/2018","1,608.00","1,608.00","1,608.00","1,608.00","","-3.31%"
"02/15/2018","1,663.00","1,663.00","1,663.00","1,663.00","","-3.37%"
"02/14/2018","1,721.00","1,721.00","1,721.00","1,721.00","","-4.02%"
"02/13/2018","1,793.00","1,793.00","1,793.00","1,793.00","","-1.70%"
"02/12/2018","1,824.00","1,824.00","1,824.00","1,824.00","","1.90%"
"02/09/2018","1,790.00","1,790.00","1,790.00","1,790.00","","7.70%"
"02/08/2018","1,662.00","1,662.00","1,662.00","1,662.00","","5.32%"
"02/07/2018","1,578.00","1,578.00","1,578.00","1,578.00","","3.88%"
"02/06/2018","1,519.00","1,519.00","1,519.00","1,519.00","","6.00%"
"02/05/2018","1,433.00","1,433.00","1,433.00","1,433.00","","-2.52%"
"02/02/2018","1,470.00","1,470.00","1,470.00","1,470.00","","-3.80%"
"02/01/2018","1,528.00","1,528.00","1,528.00","1,528.00","","-5.27%"
"01/31/2018","1,613.00","1,613.00","1,613.00","1,613.00","","-7.72%"
"01/30/2018","1,748.00","1,748.00","1,748.00","1,748.00","","-2.02%"
"01/29/2018","1,784.00","1,784.00","1,784.00","1,784.00","","0.68%"
"01/26/2018","1,772.00","1,772.00","1,772.00","1,772.00","","1.14%"
"01/25/2018","1,752.00","1,752.00","1,752.00","1,752.00","","4.53%"
"01/24/2018","1,676.00","1,676.00","1,676.00","1,676.00","","9.90%"
"01/23/2018","1,525.00","1,525.00","1,525.00","1,525.00","","5.54%"
"01/22/2018","1,445.00","1,445.00","1,445.00","1,445.00","","-3.22%"
"01/19/2018","1,493.00","1,493.00","1,493.00","1,493.00","","-7.32%"
"01/18/2018","1,611.00","1,611.00","1,611.00","1,611.00","","-7.57%"
"01/17/2018","1,743.00","1,743.00","1,743.00","1,743.00","","-13.28%"
"01/16/2018","2,010.00","2,010.00","2,010.00","2,010.00","","-9.91%"
"01/15/2018","2,231.00","2,231.00","2,231.00","2,231.00","","-2.83%"
"01/12/2018","2,296.00","2,296.00","2,296.00","2,296.00","","-3.69%"
"01/11/2018","2,384.00","2,384.00","2,384.00","2,384.00","","-10.95%"
"01/10/2018","2,677.00","2,677.00","2,677.00","2,677.00","","-5.07%"
"01/09/2018","2,820.00","2,820.00","2,820.00","2,820.00","","-0.21%"
"01/08/2018","2,826.00","2,826.00","2,826.00","2,826.00","","1.25%"
"01/05/2018","2,791.00","2,791.00","2,791.00","2,791.00","","2.80%"
"01/04/2018","2,715.00","2,715.00","2,715.00","2,715.00","","11.91%"
"01/03/2018","2,426.00","2,426.00","2,426.00","2,426.00","","6.36%"
"01/02/2018","2,281.00","2,281.00","2,281.00","2,281.00","","-19.40%"
"12/22/2017","2,830.00","2,830.00","2,830.00","2,830.00","","-9.15%"
"12/21/2017","3,115.00","3,115.00","3,115.00","3,115.00","","-3.14%"
"12/20/2017","3,216.00","3,216.00","3,216.00","3,216.00","","-8.38%"
"12/19/2017","3,510.00","3,510.00","3,510.00","3,510.00","","-3.99%"
"12/18/2017","3,656.00","3,656.00","3,656.00","3,656.00","","-3.20%"
"12/15/2017","3,777.00","3,777.00","3,777.00","3,777.00","","-4.04%"
"12/14/2017","3,936.00","3,936.00","3,936.00","3,936.00","","-6.53%"
"12/13/2017","4,211.00","4,211.00","4,211.00","4,211.00","","-1.91%"
"12/12/2017","4,293.00","4,293.00","4,293.00","4,293.00","","0.49%"
"12/11/2017","4,272.00","4,272.00","4,272.00","4,272.00","","1.88%"
"12/08/2017","4,193.00","4,193.00","4,193.00","4,193.00","","1.11%"
"12/07/2017","4,147.00","4,147.00","4,147.00","4,147.00","","0.51%"
"12/06/2017","4,126.00","4,126.00","4,126.00","4,126.00","","0.27%"
"12/05/2017","4,115.00","4,115.00","4,115.00","4,115.00","","-0.34%"
"12/04/2017","4,129.00","4,129.00","4,129.00","4,129.00","","2.58%"
"12/01/2017","4,025.00","4,025.00","4,025.00","4,025.00","","4.60%"
"11/30/2017","3,848.00","3,848.00","3,848.00","3,848.00","","2.89%"
"11/29/2017","3,740.00","3,740.00","3,740.00","3,740.00","","2.21%"
"11/28/2017","3,659.00","3,659.00","3,659.00","3,659.00","","3.36%"
"11/27/2017","3,540.00","3,540.00","3,540.00","3,540.00","","2.52%"
"11/24/2017","3,453.00","3,453.00","3,453.00","3,453.00","","0.96%"
"11/23/2017","3,420.00","3,420.00","3,420.00","3,420.00","","3.70%"
"11/22/2017","3,298.00","3,298.00","3,298.00","3,298.00","","1.32%"
"11/21/2017","3,255.00","3,255.00","3,255.00","3,255.00","","1.28%"
"11/20/2017","3,214.00","3,214.00","3,214.00","3,214.00","","1.93%"
"11/17/2017","3,153.00","3,153.00","3,153.00","3,153.00","","2.24%"
"11/16/2017","3,084.00","3,084.00","3,084.00","3,084.00","","-0.77%"
"11/15/2017","3,108.00","3,108.00","3,108.00","3,108.00","","-3.15%"
"11/14/2017","3,209.00","3,209.00","3,209.00","3,209.00","","-4.24%"
"11/13/2017","3,351.00","3,351.00","3,351.00","3,351.00","","-0.27%"
"11/10/2017","3,360.00","3,360.00","3,360.00","3,360.00","","0.33%"
"11/09/2017","3,349.00","3,349.00","3,349.00","3,349.00","","2.76%"
"11/08/2017","3,259.00","3,259.00","3,259.00","3,259.00","","5.10%"
"11/07/2017","3,101.00","3,101.00","3,101.00","3,101.00","","1.87%"
"11/06/2017","3,044.00","3,044.00","3,044.00","3,044.00","","0.26%"
"11/03/2017","3,036.00","3,036.00","3,036.00","3,036.00","","-0.75%"
"11/02/2017","3,059.00","3,059.00","3,059.00","3,059.00","","-2.49%"
"11/01/2017","3,137.00","3,137.00","3,137.00","3,137.00","","-2.55%"
"10/31/2017","3,219.00","3,219.00","3,219.00","3,219.00","","0.06%"
"10/30/2017","3,217.00","3,217.00","3,217.00","3,217.00","","-0.09%"
"10/27/2017","3,220.00","3,220.00","3,220.00","3,220.00","","1.19%"
"10/26/2017","3,182.00","3,182.00","3,182.00","3,182.00","","-0.62%"
"10/25/2017","3,202.00","3,202.00","3,202.00","3,202.00","","0.00%"
"10/24/2017","3,202.00","3,202.00","3,202.00","3,202.00","","0.47%"
"10/23/2017","3,187.00","3,187.00","3,187.00","3,187.00","","1.34%"
"10/20/2017","3,145.00","3,145.00","3,145.00","3,145.00","","-1.29%"
"10/19/2017","3,186.00","3,186.00","3,186.00","3,186.00","","1.66%"
"10/18/2017","3,134.00","3,134.00","3,134.00","3,134.00","","1.79%"
"10/17/2017","3,079.00","3,079.00","3,079.00","3,079.00","","3.32%"
"10/16/2017","2,980.00","2,980.00","2,980.00","2,980.00","","3.80%"
"10/13/2017","2,871.00","2,871.00","2,871.00","2,871.00","","0.42%"
"10/12/2017","2,859.00","2,859.00","2,859.00","2,859.00","","-0.80%"
"10/11/2017","2,882.00","2,882.00","2,882.00","2,882.00","","-0.41%"
"10/10/2017","2,894.00","2,894.00","2,894.00","2,894.00","","-0.41%"
"10/09/2017","2,906.00","2,906.00","2,906.00","2,906.00","","-0.79%"
"10/06/2017","2,929.00","2,929.00","2,929.00","2,929.00","","1.42%"
"10/05/2017","2,888.00","2,888.00","2,888.00","2,888.00","","8.29%"
"10/04/2017","2,667.00","2,667.00","2,667.00","2,667.00","","1.87%"
"10/03/2017","2,618.00","2,618.00","2,618.00","2,618.00","","-1.98%"
"10/02/2017","2,671.00","2,671.00","2,671.00","2,671.00","","-2.45%"
"09/29/2017","2,738.00","2,738.00","2,738.00","2,738.00","","-3.05%"
"09/28/2017","2,824.00","2,824.00","2,824.00","2,824.00","","-4.01%"
"09/27/2017","2,942.00","2,942.00","2,942.00","2,942.00","","-5.13%"
"09/26/2017","3,101.00","3,101.00","3,101.00","3,101.00","","-2.27%"
"09/25/2017","3,173.00","3,173.00","3,173.00","3,173.00","","0.83%"
"09/22/2017","3,147.00","3,147.00","3,147.00","3,147.00","","6.75%"
"09/21/2017","2,948.00","2,948.00","2,948.00","2,948.00","","3.04%"
"09/20/2017","2,861.00","2,861.00","2,861.00","2,861.00","","5.07%"
"09/19/2017","2,723.00","2,723.00","2,723.00","2,723.00","","1.57%"
"09/18/2017","2,681.00","2,681.00","2,681.00","2,681.00","","-0.15%"
"09/15/2017","2,685.00","2,685.00","2,685.00","2,685.00","","1.63%"
"09/14/2017","2,642.00","2,642.00","2,642.00","2,642.00","","0.53%"
"09/13/2017","2,628.00","2,628.00","2,628.00","2,628.00","","-3.52%"
"09/12/2017","2,724.00","2,724.00","2,724.00","2,724.00","","-3.16%"
"09/11/2017","2,813.00","2,813.00","2,813.00","2,813.00","","1.66%"
"09/08/2017","2,767.00","2,767.00","2,767.00","2,767.00","","5.85%"
"09/07/2017","2,614.00","2,614.00","2,614.00","2,614.00","","7.22%"
"09/06/2017","2,438.00","2,438.00","2,438.00","2,438.00","","5.40%"
"09/05/2017","2,313.00","2,313.00","2,313.00","2,313.00","","3.12%"
"09/04/2017","2,243.00","2,243.00","2,243.00","2,243.00","","-0.93%"
"09/01/2017","2,264.00","2,264.00","2,264.00","2,264.00","","-1.26%"
"08/31/2017","2,293.00","2,293.00","2,293.00","2,293.00","","0.48%"
"08/30/2017","2,282.00","2,282.00","2,282.00","2,282.00","","-4.16%"
"08/29/2017","2,381.00","2,381.00","2,381.00","2,381.00","","-1.04%"
"08/25/2017","2,406.00","2,406.00","2,406.00","2,406.00","","3.13%"
"08/24/2017","2,333.00","2,333.00","2,333.00","2,333.00","","-2.06%"
"08/23/2017","2,382.00","2,382.00","2,382.00","2,382.00","","-4.30%"
"08/22/2017","2,489.00","2,489.00","2,489.00","2,489.00","","-3.68%"
"08/21/2017","2,584.00","2,584.00","2,584.00","2,584.00","","0.39%"
"08/18/2017","2,574.00","2,574.00","2,574.00","2,574.00","","1.26%"
"08/17/2017","2,542.00","2,542.00","2,542.00","2,542.00","","9.38%"
"08/16/2017","2,324.00","2,324.00","2,324.00","2,324.00","","7.84%"
"08/15/2017","2,155.00","2,155.00","2,155.00","2,155.00","","2.96%"
"08/14/2017","2,093.00","2,093.00","2,093.00","2,093.00","","3.97%"
"08/11/2017","2,013.00","2,013.00","2,013.00","2,013.00","","9.58%"
"08/10/2017","1,837.00","1,837.00","1,837.00","1,837.00","","7.93%"
"08/09/2017","1,702.00","1,702.00","1,702.00","1,702.00","","2.59%"
"08/08/2017","1,659.00","1,659.00","1,659.00","1,659.00","","0.24%"
"08/07/2017","1,655.00","1,655.00","1,655.00","1,655.00","","1.10%"
"08/04/2017","1,637.00","1,637.00","1,637.00","1,637.00","","2.18%"
"08/03/2017","1,602.00","1,602.00","1,602.00","1,602.00","","8.61%"
"08/02/2017","1,475.00","1,475.00","1,475.00","1,475.00","","10.82%"
"08/01/2017","1,331.00","1,331.00","1,331.00","1,331.00","","8.65%"
"07/31/2017","1,225.00","1,225.00","1,225.00","1,225.00","","7.55%"
"07/28/2017","1,139.00","1,139.00","1,139.00","1,139.00","","0.09%"
"07/27/2017","1,138.00","1,138.00","1,138.00","1,138.00","","-5.64%"
"07/26/2017","1,206.00","1,206.00","1,206.00","1,206.00","","-1.23%"
"07/25/2017","1,221.00","1,221.00","1,221.00","1,221.00","","4.27%"
"07/24/2017","1,171.00","1,171.00","1,171.00","1,171.00","","1.47%"
"07/21/2017","1,154.00","1,154.00","1,154.00","1,154.00","","5.58%"
"07/20/2017","1,093.00","1,093.00","1,093.00","1,093.00","","6.32%"
"07/19/2017","1,028.00","1,028.00","1,028.00","1,028.00","","4.47%"
"07/18/2017","984.00","984.00","984.00","984.00","","5.47%"
"07/17/2017","933.00","933.00","933.00","933.00","","0.00%"
"07/14/2017","933.00","933.00","933.00","933.00","","0.54%"
"07/13/2017","928.00","928.00","928.00","928.00","","9.69%"
"07/12/2017","846.00","846.00","846.00","846.00","","12.05%"
"07/11/2017","755.00","755.00","755.00","755.00","","3.42%"
"07/10/2017","730.00","730.00","730.00","730.00","","-3.05%"
"07/07/2017","753.00","753.00","753.00","753.00","","-7.95%"
"07/06/2017","818.00","818.00","818.00","818.00","","-9.21%"
"07/05/2017","901.00","901.00","901.00","901.00","","-9.63%"
"07/04/2017","997.00","997.00","997.00","997.00","","-3.39%"
"07/03/2017","1,032.00","1,032.00","1,032.00","1,032.00","","-4.97%"
"06/30/2017","1,086.00","1,086.00","1,086.00","1,086.00","","-5.24%"
"06/29/2017","1,146.00","1,146.00","1,146.00","1,146.00","","-2.05%"
"06/28/2017","1,170.00","1,170.00","1,170.00","1,170.00","","9.76%"
"06/27/2017","1,066.00","1,066.00","1,066.00","1,066.00","","6.07%"
"06/26/2017","1,005.00","1,005.00","1,005.00","1,005.00","","1.82%"
"06/23/2017","987.00","987.00","987.00","987.00","","-0.60%"
"06/22/2017","993.00","993.00","993.00","993.00","","-2.65%"
"06/21/2017","1,020.00","1,020.00","1,020.00","1,020.00","","-8.11%"
"06/20/2017","1,110.00","1,110.00","1,110.00","1,110.00","","-5.05%"
"06/19/2017","1,169.00","1,169.00","1,169.00","1,169.00","","-3.63%"
"06/16/2017","1,213.00","1,213.00","1,213.00","1,213.00","","-5.01%"
"06/15/2017","1,277.00","1,277.00","1,277.00","1,277.00","","-6.24%"
"06/14/2017","1,362.00","1,362.00","1,362.00","1,362.00","","-5.55%"
"06/13/2017","1,442.00","1,442.00","1,442.00","1,442.00","","-2.63%"
"06/12/2017","1,481.00","1,481.00","1,481.00","1,481.00","","2.99%"
"06/09/2017","1,438.00","1,438.00","1,438.00","1,438.00","","4.13%"
"06/08/2017","1,381.00","1,381.00","1,381.00","1,381.00","","0.15%"
"06/07/2017","1,379.00","1,379.00","1,379.00","1,379.00","","0.95%"
"06/06/2017","1,366.00","1,366.00","1,366.00","1,366.00","","0.96%"
"06/05/2017","1,353.00","1,353.00","1,353.00","1,353.00","","-1.53%"
"06/02/2017","1,374.00","1,374.00","1,374.00","1,374.00","","-3.92%"
"06/01/2017","1,430.00","1,430.00","1,430.00","1,430.00","","-5.36%"
"05/31/2017","1,511.00","1,511.00","1,511.00","1,511.00","","-3.39%"
"05/30/2017","1,564.00","1,564.00","1,564.00","1,564.00","","-1.70%"
"05/26/2017","1,591.00","1,591.00","1,591.00","1,591.00","","-0.25%"
"05/25/2017","1,595.00","1,595.00","1,595.00","1,595.00","","-3.57%"
"05/24/2017","1,654.00","1,654.00","1,654.00","1,654.00","","-3.05%"
"05/23/2017","1,706.00","1,706.00","1,706.00","1,706.00","","0.12%"
"05/22/2017","1,704.00","1,704.00","1,704.00","1,704.00","","2.16%"
"05/19/2017","1,668.00","1,668.00","1,668.00","1,668.00","","1.83%"
"05/18/2017","1,638.00","1,638.00","1,638.00","1,638.00","","3.02%"
"05/17/2017","1,590.00","1,590.00","1,590.00","1,590.00","","-2.57%"
"05/16/2017","1,632.00","1,632.00","1,632.00","1,632.00","","-1.75%"
"05/15/2017","1,661.00","1,661.00","1,661.00","1,661.00","","-3.71%"
"05/12/2017","1,725.00","1,725.00","1,725.00","1,725.00","","1.77%"
"05/11/2017","1,695.00","1,695.00","1,695.00","1,695.00","","3.04%"
"05/10/2017","1,645.00","1,645.00","1,645.00","1,645.00","","0.61%"
"05/09/2017","1,635.00","1,635.00","1,635.00","1,635.00","","4.07%"
"05/08/2017","1,571.00","1,571.00","1,571.00","1,571.00","","6.15%"
"05/05/2017","1,480.00","1,480.00","1,480.00","1,480.00","","1.51%"
"05/04/2017","1,458.00","1,458.00","1,458.00","1,458.00","","-5.45%"
"05/03/2017","1,542.00","1,542.00","1,542.00","1,542.00","","-7.55%"
"05/02/2017","1,668.00","1,668.00","1,668.00","1,668.00","","-6.24%"
"04/28/2017","1,779.00","1,779.00","1,779.00","1,779.00","","-1.06%"
"04/27/2017","1,798.00","1,798.00","1,798.00","1,798.00","","0.45%"
"04/26/2017","1,790.00","1,790.00","1,790.00","1,790.00","","1.30%"
"04/25/2017","1,767.00","1,767.00","1,767.00","1,767.00","","-0.73%"
"04/24/2017","1,780.00","1,780.00","1,780.00","1,780.00","","-2.73%"
"04/21/2017","1,830.00","1,830.00","1,830.00","1,830.00","","-8.09%"
"04/20/2017","1,991.00","1,991.00","1,991.00","1,991.00","","-6.53%"
"04/19/2017","2,130.00","2,130.00","2,130.00","2,130.00","","-4.05%"
"04/18/2017","2,220.00","2,220.00","2,220.00","2,220.00","","-1.29%"
"04/13/2017","2,249.00","2,249.00","2,249.00","2,249.00","","-0.13%"
"04/12/2017","2,252.00","2,252.00","2,252.00","2,252.00","","1.12%"
"04/11/2017","2,227.00","2,227.00","2,227.00","2,227.00","","2.86%"
"04/10/2017","2,165.00","2,165.00","2,165.00","2,165.00","","-0.37%"
"04/07/2017","2,173.00","2,173.00","2,173.00","2,173.00","","-0.50%"
"04/06/2017","2,184.00","2,184.00","2,184.00","2,184.00","","-2.02%"
"04/05/2017","2,229.00","2,229.00","2,229.00","2,229.00","","-6.42%"
"04/04/2017","2,382.00","2,382.00","2,382.00","2,382.00","","-5.40%"
"04/03/2017","2,518.00","2,518.00","2,518.00","2,518.00","","-3.04%"
"03/31/2017","2,597.00","2,597.00","2,597.00","2,597.00","","-3.46%"
"03/30/2017","2,690.00","2,690.00","2,690.00","2,690.00","","-2.36%"
"03/29/2017","2,755.00","2,755.00","2,755.00","2,755.00","","-0.36%"
"03/28/2017","2,765.00","2,765.00","2,765.00","2,765.00","","5.53%"
"03/27/2017","2,620.00","2,620.00","2,620.00","2,620.00","","5.56%"
"03/24/2017","2,482.00","2,482.00","2,482.00","2,482.00","","5.84%"
"03/23/2017","2,345.00","2,345.00","2,345.00","2,345.00","","-1.39%"
"03/22/2017","2,378.00","2,378.00","2,378.00","2,378.00","","-2.58%"
"03/21/2017","2,441.00","2,441.00","2,441.00","2,441.00","","-1.01%"
"03/20/2017","2,466.00","2,466.00","2,466.00","2,466.00","","2.20%"
"03/17/2017","2,413.00","2,413.00","2,413.00","2,413.00","","6.53%"
"03/16/2017","2,265.00","2,265.00","2,265.00","2,265.00","","6.04%"
"03/15/2017","2,136.00","2,136.00","2,136.00","2,136.00","","10.73%"
"03/14/2017","1,929.00","1,929.00","1,929.00","1,929.00","","4.67%"
"03/13/2017","1,843.00","1,843.00","1,843.00","1,843.00","","3.02%"
"03/10/2017","1,789.00","1,789.00","1,789.00","1,789.00","","6.62%"
"03/09/2017","1,678.00","1,678.00","1,678.00","1,678.00","","6.34%"
"03/08/2017","1,578.00","1,578.00","1,578.00","1,578.00","","1.41%"
"03/07/2017","1,556.00","1,556.00","1,556.00","1,556.00","","15.69%"
"03/06/2017","1,345.00","1,345.00","1,345.00","1,345.00","","9.62%"
"03/03/2017","1,227.00","1,227.00","1,227.00","1,227.00","","11.85%"
"03/02/2017","1,097.00","1,097.00","1,097.00","1,097.00","","10.36%"
"03/01/2017","994.00","994.00","994.00","994.00","","-2.64%"
"02/28/2017","1,021.00","1,021.00","1,021.00","1,021.00","","-11.29%"
"02/27/2017","1,151.00","1,151.00","1,151.00","1,151.00","","-1.20%"
"02/24/2017","1,165.00","1,165.00","1,165.00","1,165.00","","2.73%"
"02/23/2017","1,134.00","1,134.00","1,134.00","1,134.00","","19.24%"
"02/22/2017","951.00","951.00","951.00","951.00","","11.10%"
"02/21/2017","856.00","856.00","856.00","856.00","","8.22%"
"02/20/2017","791.00","791.00","791.00","791.00","","7.04%"
"02/17/2017","739.00","739.00","739.00","739.00","","19.19%"
"02/16/2017","620.00","620.00","620.00","620.00","","11.51%"
"02/15/2017","556.00","556.00","556.00","556.00","","-1.94%"
"02/14/2017","567.00","567.00","567.00","567.00","","-6.90%"
"02/13/2017","609.00","609.00","609.00","609.00","","-11.35%"
"02/10/2017","687.00","687.00","687.00","687.00","","-5.63%"
"02/09/2017","728.00","728.00","728.00","728.00","","0.41%"
"02/08/2017","725.00","725.00","725.00","725.00","","-9.71%"
"02/07/2017","803.00","803.00","803.00","803.00","","-11.86%"
"02/06/2017","911.00","911.00","911.00","911.00","","-7.14%"
"02/03/2017","981.00","981.00","981.00","981.00","","-7.80%"
"02/02/2017","1,064.00","1,064.00","1,064.00","1,064.00","","-5.17%"
"02/01/2017","1,122.00","1,122.00","1,122.00","1,122.00","","-3.86%"
"01/31/2017","1,167.00","1,167.00","1,167.00","1,167.00","","-3.15%"
"01/30/2017","1,205.00","1,205.00","1,205.00","1,205.00","","-2.74%"
"01/27/2017","1,239.00","1,239.00","1,239.00","1,239.00","","-3.73%"
"01/26/2017","1,287.00","1,287.00","1,287.00","1,287.00","","-5.99%"
"01/25/2017","1,369.00","1,369.00","1,369.00","1,369.00","","-6.62%"
"01/24/2017","1,466.00","1,466.00","1,466.00","1,466.00","","-7.16%"
"01/23/2017","1,579.00","1,579.00","1,579.00","1,579.00","","-1.93%"
"01/20/2017","1,610.00","1,610.00","1,610.00","1,610.00","","-3.30%"
"01/19/2017","1,665.00","1,665.00","1,665.00","1,665.00","","-0.48%"
"01/18/2017","1,673.00","1,673.00","1,673.00","1,673.00","","10.87%"
"01/17/2017","1,509.00","1,509.00","1,509.00","1,509.00","","2.79%"
"01/16/2017","1,468.00","1,468.00","1,468.00","1,468.00","","6.15%"
"01/13/2017","1,383.00","1,383.00","1,383.00","1,383.00","","6.88%"
"01/12/2017","1,294.00","1,294.00","1,294.00","1,294.00","","-2.41%"
"01/11/2017","1,326.00","1,326.00","1,326.00","1,326.00","","-9.80%"
"01/10/2017","1,470.00","1,470.00","1,470.00","1,470.00","","-8.01%"
"01/09/2017","1,598.00","1,598.00","1,598.00","1,598.00","","-3.62%"
"01/06/2017","1,658.00","1,658.00","1,658.00","1,658.00","","-5.74%"
"01/05/2017","1,759.00","1,759.00","1,759.00","1,759.00","","5.08%"
"01/04/2017","1,674.00","1,674.00","1,674.00","1,674.00","","8.84%"
"01/03/2017","1,538.00","1,538.00","1,538.00","1,538.00","","11.05%"
"12/23/2016","1,385.00","1,385.00","1,385.00","1,385.00","","13.62%"
"12/22/2016","1,219.00","1,219.00","1,219.00","1,219.00","","6.56%"
"12/21/2016","1,144.00","1,144.00","1,144.00","1,144.00","","9.58%"
"12/20/2016","1,044.00","1,044.00","1,044.00","1,044.00","","0.48%"
"12/19/2016","1,039.00","1,039.00","1,039.00","1,039.00","","-0.86%"
"12/16/2016","1,048.00","1,048.00","1,048.00","1,048.00","","-0.95%"
"12/15/2016","1,058.00","1,058.00","1,058.00","1,058.00","","-9.50%"
"12/14/2016","1,169.00","1,169.00","1,169.00","1,169.00","","-16.74%"
"12/13/2016","1,404.00","1,404.00","1,404.00","1,404.00","","-4.10%"
"12/12/2016","1,464.00","1,464.00","1,464.00","1,464.00","","-7.05%"
"12/09/2016","1,575.00","1,575.00","1,575.00","1,575.00","","-8.64%"
"12/08/2016","1,724.00","1,724.00","1,724.00","1,724.00","","-10.90%"
"12/07/2016","1,935.00","1,935.00","1,935.00","1,935.00","","-6.39%"
"12/06/2016","2,067.00","2,067.00","2,067.00","2,067.00","","-3.28%"
"12/05/2016","2,137.00","2,137.00","2,137.00","2,137.00","","-2.55%"
"12/02/2016","2,193.00","2,193.00","2,193.00","2,193.00","","-0.59%"
"12/01/2016","2,206.00","2,206.00","2,206.00","2,206.00","","-2.52%"
"11/30/2016","2,263.00","2,263.00","2,263.00","2,263.00","","-1.78%"
"11/29/2016","2,304.00","2,304.00","2,304.00","2,304.00","","1.95%"
"11/28/2016","2,260.00","2,260.00","2,260.00","2,260.00","","-0.13%"
"11/25/2016","2,263.00","2,263.00","2,263.00","2,263.00","","-4.68%"
"11/24/2016","2,374.00","2,374.00","2,374.00","2,374.00","","-5.31%"
"11/23/2016","2,507.00","2,507.00","2,507.00","2,507.00","","-3.50%"
"11/22/2016","2,598.00","2,598.00","2,598.00","2,598.00","","-1.52%"
"11/21/2016","2,638.00","2,638.00","2,638.00","2,638.00","","-4.14%"
"11/18/2016","2,752.00","2,752.00","2,752.00","2,752.00","","0.77%"
"11/17/2016","2,731.00","2,731.00","2,731.00","2,731.00","","11.88%"
"11/16/2016","2,441.00","2,441.00","2,441.00","2,441.00","","6.97%"
"11/15/2016","2,282.00","2,282.00","2,282.00","2,282.00","","-2.40%"
"11/14/2016","2,338.00","2,338.00","2,338.00","2,338.00","","1.52%"
"11/11/2016","2,303.00","2,303.00","2,303.00","2,303.00","","14.58%"
"11/10/2016","2,010.00","2,010.00","2,010.00","2,010.00","","2.87%"
"11/09/2016","1,954.00","1,954.00","1,954.00","1,954.00","","9.41%"
"11/08/2016","1,786.00","1,786.00","1,786.00","1,786.00","","9.17%"
"11/07/2016","1,636.00","1,636.00","1,636.00","1,636.00","","2.70%"
"11/04/2016","1,593.00","1,593.00","1,593.00","1,593.00","","3.17%"
"11/03/2016","1,544.00","1,544.00","1,544.00","1,544.00","","6.41%"
"11/02/2016","1,451.00","1,451.00","1,451.00","1,451.00","","0.55%"
"11/01/2016","1,443.00","1,443.00","1,443.00","1,443.00","","-5.93%"
"10/31/2016","1,534.00","1,534.00","1,534.00","1,534.00","","8.26%"
"10/28/2016","1,417.00","1,417.00","1,417.00","1,417.00","","13.54%"
"10/27/2016","1,248.00","1,248.00","1,248.00","1,248.00","","-2.12%"
"10/26/2016","1,275.00","1,275.00","1,275.00","1,275.00","","-5.42%"
"10/25/2016","1,348.00","1,348.00","1,348.00","1,348.00","","-8.36%"
"10/24/2016","1,471.00","1,471.00","1,471.00","1,471.00","","-6.60%"
"10/21/2016","1,575.00","1,575.00","1,575.00","1,575.00","","-3.79%"
"10/20/2016","1,637.00","1,637.00","1,637.00","1,637.00","","-10.35%"
"10/19/2016","1,826.00","1,826.00","1,826.00","1,826.00","","-6.36%"
"10/18/2016","1,950.00","1,950.00","1,950.00","1,950.00","","-2.65%"
"10/17/2016","2,003.00","2,003.00","2,003.00","2,003.00","","-0.74%"
"10/14/2016","2,018.00","2,018.00","2,018.00","2,018.00","","0.00%"
"10/13/2016","2,018.00","2,018.00","2,018.00","2,018.00","","-6.31%"
"10/12/2016","2,154.00","2,154.00","2,154.00","2,154.00","","-3.62%"
"10/11/2016","2,235.00","2,235.00","2,235.00","2,235.00","","0.00%"
"10/10/2016","2,235.00","2,235.00","2,235.00","2,235.00","","-0.45%"
"10/07/2016","2,245.00","2,245.00","2,245.00","2,245.00","","1.22%"
"10/06/2016","2,218.00","2,218.00","2,218.00","2,218.00","","10.24%"
"10/05/2016","2,012.00","2,012.00","2,012.00","2,012.00","","2.13%"
"10/04/2016","1,970.00","1,970.00","1,970.00","1,970.00","","-0.05%"
"10/03/2016","1,971.00","1,971.00","1,971.00","1,971.00","","-1.84%"
"09/30/2016","2,008.00","2,008.00","2,008.00","2,008.00","","-2.85%"
"09/29/2016","2,067.00","2,067.00","2,067.00","2,067.00","","-5.87%"
"09/28/2016","2,196.00","2,196.00","2,196.00","2,196.00","","-4.44%"
"09/27/2016","2,298.00","2,298.00","2,298.00","2,298.00","","-1.16%"
"09/26/2016","2,325.00","2,325.00","2,325.00","2,325.00","","-2.43%"
"09/23/2016","2,383.00","2,383.00","2,383.00","2,383.00","","-0.25%"
"09/22/2016","2,389.00","2,389.00","2,389.00","2,389.00","","12.80%"
"09/21/2016","2,118.00","2,118.00","2,118.00","2,118.00","","7.84%"
"09/20/2016","1,964.00","1,964.00","1,964.00","1,964.00","","5.99%"
"09/19/2016","1,853.00","1,853.00","1,853.00","1,853.00","","10.30%"
"09/16/2016","1,680.00","1,680.00","1,680.00","1,680.00","","12.98%"
"09/15/2016","1,487.00","1,487.00","1,487.00","1,487.00","","2.98%"
"09/14/2016","1,444.00","1,444.00","1,444.00","1,444.00","","-10.14%"
"09/13/2016","1,607.00","1,607.00","1,607.00","1,607.00","","1.64%"
"09/12/2016","1,581.00","1,581.00","1,581.00","1,581.00","","0.96%"
"09/09/2016","1,566.00","1,566.00","1,566.00","1,566.00","","5.95%"
"09/08/2016","1,478.00","1,478.00","1,478.00","1,478.00","","7.80%"
"09/07/2016","1,371.00","1,371.00","1,371.00","1,371.00","","15.99%"
"09/06/2016","1,182.00","1,182.00","1,182.00","1,182.00","","9.55%"
"09/05/2016","1,079.00","1,079.00","1,079.00","1,079.00","","2.37%"
"09/02/2016","1,054.00","1,054.00","1,054.00","1,054.00","","5.19%"
"09/01/2016","1,002.00","1,002.00","1,002.00","1,002.00","","2.45%"
"08/31/2016","978.00","978.00","978.00","978.00","","-0.81%"
"08/30/2016","986.00","986.00","986.00","986.00","","-1.50%"
"08/26/2016","1,001.00","1,001.00","1,001.00","1,001.00","","2.77%"
"08/25/2016","974.00","974.00","974.00","974.00","","7.03%"
"08/24/2016","910.00","910.00","910.00","910.00","","5.69%"
"08/23/2016","861.00","861.00","861.00","861.00","","1.53%"
"08/22/2016","848.00","848.00","848.00","848.00","","0.59%"
"08/19/2016","843.00","843.00","843.00","843.00","","-1.06%"
"08/18/2016","852.00","852.00","852.00","852.00","","-3.73%"
"08/17/2016","885.00","885.00","885.00","885.00","","-4.43%"
"08/16/2016","926.00","926.00","926.00","926.00","","0.65%"
"08/15/2016","920.00","920.00","920.00","920.00","","3.25%"
"08/12/2016","891.00","891.00","891.00","891.00","","6.96%"
"08/11/2016","833.00","833.00","833.00","833.00","","4.78%"
"08/10/2016","795.00","795.00","795.00","795.00","","3.25%"
"08/09/2016","770.00","770.00","770.00","770.00","","-0.90%"
"08/08/2016","777.00","777.00","777.00","777.00","","0.91%"
"08/05/2016","770.00","770.00","770.00","770.00","","1.45%"
"08/04/2016","759.00","759.00","759.00","759.00","","0.13%"
"08/03/2016","758.00","758.00","758.00","758.00","","0.13%"
"08/02/2016","757.00","757.00","757.00","757.00","","0.00%"
"08/01/2016","757.00","757.00","757.00","757.00","","-1.43%"
"07/29/2016","768.00","768.00","768.00","768.00","","-1.54%"
"07/28/2016","780.00","780.00","780.00","780.00","","-2.86%"
"07/27/2016","803.00","803.00","803.00","803.00","","-4.52%"
"07/26/2016","841.00","841.00","841.00","841.00","","-4.10%"
"07/25/2016","877.00","877.00","877.00","877.00","","-2.01%"
"07/22/2016","895.00","895.00","895.00","895.00","","-1.21%"
"07/21/2016","906.00","906.00","906.00","906.00","","-3.31%"
"07/20/2016","937.00","937.00","937.00","937.00","","-4.97%"
"07/19/2016","986.00","986.00","986.00","986.00","","-2.95%"
"07/18/2016","1,016.00","1,016.00","1,016.00","1,016.00","","-0.68%"
"07/15/2016","1,023.00","1,023.00","1,023.00","1,023.00","","0.29%"
"07/14/2016","1,020.00","1,020.00","1,020.00","1,020.00","","0.99%"
"07/13/2016","1,010.00","1,010.00","1,010.00","1,010.00","","2.33%"
"07/12/2016","987.00","987.00","987.00","987.00","","-0.40%"
"07/11/2016","991.00","991.00","991.00","991.00","","-1.10%"
"07/08/2016","1,002.00","1,002.00","1,002.00","1,002.00","","-0.60%"
"07/07/2016","1,008.00","1,008.00","1,008.00","1,008.00","","-1.08%"
"07/06/2016","1,019.00","1,019.00","1,019.00","1,019.00","","-1.45%"
"07/05/2016","1,034.00","1,034.00","1,034.00","1,034.00","","-1.43%"
"07/04/2016","1,049.00","1,049.00","1,049.00","1,049.00","","1.84%"
"07/01/2016","1,030.00","1,030.00","1,030.00","1,030.00","","3.41%"
"06/30/2016","996.00","996.00","996.00","996.00","","4.29%"
"06/29/2016","955.00","955.00","955.00","955.00","","2.03%"
"06/28/2016","936.00","936.00","936.00","936.00","","1.85%"
"06/27/2016","919.00","919.00","919.00","919.00","","0.66%"
"06/24/2016","913.00","913.00","913.00","913.00","","1.78%"
"06/23/2016","897.00","897.00","897.00","897.00","","2.16%"
"06/22/2016","878.00","878.00","878.00","878.00","","0.57%"
"06/21/2016","873.00","873.00","873.00","873.00","","-2.68%"
"06/20/2016","897.00","897.00","897.00","897.00","","-3.24%"
"06/17/2016","927.00","927.00","927.00","927.00","","-5.02%"
"06/16/2016","976.00","976.00","976.00","976.00","","-2.40%"
"06/15/2016","1,000.00","1,000.00","1,000.00","1,000.00","","-1.77%"
"06/14/2016","1,018.00","1,018.00","1,018.00","1,018.00","","0.39%"
"06/13/2016","1,014.00","1,014.00","1,014.00","1,014.00","","0.80%"
"06/10/2016","1,006.00","1,006.00","1,006.00","1,006.00","","1.11%"
"06/09/2016","995.00","995.00","995.00","995.00","","2.26%"
"06/08/2016","973.00","973.00","973.00","973.00","","5.76%"
"06/07/2016","920.00","920.00","920.00","920.00","","-0.22%"
"06/06/2016","922.00","922.00","922.00","922.00","","0.99%"
"06/03/2016","913.00","913.00","913.00","913.00","","6.91%"
"06/02/2016","854.00","854.00","854.00","854.00","","-0.81%"
"06/01/2016","861.00","861.00","861.00","861.00","","0.82%"
"05/31/2016","854.00","854.00","854.00","854.00","","2.89%"
"05/27/2016","830.00","830.00","830.00","830.00","","4.67%"
"05/26/2016","793.00","793.00","793.00","793.00","","-0.75%"
"05/25/2016","799.00","799.00","799.00","799.00","","-5.78%"
"05/24/2016","848.00","848.00","848.00","848.00","","-2.53%"
"05/23/2016","870.00","870.00","870.00","870.00","","0.00%"
"05/20/2016","870.00","870.00","870.00","870.00","","-3.97%"
"05/19/2016","906.00","906.00","906.00","906.00","","-5.03%"
"05/18/2016","954.00","954.00","954.00","954.00","","-3.44%"
"05/17/2016","988.00","988.00","988.00","988.00","","15.69%"
"05/16/2016","854.00","854.00","854.00","854.00","","7.02%"
"05/13/2016","798.00","798.00","798.00","798.00","","10.22%"
"05/12/2016","724.00","724.00","724.00","724.00","","1.54%"
"05/11/2016","713.00","713.00","713.00","713.00","","-5.19%"
"05/10/2016","752.00","752.00","752.00","752.00","","-10.16%"
"05/09/2016","837.00","837.00","837.00","837.00","","-6.17%"
"05/06/2016","892.00","892.00","892.00","892.00","","-2.51%"
"05/05/2016","915.00","915.00","915.00","915.00","","-4.09%"
"05/04/2016","954.00","954.00","954.00","954.00","","-9.57%"
"05/03/2016","1,055.00","1,055.00","1,055.00","1,055.00","","-5.55%"
"04/29/2016","1,117.00","1,117.00","1,117.00","1,117.00","","-1.76%"
"04/28/2016","1,137.00","1,137.00","1,137.00","1,137.00","","-1.98%"
"04/27/2016","1,160.00","1,160.00","1,160.00","1,160.00","","2.20%"
"04/26/2016","1,135.00","1,135.00","1,135.00","1,135.00","","4.42%"
"04/25/2016","1,087.00","1,087.00","1,087.00","1,087.00","","0.18%"
"04/22/2016","1,085.00","1,085.00","1,085.00","1,085.00","","8.07%"
"04/21/2016","1,004.00","1,004.00","1,004.00","1,004.00","","-1.76%"
"04/20/2016","1,022.00","1,022.00","1,022.00","1,022.00","","-4.04%"
"04/19/2016","1,065.00","1,065.00","1,065.00","1,065.00","","3.40%"
"04/18/2016","1,030.00","1,030.00","1,030.00","1,030.00","","8.54%"
"04/15/2016","949.00","949.00","949.00","949.00","","14.20%"
"04/14/2016","831.00","831.00","831.00","831.00","","11.69%"
"04/13/2016","744.00","744.00","744.00","744.00","","0.00%"
"04/12/2016","744.00","744.00","744.00","744.00","","1.50%"
"04/11/2016","733.00","733.00","733.00","733.00","","11.74%"
"04/08/2016","656.00","656.00","656.00","656.00","","16.73%"
"04/07/2016","562.00","562.00","562.00","562.00","","17.82%"
"04/06/2016","477.00","477.00","477.00","477.00","","2.36%"
"04/05/2016","466.00","466.00","466.00","466.00","","9.91%"
"04/04/2016","424.00","424.00","424.00","424.00","","22.90%"
"04/01/2016","345.00","345.00","345.00","345.00","","27.78%"
"03/31/2016","270.00","270.00","270.00","270.00","","28.57%"
"03/30/2016","210.00","210.00","210.00","210.00","","1.45%"
"03/29/2016","207.00","207.00","207.00","207.00","","1.97%"
"03/24/2016","203.00","203.00","203.00","203.00","","3.57%"
"03/23/2016","196.00","196.00","196.00","196.00","","5.38%"
"03/22/2016","186.00","186.00","186.00","186.00","","-5.58%"
"03/21/2016","197.00","197.00","197.00","197.00","","0.00%"
"03/18/2016","197.00","197.00","197.00","197.00","","10.67%"
"03/17/2016","178.00","178.00","178.00","178.00","","3.49%"
"03/16/2016","172.00","172.00","172.00","172.00","","-7.53%"
"03/15/2016","186.00","186.00","186.00","186.00","","3.91%"
"03/14/2016","179.00","179.00","179.00","179.00","","1.70%"
"03/11/2016","176.00","176.00","176.00","176.00","","-1.12%"
"03/10/2016","178.00","178.00","178.00","178.00","","0.00%"
"03/09/2016","178.00","178.00","178.00","178.00","","-1.11%"
"03/08/2016","180.00","180.00","180.00","180.00","","11.80%"
"03/07/2016","161.00","161.00","161.00","161.00","","-1.83%"
"03/04/2016","164.00","164.00","164.00","164.00","","-1.20%"
"03/03/2016","166.00","166.00","166.00","166.00","","-2.92%"
"03/02/2016","171.00","171.00","171.00","171.00","","-1.72%"
"03/01/2016","174.00","174.00","174.00","174.00","","0.00%"
"02/29/2016","174.00","174.00","174.00","174.00","","-1.69%"
"02/26/2016","177.00","177.00","177.00","177.00","","-2.75%"
"02/25/2016","182.00","182.00","182.00","182.00","","-2.15%"
"02/24/2016","186.00","186.00","186.00","186.00","","-1.59%"
"02/23/2016","189.00","189.00","189.00","189.00","","-4.06%"
"02/22/2016","197.00","197.00","197.00","197.00","","-4.83%"
"02/19/2016","207.00","207.00","207.00","207.00","","-5.91%"
"02/18/2016","220.00","220.00","220.00","220.00","","-1.35%"
"02/17/2016","223.00","223.00","223.00","223.00","","0.00%"
"02/16/2016","223.00","223.00","223.00","223.00","","9.31%"
"02/15/2016","204.00","204.00","204.00","204.00","","2.51%"
"02/12/2016","199.00","199.00","199.00","199.00","","-3.40%"
"02/11/2016","206.00","206.00","206.00","206.00","","-0.96%"
"02/10/2016","208.00","208.00","208.00","208.00","","0.48%"
"02/09/2016","207.00","207.00","207.00","207.00","","0.00%"
"02/08/2016","207.00","207.00","207.00","207.00","","-2.36%"
"02/05/2016","212.00","212.00","212.00","212.00","","1.92%"
"02/04/2016","208.00","208.00","208.00","208.00","","-0.48%"
"02/03/2016","209.00","209.00","209.00","209.00","","-3.69%"
"02/02/2016","217.00","217.00","217.00","217.00","","0.00%"
"02/01/2016","217.00","217.00","217.00","217.00","","2.84%"
"01/29/2016","211.00","211.00","211.00","211.00","","-2.31%"
"01/28/2016","216.00","216.00","216.00","216.00","","-8.09%"
"01/27/2016","235.00","235.00","235.00","235.00","","-2.89%"
"01/26/2016","242.00","242.00","242.00","242.00","","-4.72%"
"01/25/2016","254.00","254.00","254.00","254.00","","10.92%"
"01/22/2016","229.00","229.00","229.00","229.00","","11.17%"
"01/21/2016","206.00","206.00","206.00","206.00","","10.75%"
"01/20/2016","186.00","186.00","186.00","186.00","","0.54%"
"01/19/2016","185.00","185.00","185.00","185.00","","-6.09%"
"01/18/2016","197.00","197.00","197.00","197.00","","-0.51%"