"Date","Price","Open","High","Low","Vol.","Change %"
"31-03-2025","614.00","614.00","614.00","614.00","","0.00%"
"28-03-2025","614.00","614.00","614.00","614.00","","1.15%"
"27-03-2025","607.00","607.00","607.00","607.00","","0.66%"
"26-03-2025","603.00","603.00","603.00","603.00","","0.33%"
"25-03-2025","601.00","601.00","601.00","601.00","","0.33%"
"24-03-2025","599.00","599.00","599.00","599.00","","0.50%"
"21-03-2025","596.00","596.00","596.00","596.00","","0.51%"
"20-03-2025","593.00","593.00","593.00","593.00","","7.23%"
"06-03-2025","553.00","553.00","553.00","553.00","","0.73%"
"05-03-2025","549.00","549.00","549.00","549.00","","0.18%"
"04-03-2025","548.00","548.00","548.00","548.00","","0.18%"
"03-03-2025","547.00","547.00","547.00","547.00","","0.00%"
"28-02-2025","547.00","547.00","547.00","547.00","","0.18%"
"27-02-2025","546.00","546.00","546.00","546.00","","-0.18%"
"26-02-2025","547.00","547.00","547.00","547.00","","0.74%"
"25-02-2025","543.00","543.00","543.00","543.00","","0.56%"
"24-02-2025","540.00","540.00","540.00","540.00","","1.12%"
"21-02-2025","534.00","534.00","534.00","534.00","","2.10%"
"20-02-2025","523.00","523.00","523.00","523.00","","2.35%"
"19-02-2025","511.00","511.00","511.00","511.00","","2.40%"
"18-02-2025","499.00","499.00","499.00","499.00","","2.67%"
"17-02-2025","486.00","486.00","486.00","486.00","","2.97%"
"14-02-2025","472.00","472.00","472.00","472.00","","3.74%"
"13-02-2025","455.00","455.00","455.00","455.00","","3.88%"
"12-02-2025","438.00","438.00","438.00","438.00","","4.53%"
"11-02-2025","419.00","419.00","419.00","419.00","","2.70%"
"10-02-2025","408.00","408.00","408.00","408.00","","2.51%"
"07-02-2025","398.00","398.00","398.00","398.00","","2.58%"
"06-02-2025","388.00","388.00","388.00","388.00","","3.19%"
"05-02-2025","376.00","376.00","376.00","376.00","","1.35%"
"04-02-2025","371.00","371.00","371.00","371.00","","-0.27%"
"03-02-2025","372.00","372.00","372.00","372.00","","-1.33%"
"31-01-2025","377.00","377.00","377.00","377.00","","-1.05%"
"30-01-2025","381.00","381.00","381.00","381.00","","-0.78%"
"29-01-2025","384.00","384.00","384.00","384.00","","-1.29%"
"28-01-2025","389.00","389.00","389.00","389.00","","-2.26%"
"27-01-2025","398.00","398.00","398.00","398.00","","-3.16%"
"24-01-2025","411.00","411.00","411.00","411.00","","-1.67%"
"23-01-2025","418.00","418.00","418.00","418.00","","-2.34%"
"22-01-2025","428.00","428.00","428.00","428.00","","-1.83%"
"21-01-2025","436.00","436.00","436.00","436.00","","-2.24%"
"20-01-2025","446.00","446.00","446.00","446.00","","-1.55%"
"17-01-2025","453.00","453.00","453.00","453.00","","-2.37%"
"16-01-2025","464.00","464.00","464.00","464.00","","-2.73%"
"15-01-2025","477.00","477.00","477.00","477.00","","-3.44%"
"14-01-2025","494.00","494.00","494.00","494.00","","-1.59%"
"13-01-2025","502.00","502.00","502.00","502.00","","-1.18%"
"10-01-2025","508.00","508.00","508.00","508.00","","-1.36%"
"09-01-2025","515.00","515.00","515.00","515.00","","-1.72%"
"08-01-2025","524.00","524.00","524.00","524.00","","-1.50%"
"07-01-2025","532.00","532.00","532.00","532.00","","-1.30%"
"06-01-2025","539.00","539.00","539.00","539.00","","-1.82%"
"03-01-2025","549.00","549.00","549.00","549.00","","-0.90%"
"02-01-2025","554.00","554.00","554.00","554.00","","-2.64%"
"24-12-2024","569.00","569.00","569.00","569.00","","-0.70%"
"23-12-2024","573.00","573.00","573.00","573.00","","-1.04%"
"20-12-2024","579.00","579.00","579.00","579.00","","-1.19%"
"19-12-2024","586.00","586.00","586.00","586.00","","-1.18%"
"18-12-2024","593.00","593.00","593.00","593.00","","-1.17%"
"17-12-2024","600.00","600.00","600.00","600.00","","-1.32%"
"16-12-2024","608.00","608.00","608.00","608.00","","-1.62%"
"13-12-2024","618.00","618.00","618.00","618.00","","-1.28%"
"12-12-2024","626.00","626.00","626.00","626.00","","-0.32%"
"11-12-2024","628.00","628.00","628.00","628.00","","-0.63%"
"10-12-2024","632.00","632.00","632.00","632.00","","-1.25%"
"09-12-2024","640.00","640.00","640.00","640.00","","-0.62%"
"06-12-2024","644.00","644.00","644.00","644.00","","-0.92%"
"05-12-2024","650.00","650.00","650.00","650.00","","-0.15%"
"04-12-2024","651.00","651.00","651.00","651.00","","-0.31%"
"03-12-2024","653.00","653.00","653.00","653.00","","-0.61%"
"02-12-2024","657.00","657.00","657.00","657.00","","-0.30%"
"29-11-2024","659.00","659.00","659.00","659.00","","-0.30%"
"28-11-2024","661.00","661.00","661.00","661.00","","-0.15%"
"27-11-2024","662.00","662.00","662.00","662.00","","-0.30%"
"26-11-2024","664.00","664.00","664.00","664.00","","-0.60%"
"25-11-2024","668.00","668.00","668.00","668.00","","-0.30%"
"22-11-2024","670.00","670.00","670.00","670.00","","-0.15%"
"21-11-2024","671.00","671.00","671.00","671.00","","-0.59%"
"20-11-2024","675.00","675.00","675.00","675.00","","-0.44%"
"19-11-2024","678.00","678.00","678.00","678.00","","-0.44%"
"18-11-2024","681.00","681.00","681.00","681.00","","-0.58%"
"15-11-2024","685.00","685.00","685.00","685.00","","-0.29%"
"14-11-2024","687.00","687.00","687.00","687.00","","-0.87%"
"13-11-2024","693.00","693.00","693.00","693.00","","-0.57%"
"12-11-2024","697.00","697.00","697.00","697.00","","-0.57%"
"11-11-2024","701.00","701.00","701.00","701.00","","-0.28%"
"08-11-2024","703.00","703.00","703.00","703.00","","-0.28%"
"07-11-2024","705.00","705.00","705.00","705.00","","-0.28%"
"06-11-2024","707.00","707.00","707.00","707.00","","-0.42%"
"05-11-2024","710.00","710.00","710.00","710.00","","-0.70%"
"04-11-2024","715.00","715.00","715.00","715.00","","-0.42%"
"01-11-2024","718.00","718.00","718.00","718.00","","-0.14%"
"31-10-2024","719.00","719.00","719.00","719.00","","-0.14%"
"30-10-2024","720.00","720.00","720.00","720.00","","-0.28%"
"29-10-2024","722.00","722.00","722.00","722.00","","-0.14%"
"28-10-2024","723.00","723.00","723.00","723.00","","-0.69%"
"25-10-2024","728.00","728.00","728.00","728.00","","0.14%"
"24-10-2024","727.00","727.00","727.00","727.00","","-0.55%"
"23-10-2024","731.00","731.00","731.00","731.00","","0.27%"
"22-10-2024","729.00","729.00","729.00","729.00","","0.41%"
"21-10-2024","726.00","726.00","726.00","726.00","","-0.14%"
"18-10-2024","727.00","727.00","727.00","727.00","","0.28%"
"17-10-2024","725.00","725.00","725.00","725.00","","0.28%"
"16-10-2024","723.00","723.00","723.00","723.00","","0.42%"
"15-10-2024","720.00","720.00","720.00","720.00","","0.14%"
"14-10-2024","719.00","719.00","719.00","719.00","","0.14%"
"11-10-2024","718.00","718.00","718.00","718.00","","0.14%"
"10-10-2024","717.00","717.00","717.00","717.00","","0.14%"
"09-10-2024","716.00","716.00","716.00","716.00","","-0.14%"
"08-10-2024","717.00","717.00","717.00","717.00","","0.28%"
"07-10-2024","715.00","715.00","715.00","715.00","","0.42%"
"04-10-2024","712.00","712.00","712.00","712.00","","0.00%"
"03-10-2024","712.00","712.00","712.00","712.00","","-0.14%"
"02-10-2024","713.00","713.00","713.00","713.00","","0.00%"
"01-10-2024","713.00","713.00","713.00","713.00","","0.28%"
"30-09-2024","711.00","711.00","711.00","711.00","","0.14%"
"27-09-2024","710.00","710.00","710.00","710.00","","-0.28%"
"26-09-2024","712.00","712.00","712.00","712.00","","-0.14%"
"25-09-2024","713.00","713.00","713.00","713.00","","0.28%"
"24-09-2024","711.00","711.00","711.00","711.00","","0.42%"
"23-09-2024","708.00","708.00","708.00","708.00","","0.14%"
"20-09-2024","707.00","707.00","707.00","707.00","","0.00%"
"19-09-2024","707.00","707.00","707.00","707.00","","0.14%"
"18-09-2024","706.00","706.00","706.00","706.00","","0.00%"
"17-09-2024","706.00","706.00","706.00","706.00","","-0.14%"
"16-09-2024","707.00","707.00","707.00","707.00","","0.00%"
"13-09-2024","707.00","707.00","707.00","707.00","","-0.28%"
"12-09-2024","709.00","709.00","709.00","709.00","","-0.14%"
"11-09-2024","710.00","710.00","710.00","710.00","","-0.56%"
"10-09-2024","714.00","714.00","714.00","714.00","","-0.70%"
"09-09-2024","719.00","719.00","719.00","719.00","","-0.69%"
"06-09-2024","724.00","724.00","724.00","724.00","","-0.41%"
"05-09-2024","727.00","727.00","727.00","727.00","","-0.68%"
"04-09-2024","732.00","732.00","732.00","732.00","","-0.68%"
"03-09-2024","737.00","737.00","737.00","737.00","","-0.54%"
"02-09-2024","741.00","741.00","741.00","741.00","","-0.40%"
"30-08-2024","744.00","744.00","744.00","744.00","","-0.13%"
"29-08-2024","745.00","745.00","745.00","745.00","","-0.13%"
"28-08-2024","746.00","746.00","746.00","746.00","","-0.27%"
"27-08-2024","748.00","748.00","748.00","748.00","","-0.66%"
"23-08-2024","753.00","753.00","753.00","753.00","","0.00%"
"22-08-2024","753.00","753.00","753.00","753.00","","-0.13%"
"21-08-2024","754.00","754.00","754.00","754.00","","-0.13%"
"20-08-2024","755.00","755.00","755.00","755.00","","0.13%"
"19-08-2024","754.00","754.00","754.00","754.00","","0.00%"
"16-08-2024","754.00","754.00","754.00","754.00","","-0.26%"
"15-08-2024","756.00","756.00","756.00","756.00","","-0.13%"
"14-08-2024","757.00","757.00","757.00","757.00","","0.13%"
"13-08-2024","756.00","756.00","756.00","756.00","","0.00%"
"12-08-2024","756.00","756.00","756.00","756.00","","0.13%"
"09-08-2024","755.00","755.00","755.00","755.00","","-0.13%"
"08-08-2024","756.00","756.00","756.00","756.00","","0.00%"
"07-08-2024","756.00","756.00","756.00","756.00","","-0.40%"
"06-08-2024","759.00","759.00","759.00","759.00","","0.13%"
"05-08-2024","758.00","758.00","758.00","758.00","","-0.13%"
"02-08-2024","759.00","759.00","759.00","759.00","","-0.26%"
"01-08-2024","761.00","761.00","761.00","761.00","","-0.13%"
"31-07-2024","762.00","762.00","762.00","762.00","","0.26%"
"30-07-2024","760.00","760.00","760.00","760.00","","0.13%"
"29-07-2024","759.00","759.00","759.00","759.00","","0.00%"
"26-07-2024","759.00","759.00","759.00","759.00","","-0.13%"
"25-07-2024","760.00","760.00","760.00","760.00","","0.26%"
"24-07-2024","758.00","758.00","758.00","758.00","","0.13%"
"23-07-2024","757.00","757.00","757.00","757.00","","0.13%"
"22-07-2024","756.00","756.00","756.00","756.00","","0.53%"
"19-07-2024","752.00","752.00","752.00","752.00","","0.40%"
"18-07-2024","749.00","749.00","749.00","749.00","","0.27%"
"17-07-2024","747.00","747.00","747.00","747.00","","0.54%"
"16-07-2024","743.00","743.00","743.00","743.00","","0.13%"
"15-07-2024","742.00","742.00","742.00","742.00","","0.13%"
"12-07-2024","741.00","741.00","741.00","741.00","","0.14%"
"11-07-2024","740.00","740.00","740.00","740.00","","0.68%"
"10-07-2024","735.00","735.00","735.00","735.00","","-0.27%"
"09-07-2024","737.00","737.00","737.00","737.00","","-0.27%"
"08-07-2024","739.00","739.00","739.00","739.00","","-0.40%"
"05-07-2024","742.00","742.00","742.00","742.00","","-0.40%"
"04-07-2024","745.00","745.00","745.00","745.00","","-0.53%"
"03-07-2024","749.00","749.00","749.00","749.00","","-0.79%"
"02-07-2024","755.00","755.00","755.00","755.00","","-0.92%"
"01-07-2024","762.00","762.00","762.00","762.00","","-0.13%"
"28-06-2024","763.00","763.00","763.00","763.00","","0.00%"
"27-06-2024","763.00","763.00","763.00","763.00","","0.00%"
"26-06-2024","763.00","763.00","763.00","763.00","","0.39%"
"25-06-2024","760.00","760.00","760.00","760.00","","0.40%"
"24-06-2024","757.00","757.00","757.00","757.00","","0.53%"
"21-06-2024","753.00","753.00","753.00","753.00","","1.21%"
"20-06-2024","744.00","744.00","744.00","744.00","","1.36%"
"19-06-2024","734.00","734.00","734.00","734.00","","1.24%"
"18-06-2024","725.00","725.00","725.00","725.00","","1.26%"
"17-06-2024","716.00","716.00","716.00","716.00","","0.70%"
"14-06-2024","711.00","711.00","711.00","711.00","","0.42%"
"13-06-2024","708.00","708.00","708.00","708.00","","0.00%"
"12-06-2024","708.00","708.00","708.00","708.00","","-0.42%"
"11-06-2024","711.00","711.00","711.00","711.00","","-0.42%"
"10-06-2024","714.00","714.00","714.00","714.00","","0.00%"
"07-06-2024","714.00","714.00","714.00","714.00","","-0.28%"
"06-06-2024","716.00","716.00","716.00","716.00","","0.28%"
"05-06-2024","714.00","714.00","714.00","714.00","","-0.42%"
"04-06-2024","717.00","717.00","717.00","717.00","","-0.69%"
"03-06-2024","722.00","722.00","722.00","722.00","","0.28%"
"31-05-2024","720.00","720.00","720.00","720.00","","0.28%"
"30-05-2024","718.00","718.00","718.00","718.00","","0.84%"
"29-05-2024","712.00","712.00","712.00","712.00","","0.56%"
"28-05-2024","708.00","708.00","708.00","708.00","","2.91%"
"24-05-2024","688.00","688.00","688.00","688.00","","0.29%"
"23-05-2024","686.00","686.00","686.00","686.00","","0.00%"
"22-05-2024","686.00","686.00","686.00","686.00","","-0.29%"
"21-05-2024","688.00","688.00","688.00","688.00","","-0.43%"
"20-05-2024","691.00","691.00","691.00","691.00","","0.14%"
"17-05-2024","690.00","690.00","690.00","690.00","","-0.43%"
"16-05-2024","693.00","693.00","693.00","693.00","","-0.14%"
"15-05-2024","694.00","694.00","694.00","694.00","","-0.57%"
"14-05-2024","698.00","698.00","698.00","698.00","","-0.43%"
"13-05-2024","701.00","701.00","701.00","701.00","","-0.28%"
"10-05-2024","703.00","703.00","703.00","703.00","","-0.85%"
"09-05-2024","709.00","709.00","709.00","709.00","","-0.28%"
"08-05-2024","711.00","711.00","711.00","711.00","","-1.52%"
"07-05-2024","722.00","722.00","722.00","722.00","","-0.96%"
"03-05-2024","729.00","729.00","729.00","729.00","","-0.41%"
"02-05-2024","732.00","732.00","732.00","732.00","","-1.35%"
"01-05-2024","742.00","742.00","742.00","742.00","","-0.54%"
"30-04-2024","746.00","746.00","746.00","746.00","","-0.53%"
"29-04-2024","750.00","750.00","750.00","750.00","","-0.13%"
"26-04-2024","751.00","751.00","751.00","751.00","","0.13%"
"25-04-2024","750.00","750.00","750.00","750.00","","-0.13%"
"24-04-2024","751.00","751.00","751.00","751.00","","0.00%"
"23-04-2024","751.00","751.00","751.00","751.00","","0.94%"
"22-04-2024","744.00","744.00","744.00","744.00","","0.40%"
"19-04-2024","741.00","741.00","741.00","741.00","","0.82%"
"18-04-2024","735.00","735.00","735.00","735.00","","0.82%"
"17-04-2024","729.00","729.00","729.00","729.00","","0.69%"
"16-04-2024","724.00","724.00","724.00","724.00","","0.42%"
"15-04-2024","721.00","721.00","721.00","721.00","","-0.14%"
"12-04-2024","722.00","722.00","722.00","722.00","","-0.28%"
"11-04-2024","724.00","724.00","724.00","724.00","","0.00%"
"10-04-2024","724.00","724.00","724.00","724.00","","-0.41%"
"09-04-2024","727.00","727.00","727.00","727.00","","-0.82%"
"08-04-2024","733.00","733.00","733.00","733.00","","-0.27%"
"05-04-2024","735.00","735.00","735.00","735.00","","-1.34%"
"04-04-2024","745.00","745.00","745.00","745.00","","-0.93%"
"03-04-2024","752.00","752.00","752.00","752.00","","-1.44%"
"02-04-2024","763.00","763.00","763.00","763.00","","-1.17%"
"28-03-2024","772.00","772.00","772.00","772.00","","-0.90%"
"27-03-2024","779.00","779.00","779.00","779.00","","-0.64%"
"26-03-2024","784.00","784.00","784.00","784.00","","-1.01%"
"25-03-2024","792.00","792.00","792.00","792.00","","-0.38%"
"22-03-2024","795.00","795.00","795.00","795.00","","0.00%"
"21-03-2024","795.00","795.00","795.00","795.00","","0.63%"
"20-03-2024","790.00","790.00","790.00","790.00","","0.25%"
"19-03-2024","788.00","788.00","788.00","788.00","","0.64%"
"18-03-2024","783.00","783.00","783.00","783.00","","0.26%"
"15-03-2024","781.00","781.00","781.00","781.00","","0.51%"
"14-03-2024","777.00","777.00","777.00","777.00","","1.04%"
"13-03-2024","769.00","769.00","769.00","769.00","","0.39%"
"12-03-2024","766.00","766.00","766.00","766.00","","0.26%"
"11-03-2024","764.00","764.00","764.00","764.00","","0.26%"
"08-03-2024","762.00","762.00","762.00","762.00","","0.40%"
"07-03-2024","759.00","759.00","759.00","759.00","","0.13%"
"06-03-2024","758.00","758.00","758.00","758.00","","0.66%"
"05-03-2024","753.00","753.00","753.00","753.00","","1.62%"
"04-03-2024","741.00","741.00","741.00","741.00","","2.63%"
"01-03-2024","722.00","722.00","722.00","722.00","","1.98%"
"29-02-2024","708.00","708.00","708.00","708.00","","3.21%"
"28-02-2024","686.00","686.00","686.00","686.00","","2.85%"
"27-02-2024","667.00","667.00","667.00","667.00","","4.38%"
"26-02-2024","639.00","639.00","639.00","639.00","","1.75%"
"23-02-2024","628.00","628.00","628.00","628.00","","1.62%"
"22-02-2024","618.00","618.00","618.00","618.00","","0.82%"
"21-02-2024","613.00","613.00","613.00","613.00","","2.85%"
"20-02-2024","596.00","596.00","596.00","596.00","","3.29%"
"19-02-2024","577.00","577.00","577.00","577.00","","0.87%"
"16-02-2024","572.00","572.00","572.00","572.00","","0.88%"
"15-02-2024","567.00","567.00","567.00","567.00","","0.18%"
"14-02-2024","566.00","566.00","566.00","566.00","","-0.18%"
"13-02-2024","567.00","567.00","567.00","567.00","","-0.35%"
"12-02-2024","569.00","569.00","569.00","569.00","","0.18%"
"09-02-2024","568.00","568.00","568.00","568.00","","-0.35%"
"08-02-2024","570.00","570.00","570.00","570.00","","-0.70%"
"07-02-2024","574.00","574.00","574.00","574.00","","-0.52%"
"06-02-2024","577.00","577.00","577.00","577.00","","-0.86%"
"05-02-2024","582.00","582.00","582.00","582.00","","-0.51%"
"02-02-2024","585.00","585.00","585.00","585.00","","-0.51%"
"01-02-2024","588.00","588.00","588.00","588.00","","-0.51%"
"31-01-2024","591.00","591.00","591.00","591.00","","-0.67%"
"30-01-2024","595.00","595.00","595.00","595.00","","-0.34%"
"29-01-2024","597.00","597.00","597.00","597.00","","0.17%"
"26-01-2024","596.00","596.00","596.00","596.00","","-0.17%"
"25-01-2024","597.00","597.00","597.00","597.00","","0.00%"
"24-01-2024","597.00","597.00","597.00","597.00","","0.17%"
"23-01-2024","596.00","596.00","596.00","596.00","","0.34%"
"22-01-2024","594.00","594.00","594.00","594.00","","0.00%"
"19-01-2024","594.00","594.00","594.00","594.00","","0.17%"
"18-01-2024","593.00","593.00","593.00","593.00","","-0.50%"
"17-01-2024","596.00","596.00","596.00","596.00","","-0.67%"
"16-01-2024","600.00","600.00","600.00","600.00","","-0.83%"
"15-01-2024","605.00","605.00","605.00","605.00","","-1.79%"
"12-01-2024","616.00","616.00","616.00","616.00","","-1.44%"
"11-01-2024","625.00","625.00","625.00","625.00","","-2.95%"
"10-01-2024","644.00","644.00","644.00","644.00","","-2.57%"
"09-01-2024","661.00","661.00","661.00","661.00","","-2.79%"
"08-01-2024","680.00","680.00","680.00","680.00","","-2.16%"
"05-01-2024","695.00","695.00","695.00","695.00","","-2.93%"
"04-01-2024","716.00","716.00","716.00","716.00","","-3.89%"
"03-01-2024","745.00","745.00","745.00","745.00","","-7.80%"
"02-01-2024","808.00","808.00","808.00","808.00","","-8.08%"
"22-12-2023","879.00","879.00","879.00","879.00","","-1.01%"
"21-12-2023","888.00","888.00","888.00","888.00","","-0.89%"
"20-12-2023","896.00","896.00","896.00","896.00","","-0.78%"
"19-12-2023","903.00","903.00","903.00","903.00","","-0.44%"
"18-12-2023","907.00","907.00","907.00","907.00","","-0.11%"
"15-12-2023","908.00","908.00","908.00","908.00","","0.22%"
"14-12-2023","906.00","906.00","906.00","906.00","","0.33%"
"13-12-2023","903.00","903.00","903.00","903.00","","0.89%"
"12-12-2023","895.00","895.00","895.00","895.00","","1.24%"
"11-12-2023","884.00","884.00","884.00","884.00","","1.38%"
"08-12-2023","872.00","872.00","872.00","872.00","","1.16%"
"07-12-2023","862.00","862.00","862.00","862.00","","1.29%"
"06-12-2023","851.00","851.00","851.00","851.00","","2.41%"
"05-12-2023","831.00","831.00","831.00","831.00","","3.88%"
"04-12-2023","800.00","800.00","800.00","800.00","","3.49%"
"01-12-2023","773.00","773.00","773.00","773.00","","2.93%"
"30-11-2023","751.00","751.00","751.00","751.00","","3.87%"
"29-11-2023","723.00","723.00","723.00","723.00","","4.03%"
"28-11-2023","695.00","695.00","695.00","695.00","","2.21%"
"27-11-2023","680.00","680.00","680.00","680.00","","1.49%"
"24-11-2023","670.00","670.00","670.00","670.00","","3.40%"
"23-11-2023","648.00","648.00","648.00","648.00","","4.01%"
"22-11-2023","623.00","623.00","623.00","623.00","","1.47%"
"21-11-2023","614.00","614.00","614.00","614.00","","1.49%"
"20-11-2023","605.00","605.00","605.00","605.00","","1.00%"
"17-11-2023","599.00","599.00","599.00","599.00","","1.01%"
"16-11-2023","593.00","593.00","593.00","593.00","","0.85%"
"15-11-2023","588.00","588.00","588.00","588.00","","0.17%"
"14-11-2023","587.00","587.00","587.00","587.00","","-0.17%"
"13-11-2023","588.00","588.00","588.00","588.00","","-1.01%"
"10-11-2023","594.00","594.00","594.00","594.00","","-1.16%"
"09-11-2023","601.00","601.00","601.00","601.00","","-0.99%"
"08-11-2023","607.00","607.00","607.00","607.00","","-1.30%"
"07-11-2023","615.00","615.00","615.00","615.00","","-1.91%"
"06-11-2023","627.00","627.00","627.00","627.00","","-1.10%"
"03-11-2023","634.00","634.00","634.00","634.00","","-1.71%"
"02-11-2023","645.00","645.00","645.00","645.00","","-1.07%"
"01-11-2023","652.00","652.00","652.00","652.00","","-1.21%"
"31-10-2023","660.00","660.00","660.00","660.00","","-1.35%"
"30-10-2023","669.00","669.00","669.00","669.00","","-0.30%"
"27-10-2023","671.00","671.00","671.00","671.00","","0.00%"
"26-10-2023","671.00","671.00","671.00","671.00","","-1.03%"
"25-10-2023","678.00","678.00","678.00","678.00","","-0.44%"
"24-10-2023","681.00","681.00","681.00","681.00","","-0.44%"
"23-10-2023","684.00","684.00","684.00","684.00","","-0.29%"
"20-10-2023","686.00","686.00","686.00","686.00","","-0.44%"
"19-10-2023","689.00","689.00","689.00","689.00","","-0.29%"
"18-10-2023","691.00","691.00","691.00","691.00","","0.14%"
"17-10-2023","690.00","690.00","690.00","690.00","","0.00%"
"16-10-2023","690.00","690.00","690.00","690.00","","0.44%"
"13-10-2023","687.00","687.00","687.00","687.00","","0.44%"
"12-10-2023","684.00","684.00","684.00","684.00","","0.44%"
"11-10-2023","681.00","681.00","681.00","681.00","","0.59%"
"10-10-2023","677.00","677.00","677.00","677.00","","-0.15%"
"09-10-2023","678.00","678.00","678.00","678.00","","0.44%"
"06-10-2023","675.00","675.00","675.00","675.00","","0.15%"
"05-10-2023","674.00","674.00","674.00","674.00","","0.15%"
"04-10-2023","673.00","673.00","673.00","673.00","","-0.15%"
"03-10-2023","674.00","674.00","674.00","674.00","","-0.44%"
"02-10-2023","677.00","677.00","677.00","677.00","","-0.29%"
"29-09-2023","679.00","679.00","679.00","679.00","","-0.15%"
"28-09-2023","680.00","680.00","680.00","680.00","","-0.15%"
"27-09-2023","681.00","681.00","681.00","681.00","","0.00%"
"26-09-2023","681.00","681.00","681.00","681.00","","0.44%"
"25-09-2023","678.00","678.00","678.00","678.00","","1.19%"
"22-09-2023","670.00","670.00","670.00","670.00","","0.15%"
"21-09-2023","669.00","669.00","669.00","669.00","","1.06%"
"20-09-2023","662.00","662.00","662.00","662.00","","1.53%"
"19-09-2023","652.00","652.00","652.00","652.00","","1.09%"
"18-09-2023","645.00","645.00","645.00","645.00","","1.74%"
"15-09-2023","634.00","634.00","634.00","634.00","","1.60%"
"14-09-2023","624.00","624.00","624.00","624.00","","3.65%"
"13-09-2023","602.00","602.00","602.00","602.00","","2.91%"
"12-09-2023","585.00","585.00","585.00","585.00","","1.74%"
"11-09-2023","575.00","575.00","575.00","575.00","","0.52%"
"08-09-2023","572.00","572.00","572.00","572.00","","0.88%"
"07-09-2023","567.00","567.00","567.00","567.00","","0.53%"
"06-09-2023","564.00","564.00","564.00","564.00","","1.26%"
"05-09-2023","557.00","557.00","557.00","557.00","","1.64%"
"04-09-2023","548.00","548.00","548.00","548.00","","1.29%"
"01-09-2023","541.00","541.00","541.00","541.00","","1.31%"
"31-08-2023","534.00","534.00","534.00","534.00","","1.91%"
"30-08-2023","524.00","524.00","524.00","524.00","","1.95%"
"29-08-2023","514.00","514.00","514.00","514.00","","1.38%"
"25-08-2023","507.00","507.00","507.00","507.00","","1.40%"
"24-08-2023","500.00","500.00","500.00","500.00","","1.83%"
"23-08-2023","491.00","491.00","491.00","491.00","","1.45%"
"22-08-2023","484.00","484.00","484.00","484.00","","1.47%"
"21-08-2023","477.00","477.00","477.00","477.00","","1.71%"
"18-08-2023","469.00","469.00","469.00","469.00","","2.18%"
"17-08-2023","459.00","459.00","459.00","459.00","","3.38%"
"16-08-2023","444.00","444.00","444.00","444.00","","2.54%"
"15-08-2023","433.00","433.00","433.00","433.00","","3.10%"
"14-08-2023","420.00","420.00","420.00","420.00","","2.19%"
"11-08-2023","411.00","411.00","411.00","411.00","","2.49%"
"10-08-2023","401.00","401.00","401.00","401.00","","2.04%"
"09-08-2023","393.00","393.00","393.00","393.00","","0.26%"
"08-08-2023","392.00","392.00","392.00","392.00","","0.77%"
"07-08-2023","389.00","389.00","389.00","389.00","","-0.26%"
"04-08-2023","390.00","390.00","390.00","390.00","","-0.26%"
"03-08-2023","391.00","391.00","391.00","391.00","","-0.26%"
"02-08-2023","392.00","392.00","392.00","392.00","","-0.51%"
"01-08-2023","394.00","394.00","394.00","394.00","","0.00%"
"31-07-2023","394.00","394.00","394.00","394.00","","-0.51%"
"28-07-2023","396.00","396.00","396.00","396.00","","-0.25%"
"27-07-2023","397.00","397.00","397.00","397.00","","-0.50%"
"26-07-2023","399.00","399.00","399.00","399.00","","-0.25%"
"25-07-2023","400.00","400.00","400.00","400.00","","0.00%"
"24-07-2023","400.00","400.00","400.00","400.00","","0.00%"
"21-07-2023","400.00","400.00","400.00","400.00","","-0.74%"
"20-07-2023","403.00","403.00","403.00","403.00","","-0.25%"
"19-07-2023","404.00","404.00","404.00","404.00","","-0.49%"
"18-07-2023","406.00","406.00","406.00","406.00","","0.00%"
"17-07-2023","406.00","406.00","406.00","406.00","","-0.73%"
"14-07-2023","409.00","409.00","409.00","409.00","","-0.49%"
"13-07-2023","411.00","411.00","411.00","411.00","","-0.72%"
"12-07-2023","414.00","414.00","414.00","414.00","","-0.96%"
"11-07-2023","418.00","418.00","418.00","418.00","","-0.95%"
"10-07-2023","422.00","422.00","422.00","422.00","","-0.47%"
"07-07-2023","424.00","424.00","424.00","424.00","","-0.70%"
"06-07-2023","427.00","427.00","427.00","427.00","","-0.70%"
"05-07-2023","430.00","430.00","430.00","430.00","","-1.15%"
"04-07-2023","435.00","435.00","435.00","435.00","","-2.03%"
"03-07-2023","444.00","444.00","444.00","444.00","","-0.45%"
"30-06-2023","446.00","446.00","446.00","446.00","","-0.45%"
"29-06-2023","448.00","448.00","448.00","448.00","","-0.88%"
"28-06-2023","452.00","452.00","452.00","452.00","","-0.44%"
"27-06-2023","454.00","454.00","454.00","454.00","","0.00%"
"26-06-2023","454.00","454.00","454.00","454.00","","-0.22%"
"23-06-2023","455.00","455.00","455.00","455.00","","-0.22%"
"22-06-2023","456.00","456.00","456.00","456.00","","0.22%"
"21-06-2023","455.00","455.00","455.00","455.00","","-0.66%"
"20-06-2023","458.00","458.00","458.00","458.00","","-0.43%"
"19-06-2023","460.00","460.00","460.00","460.00","","-0.86%"
"16-06-2023","464.00","464.00","464.00","464.00","","-1.49%"
"15-06-2023","471.00","471.00","471.00","471.00","","-1.05%"
"14-06-2023","476.00","476.00","476.00","476.00","","-1.04%"
"13-06-2023","481.00","481.00","481.00","481.00","","-2.04%"
"12-06-2023","491.00","491.00","491.00","491.00","","-2.00%"
"09-06-2023","501.00","501.00","501.00","501.00","","-0.79%"
"08-06-2023","505.00","505.00","505.00","505.00","","-1.94%"
"07-06-2023","515.00","515.00","515.00","515.00","","-2.09%"
"06-06-2023","526.00","526.00","526.00","526.00","","-2.05%"
"05-06-2023","537.00","537.00","537.00","537.00","","-1.47%"
"02-06-2023","545.00","545.00","545.00","545.00","","-2.50%"
"01-06-2023","559.00","559.00","559.00","559.00","","-2.27%"
"31-05-2023","572.00","572.00","572.00","572.00","","-1.72%"
"30-05-2023","582.00","582.00","582.00","582.00","","-1.02%"
"26-05-2023","588.00","588.00","588.00","588.00","","-1.01%"
"25-05-2023","594.00","594.00","594.00","594.00","","-1.00%"
"24-05-2023","600.00","600.00","600.00","600.00","","-0.66%"
"23-05-2023","604.00","604.00","604.00","604.00","","-0.82%"
"22-05-2023","609.00","609.00","609.00","609.00","","-0.49%"
"19-05-2023","612.00","612.00","612.00","612.00","","-0.33%"
"18-05-2023","614.00","614.00","614.00","614.00","","-0.49%"
"17-05-2023","617.00","617.00","617.00","617.00","","-0.96%"
"16-05-2023","623.00","623.00","623.00","623.00","","-0.80%"
"15-05-2023","628.00","628.00","628.00","628.00","","-0.63%"
"12-05-2023","632.00","632.00","632.00","632.00","","-0.47%"
"11-05-2023","635.00","635.00","635.00","635.00","","-0.47%"
"10-05-2023","638.00","638.00","638.00","638.00","","-0.31%"
"09-05-2023","640.00","640.00","640.00","640.00","","-0.78%"
"05-05-2023","645.00","645.00","645.00","645.00","","-0.92%"
"04-05-2023","651.00","651.00","651.00","651.00","","-0.91%"
"03-05-2023","657.00","657.00","657.00","657.00","","-0.61%"
"02-05-2023","661.00","661.00","661.00","661.00","","-0.30%"
"28-04-2023","663.00","663.00","663.00","663.00","","-0.30%"
"27-04-2023","665.00","665.00","665.00","665.00","","-0.30%"
"26-04-2023","667.00","667.00","667.00","667.00","","0.00%"
"25-04-2023","667.00","667.00","667.00","667.00","","0.45%"
"24-04-2023","664.00","664.00","664.00","664.00","","0.61%"
"21-04-2023","660.00","660.00","660.00","660.00","","1.54%"
"20-04-2023","650.00","650.00","650.00","650.00","","1.72%"
"19-04-2023","639.00","639.00","639.00","639.00","","0.95%"
"18-04-2023","633.00","633.00","633.00","633.00","","0.48%"
"17-04-2023","630.00","630.00","630.00","630.00","","0.32%"
"14-04-2023","628.00","628.00","628.00","628.00","","0.00%"
"13-04-2023","628.00","628.00","628.00","628.00","","-0.48%"
"12-04-2023","631.00","631.00","631.00","631.00","","-0.79%"
"11-04-2023","636.00","636.00","636.00","636.00","","-1.09%"
"06-04-2023","643.00","643.00","643.00","643.00","","-1.53%"
"05-04-2023","653.00","653.00","653.00","653.00","","-1.66%"
"04-04-2023","664.00","664.00","664.00","664.00","","-2.78%"
"03-04-2023","683.00","683.00","683.00","683.00","","-0.58%"
"31-03-2023","687.00","687.00","687.00","687.00","","-0.58%"
"30-03-2023","691.00","691.00","691.00","691.00","","-0.58%"
"29-03-2023","695.00","695.00","695.00","695.00","","-0.71%"
"28-03-2023","700.00","700.00","700.00","700.00","","-0.28%"
"27-03-2023","702.00","702.00","702.00","702.00","","-0.14%"
"24-03-2023","703.00","703.00","703.00","703.00","","-0.14%"
"23-03-2023","704.00","704.00","704.00","704.00","","-0.28%"
"22-03-2023","706.00","706.00","706.00","706.00","","0.14%"
"21-03-2023","705.00","705.00","705.00","705.00","","0.28%"
"20-03-2023","703.00","703.00","703.00","703.00","","1.30%"
"17-03-2023","694.00","694.00","694.00","694.00","","0.87%"
"16-03-2023","688.00","688.00","688.00","688.00","","1.78%"
"15-03-2023","676.00","676.00","676.00","676.00","","1.65%"
"14-03-2023","665.00","665.00","665.00","665.00","","2.31%"
"13-03-2023","650.00","650.00","650.00","650.00","","3.01%"
"10-03-2023","631.00","631.00","631.00","631.00","","1.77%"
"09-03-2023","620.00","620.00","620.00","620.00","","1.31%"
"08-03-2023","612.00","612.00","612.00","612.00","","1.83%"
"07-03-2023","601.00","601.00","601.00","601.00","","1.18%"
"06-03-2023","594.00","594.00","594.00","594.00","","1.71%"
"03-03-2023","584.00","584.00","584.00","584.00","","1.57%"
"02-03-2023","575.00","575.00","575.00","575.00","","3.42%"
"01-03-2023","556.00","556.00","556.00","556.00","","3.73%"
"28-02-2023","536.00","536.00","536.00","536.00","","3.68%"
"27-02-2023","517.00","517.00","517.00","517.00","","2.38%"
"24-02-2023","505.00","505.00","505.00","505.00","","2.43%"
"23-02-2023","493.00","493.00","493.00","493.00","","4.23%"
"22-02-2023","473.00","473.00","473.00","473.00","","2.38%"
"21-02-2023","462.00","462.00","462.00","462.00","","3.13%"
"20-02-2023","448.00","448.00","448.00","448.00","","2.28%"
"17-02-2023","438.00","438.00","438.00","438.00","","0.92%"
"16-02-2023","434.00","434.00","434.00","434.00","","0.70%"
"15-02-2023","431.00","431.00","431.00","431.00","","-0.23%"
"14-02-2023","432.00","432.00","432.00","432.00","","-0.69%"
"13-02-2023","435.00","435.00","435.00","435.00","","-0.23%"
"10-02-2023","436.00","436.00","436.00","436.00","","0.00%"
"09-02-2023","436.00","436.00","436.00","436.00","","-0.23%"
"08-02-2023","437.00","437.00","437.00","437.00","","0.00%"
"07-02-2023","437.00","437.00","437.00","437.00","","0.23%"
"06-02-2023","436.00","436.00","436.00","436.00","","0.00%"
"03-02-2023","436.00","436.00","436.00","436.00","","0.00%"
"02-02-2023","436.00","436.00","436.00","436.00","","0.23%"
"01-02-2023","435.00","435.00","435.00","435.00","","0.46%"
"31-01-2023","433.00","433.00","433.00","433.00","","0.23%"
"30-01-2023","432.00","432.00","432.00","432.00","","0.23%"
"27-01-2023","431.00","431.00","431.00","431.00","","-0.23%"
"26-01-2023","432.00","432.00","432.00","432.00","","-0.23%"
"25-01-2023","433.00","433.00","433.00","433.00","","0.00%"
"24-01-2023","433.00","433.00","433.00","433.00","","-0.23%"
"23-01-2023","434.00","434.00","434.00","434.00","","-1.59%"
"20-01-2023","441.00","441.00","441.00","441.00","","-1.78%"
"19-01-2023","449.00","449.00","449.00","449.00","","-1.97%"
"18-01-2023","458.00","458.00","458.00","458.00","","-2.14%"
"17-01-2023","468.00","468.00","468.00","468.00","","-4.10%"
"16-01-2023","488.00","488.00","488.00","488.00","","-2.40%"
"13-01-2023","500.00","500.00","500.00","500.00","","-1.57%"
"12-01-2023","508.00","508.00","508.00","508.00","","-2.50%"
"11-01-2023","521.00","521.00","521.00","521.00","","-2.43%"
"10-01-2023","534.00","534.00","534.00","534.00","","-1.48%"
"09-01-2023","542.00","542.00","542.00","542.00","","-1.81%"
"06-01-2023","552.00","552.00","552.00","552.00","","-3.33%"
"05-01-2023","571.00","571.00","571.00","571.00","","-3.22%"
"04-01-2023","590.00","590.00","590.00","590.00","","-3.91%"
"03-01-2023","614.00","614.00","614.00","614.00","","-7.39%"
"23-12-2022","663.00","663.00","663.00","663.00","","-1.19%"
"22-12-2022","671.00","671.00","671.00","671.00","","-1.76%"
"21-12-2022","683.00","683.00","683.00","683.00","","-1.16%"
"20-12-2022","691.00","691.00","691.00","691.00","","-1.43%"
"19-12-2022","701.00","701.00","701.00","701.00","","-0.57%"
"16-12-2022","705.00","705.00","705.00","705.00","","-1.12%"
"15-12-2022","713.00","713.00","713.00","713.00","","-0.83%"
"14-12-2022","719.00","719.00","719.00","719.00","","-0.96%"
"13-12-2022","726.00","726.00","726.00","726.00","","-0.41%"
"12-12-2022","729.00","729.00","729.00","729.00","","-0.41%"
"09-12-2022","732.00","732.00","732.00","732.00","","-0.14%"
"08-12-2022","733.00","733.00","733.00","733.00","","-0.27%"
"07-12-2022","735.00","735.00","735.00","735.00","","0.41%"
"06-12-2022","732.00","732.00","732.00","732.00","","-0.68%"
"05-12-2022","737.00","737.00","737.00","737.00","","-0.54%"
"02-12-2022","741.00","741.00","741.00","741.00","","-0.13%"
"01-12-2022","742.00","742.00","742.00","742.00","","-0.27%"
"30-11-2022","744.00","744.00","744.00","744.00","","-0.13%"
"29-11-2022","745.00","745.00","745.00","745.00","","-0.13%"
"28-11-2022","746.00","746.00","746.00","746.00","","0.13%"
"25-11-2022","745.00","745.00","745.00","745.00","","-0.27%"
"24-11-2022","747.00","747.00","747.00","747.00","","-0.66%"
"23-11-2022","752.00","752.00","752.00","752.00","","-0.13%"
"22-11-2022","753.00","753.00","753.00","753.00","","-0.53%"
"21-11-2022","757.00","757.00","757.00","757.00","","-0.79%"
"18-11-2022","763.00","763.00","763.00","763.00","","0.00%"
"17-11-2022","763.00","763.00","763.00","763.00","","-0.65%"
"16-11-2022","768.00","768.00","768.00","768.00","","-0.52%"
"15-11-2022","772.00","772.00","772.00","772.00","","-1.03%"
"14-11-2022","780.00","780.00","780.00","780.00","","-0.89%"
"11-11-2022","787.00","787.00","787.00","787.00","","-1.25%"
"10-11-2022","797.00","797.00","797.00","797.00","","-0.75%"
"09-11-2022","803.00","803.00","803.00","803.00","","-1.83%"
"08-11-2022","818.00","818.00","818.00","818.00","","-0.97%"
"07-11-2022","826.00","826.00","826.00","826.00","","-1.20%"
"04-11-2022","836.00","836.00","836.00","836.00","","-0.59%"
"03-11-2022","841.00","841.00","841.00","841.00","","-1.64%"
"02-11-2022","855.00","855.00","855.00","855.00","","-1.38%"
"01-11-2022","867.00","867.00","867.00","867.00","","-1.81%"
"31-10-2022","883.00","883.00","883.00","883.00","","-1.56%"
"28-10-2022","897.00","897.00","897.00","897.00","","-2.71%"
"27-10-2022","922.00","922.00","922.00","922.00","","-1.91%"
"26-10-2022","940.00","940.00","940.00","940.00","","-1.36%"
"25-10-2022","953.00","953.00","953.00","953.00","","-0.63%"
"24-10-2022","959.00","959.00","959.00","959.00","","-0.21%"
"21-10-2022","961.00","961.00","961.00","961.00","","-0.52%"
"20-10-2022","966.00","966.00","966.00","966.00","","-0.62%"
"19-10-2022","972.00","972.00","972.00","972.00","","-1.82%"
"18-10-2022","990.00","990.00","990.00","990.00","","-0.60%"
"17-10-2022","996.00","996.00","996.00","996.00","","-1.58%"
"14-10-2022","1,012.00","1,012.00","1,012.00","1,012.00","","-0.78%"
"13-10-2022","1,020.00","1,020.00","1,020.00","1,020.00","","-0.39%"
"12-10-2022","1,024.00","1,024.00","1,024.00","1,024.00","","-0.78%"
"11-10-2022","1,032.00","1,032.00","1,032.00","1,032.00","","-0.19%"
"10-10-2022","1,034.00","1,034.00","1,034.00","1,034.00","","0.10%"
"07-10-2022","1,033.00","1,033.00","1,033.00","1,033.00","","0.49%"
"06-10-2022","1,028.00","1,028.00","1,028.00","1,028.00","","0.39%"
"05-10-2022","1,024.00","1,024.00","1,024.00","1,024.00","","0.69%"
"04-10-2022","1,017.00","1,017.00","1,017.00","1,017.00","","0.49%"
"03-10-2022","1,012.00","1,012.00","1,012.00","1,012.00","","0.30%"
"30-09-2022","1,009.00","1,009.00","1,009.00","1,009.00","","0.90%"
"29-09-2022","1,000.00","1,000.00","1,000.00","1,000.00","","0.81%"
"28-09-2022","992.00","992.00","992.00","992.00","","0.92%"
"27-09-2022","983.00","983.00","983.00","983.00","","0.92%"
"26-09-2022","974.00","974.00","974.00","974.00","","0.83%"
"23-09-2022","966.00","966.00","966.00","966.00","","1.47%"
"22-09-2022","952.00","952.00","952.00","952.00","","1.93%"
"21-09-2022","934.00","934.00","934.00","934.00","","1.41%"
"20-09-2022","921.00","921.00","921.00","921.00","","1.77%"
"16-09-2022","905.00","905.00","905.00","905.00","","0.56%"
"15-09-2022","900.00","900.00","900.00","900.00","","0.78%"
"14-09-2022","893.00","893.00","893.00","893.00","","1.02%"
"13-09-2022","884.00","884.00","884.00","884.00","","1.14%"
"12-09-2022","874.00","874.00","874.00","874.00","","0.11%"
"09-09-2022","873.00","873.00","873.00","873.00","","0.69%"
"08-09-2022","867.00","867.00","867.00","867.00","","0.70%"
"07-09-2022","861.00","861.00","861.00","861.00","","0.23%"
"06-09-2022","859.00","859.00","859.00","859.00","","-0.46%"
"05-09-2022","863.00","863.00","863.00","863.00","","-0.69%"
"02-09-2022","869.00","869.00","869.00","869.00","","-1.25%"
"01-09-2022","880.00","880.00","880.00","880.00","","-2.44%"
"31-08-2022","902.00","902.00","902.00","902.00","","-1.85%"
"30-08-2022","919.00","919.00","919.00","919.00","","-1.50%"
"26-08-2022","933.00","933.00","933.00","933.00","","-0.53%"
"25-08-2022","938.00","938.00","938.00","938.00","","-0.95%"
"24-08-2022","947.00","947.00","947.00","947.00","","-0.42%"
"23-08-2022","951.00","951.00","951.00","951.00","","-0.42%"
"22-08-2022","955.00","955.00","955.00","955.00","","-0.52%"
"19-08-2022","960.00","0.00","0.00","0.00","","-0.83%"
"18-08-2022","968.00","968.00","968.00","968.00","","-0.51%"
"17-08-2022","973.00","973.00","973.00","973.00","","0.52%"
"16-08-2022","968.00","968.00","968.00","968.00","","-0.21%"
"15-08-2022","970.00","970.00","970.00","970.00","","-0.82%"
"12-08-2022","978.00","978.00","978.00","978.00","","-0.71%"
"11-08-2022","985.00","985.00","985.00","985.00","","-2.28%"
"10-08-2022","1,008.00","1,008.00","1,008.00","1,008.00","","-1.85%"
"09-08-2022","1,027.00","1,027.00","1,027.00","1,027.00","","-1.53%"
"08-08-2022","1,043.00","1,043.00","1,043.00","1,043.00","","-1.42%"
"05-08-2022","1,058.00","1,058.00","1,058.00","1,058.00","","-3.38%"
"04-08-2022","1,095.00","1,095.00","1,095.00","1,095.00","","-1.97%"
"03-08-2022","1,117.00","1,117.00","1,117.00","1,117.00","","-2.10%"
"02-08-2022","1,141.00","1,141.00","1,141.00","1,141.00","","-1.13%"
"01-08-2022","1,154.00","1,154.00","1,154.00","1,154.00","","-1.62%"
"29-07-2022","1,173.00","1,173.00","1,173.00","1,173.00","","-1.92%"
"28-07-2022","1,196.00","1,196.00","1,196.00","1,196.00","","-0.75%"
"27-07-2022","1,205.00","1,205.00","1,205.00","1,205.00","","-0.50%"
"26-07-2022","1,211.00","1,211.00","1,211.00","1,211.00","","-0.08%"
"25-07-2022","1,212.00","1,212.00","1,212.00","1,212.00","","0.08%"
"22-07-2022","1,211.00","1,211.00","1,211.00","1,211.00","","-0.08%"
"21-07-2022","1,212.00","1,212.00","1,212.00","1,212.00","","0.50%"
"20-07-2022","1,206.00","1,206.00","1,206.00","1,206.00","","0.50%"
"19-07-2022","1,200.00","1,200.00","1,200.00","1,200.00","","1.10%"
"18-07-2022","1,187.00","1,187.00","1,187.00","1,187.00","","0.51%"
"15-07-2022","1,181.00","1,181.00","1,181.00","1,181.00","","0.77%"
"14-07-2022","1,172.00","1,172.00","1,172.00","1,172.00","","-0.26%"
"13-07-2022","1,175.00","1,175.00","1,175.00","1,175.00","","-0.09%"
"12-07-2022","1,176.00","1,176.00","1,176.00","1,176.00","","-0.34%"
"11-07-2022","1,180.00","1,180.00","1,180.00","1,180.00","","-0.42%"
"08-07-2022","1,185.00","1,185.00","1,185.00","1,185.00","","-1.25%"
"07-07-2022","1,200.00","1,200.00","1,200.00","1,200.00","","-1.56%"
"06-07-2022","1,219.00","1,219.00","1,219.00","1,219.00","","-1.61%"
"05-07-2022","1,239.00","1,239.00","1,239.00","1,239.00","","-1.35%"
"04-07-2022","1,256.00","1,256.00","1,256.00","1,256.00","","-1.57%"
"01-07-2022","1,276.00","1,276.00","1,276.00","1,276.00","","-0.70%"
"30-06-2022","1,285.00","1,285.00","1,285.00","1,285.00","","-0.93%"
"29-06-2022","1,297.00","1,297.00","1,297.00","1,297.00","","-1.22%"
"28-06-2022","1,313.00","1,313.00","1,313.00","1,313.00","","-1.57%"
"27-06-2022","1,334.00","1,334.00","1,334.00","1,334.00","","0.00%"
"24-06-2022","1,334.00","1,334.00","1,334.00","1,334.00","","-0.37%"
"23-06-2022","1,339.00","1,339.00","1,339.00","1,339.00","","0.07%"
"22-06-2022","1,338.00","1,338.00","1,338.00","1,338.00","","0.15%"
"21-06-2022","1,336.00","1,336.00","1,336.00","1,336.00","","0.00%"
"20-06-2022","1,336.00","1,336.00","1,336.00","1,336.00","","-0.52%"
"17-06-2022","1,343.00","1,343.00","1,343.00","1,343.00","","0.15%"
"16-06-2022","1,341.00","1,341.00","1,341.00","1,341.00","","-0.59%"
"15-06-2022","1,349.00","1,349.00","1,349.00","1,349.00","","-1.68%"
"14-06-2022","1,372.00","1,372.00","1,372.00","1,372.00","","-2.00%"
"13-06-2022","1,400.00","1,400.00","1,400.00","1,400.00","","-1.20%"
"10-06-2022","1,417.00","1,417.00","1,417.00","1,417.00","","-3.54%"
"09-06-2022","1,469.00","1,469.00","1,469.00","1,469.00","","-2.72%"
"08-06-2022","1,510.00","1,510.00","1,510.00","1,510.00","","-1.76%"
"07-06-2022","1,537.00","1,537.00","1,537.00","1,537.00","","-1.79%"
"06-06-2022","1,565.00","1,565.00","1,565.00","1,565.00","","-1.88%"
"01-06-2022","1,595.00","1,595.00","1,595.00","1,595.00","","-1.18%"
"31-05-2022","1,614.00","1,614.00","1,614.00","1,614.00","","-1.59%"
"30-05-2022","1,640.00","1,640.00","1,640.00","1,640.00","","-0.43%"
"27-05-2022","1,647.00","1,647.00","1,647.00","1,647.00","","-0.30%"
"26-05-2022","1,652.00","1,652.00","1,652.00","1,652.00","","-0.24%"
"25-05-2022","1,656.00","1,656.00","1,656.00","1,656.00","","-0.36%"
"24-05-2022","1,662.00","1,662.00","1,662.00","1,662.00","","-0.12%"
"23-05-2022","1,664.00","1,664.00","1,664.00","1,664.00","","0.12%"
"20-05-2022","1,662.00","1,662.00","1,662.00","1,662.00","","-0.12%"
"19-05-2022","1,664.00","1,664.00","1,664.00","1,664.00","","-0.18%"
"18-05-2022","1,667.00","1,667.00","1,667.00","1,667.00","","0.24%"
"17-05-2022","1,663.00","1,663.00","1,663.00","1,663.00","","-0.24%"
"16-05-2022","1,667.00","1,667.00","1,667.00","1,667.00","","-0.36%"
"13-05-2022","1,673.00","1,673.00","1,673.00","1,673.00","","0.48%"
"12-05-2022","1,665.00","1,665.00","1,665.00","1,665.00","","0.00%"
"11-05-2022","1,665.00","1,665.00","1,665.00","1,665.00","","0.24%"
"10-05-2022","1,661.00","1,661.00","1,661.00","1,661.00","","0.67%"
"09-05-2022","1,650.00","1,650.00","1,650.00","1,650.00","","0.61%"
"06-05-2022","1,640.00","1,640.00","1,640.00","1,640.00","","0.49%"
"05-05-2022","1,632.00","1,632.00","1,632.00","1,632.00","","0.74%"
"04-05-2022","1,620.00","1,620.00","1,620.00","1,620.00","","0.68%"
"03-05-2022","1,609.00","1,609.00","1,609.00","1,609.00","","1.00%"
"29-04-2022","1,593.00","1,593.00","1,593.00","1,593.00","","0.70%"
"28-04-2022","1,582.00","1,582.00","1,582.00","1,582.00","","0.51%"
"27-04-2022","1,574.00","1,574.00","1,574.00","1,574.00","","0.64%"
"26-04-2022","1,564.00","1,564.00","1,564.00","1,564.00","","1.69%"
"25-04-2022","1,538.00","1,538.00","1,538.00","1,538.00","","2.26%"
"22-04-2022","1,504.00","1,504.00","1,504.00","1,504.00","","2.10%"
"21-04-2022","1,473.00","1,473.00","1,473.00","1,473.00","","0.96%"
"20-04-2022","1,459.00","1,459.00","1,459.00","1,459.00","","0.76%"
"19-04-2022","1,448.00","1,448.00","1,448.00","1,448.00","","-0.07%"
"14-04-2022","1,449.00","1,449.00","1,449.00","1,449.00","","-1.56%"
"13-04-2022","1,472.00","1,472.00","1,472.00","1,472.00","","-2.19%"
"12-04-2022","1,505.00","1,505.00","1,505.00","1,505.00","","-0.99%"
"11-04-2022","1,520.00","1,520.00","1,520.00","1,520.00","","-1.55%"
"08-04-2022","1,544.00","1,544.00","1,544.00","1,544.00","","-1.53%"
"07-04-2022","1,568.00","1,568.00","1,568.00","1,568.00","","-2.31%"
"06-04-2022","1,605.00","1,605.00","1,605.00","1,605.00","","-2.07%"
"05-04-2022","1,639.00","1,639.00","1,639.00","1,639.00","","-1.97%"
"04-04-2022","1,672.00","1,672.00","1,672.00","1,672.00","","-1.36%"
"01-04-2022","1,695.00","1,695.00","1,695.00","1,695.00","","-2.31%"
"31-03-2022","1,735.00","1,735.00","1,735.00","1,735.00","","-1.14%"
"30-03-2022","1,755.00","1,755.00","1,755.00","1,755.00","","-1.07%"
"29-03-2022","1,774.00","1,774.00","1,774.00","1,774.00","","-0.73%"
"28-03-2022","1,787.00","1,787.00","1,787.00","1,787.00","","0.28%"
"25-03-2022","1,782.00","1,782.00","1,782.00","1,782.00","","0.73%"
"24-03-2022","1,769.00","1,769.00","1,769.00","1,769.00","","1.38%"
"23-03-2022","1,745.00","1,745.00","1,745.00","1,745.00","","1.75%"
"22-03-2022","1,715.00","1,715.00","1,715.00","1,715.00","","1.78%"
"21-03-2022","1,685.00","1,685.00","1,685.00","1,685.00","","1.38%"
"18-03-2022","1,662.00","1,662.00","1,662.00","1,662.00","","2.59%"
"17-03-2022","1,620.00","1,620.00","1,620.00","1,620.00","","1.19%"
"16-03-2022","1,601.00","1,601.00","1,601.00","1,601.00","","1.39%"
"15-03-2022","1,579.00","1,579.00","1,579.00","1,579.00","","1.35%"
"14-03-2022","1,558.00","1,558.00","1,558.00","1,558.00","","0.65%"
"11-03-2022","1,548.00","1,548.00","1,548.00","1,548.00","","1.11%"
"10-03-2022","1,531.00","1,531.00","1,531.00","1,531.00","","1.73%"
"09-03-2022","1,505.00","1,505.00","1,505.00","1,505.00","","1.35%"
"08-03-2022","1,485.00","1,485.00","1,485.00","1,485.00","","1.23%"
"07-03-2022","1,467.00","1,467.00","1,467.00","1,467.00","","1.66%"
"04-03-2022","1,443.00","1,443.00","1,443.00","1,443.00","","0.63%"
"03-03-2022","1,434.00","1,434.00","1,434.00","1,434.00","","0.91%"
"02-03-2022","1,421.00","1,421.00","1,421.00","1,421.00","","0.07%"
"01-03-2022","1,420.00","1,420.00","1,420.00","1,420.00","","1.07%"
"28-02-2022","1,405.00","1,405.00","1,405.00","1,405.00","","0.43%"
"25-02-2022","1,399.00","1,399.00","1,399.00","1,399.00","","1.08%"
"24-02-2022","1,384.00","1,384.00","1,384.00","1,384.00","","2.22%"
"23-02-2022","1,354.00","1,354.00","1,354.00","1,354.00","","1.58%"
"22-02-2022","1,333.00","1,333.00","1,333.00","1,333.00","","2.07%"
"21-02-2022","1,306.00","1,306.00","1,306.00","1,306.00","","1.63%"
"18-02-2022","1,285.00","1,285.00","1,285.00","1,285.00","","2.15%"
"17-02-2022","1,258.00","1,258.00","1,258.00","1,258.00","","1.29%"
"16-02-2022","1,242.00","1,242.00","1,242.00","1,242.00","","1.72%"
"15-02-2022","1,221.00","1,221.00","1,221.00","1,221.00","","1.92%"
"14-02-2022","1,198.00","1,198.00","1,198.00","1,198.00","","2.57%"
"11-02-2022","1,168.00","1,168.00","1,168.00","1,168.00","","2.55%"
"10-02-2022","1,139.00","1,139.00","1,139.00","1,139.00","","4.88%"
"09-02-2022","1,086.00","1,086.00","1,086.00","1,086.00","","5.54%"
"08-02-2022","1,029.00","1,029.00","1,029.00","1,029.00","","3.31%"
"07-02-2022","996.00","996.00","996.00","996.00","","0.61%"
"04-02-2022","990.00","990.00","990.00","990.00","","0.20%"
"03-02-2022","988.00","988.00","988.00","988.00","","-0.20%"
"02-02-2022","990.00","990.00","990.00","990.00","","-0.50%"
"01-02-2022","995.00","995.00","995.00","995.00","","-0.80%"
"31-01-2022","1,003.00","1,003.00","1,003.00","1,003.00","","-0.79%"
"28-01-2022","1,011.00","1,011.00","1,011.00","1,011.00","","-0.59%"
"27-01-2022","1,017.00","1,017.00","1,017.00","1,017.00","","-2.40%"
"26-01-2022","1,042.00","1,042.00","1,042.00","1,042.00","","-2.16%"
"25-01-2022","1,065.00","1,065.00","1,065.00","1,065.00","","-2.20%"
"24-01-2022","1,089.00","1,089.00","1,089.00","1,089.00","","-1.27%"
"21-01-2022","1,103.00","1,103.00","1,103.00","1,103.00","","-1.69%"
"20-01-2022","1,122.00","1,122.00","1,122.00","1,122.00","","-1.49%"
"19-01-2022","1,139.00","1,139.00","1,139.00","1,139.00","","-1.98%"
"18-01-2022","1,162.00","1,162.00","1,162.00","1,162.00","","-1.44%"
"17-01-2022","1,179.00","1,179.00","1,179.00","1,179.00","","-1.09%"
"14-01-2022","1,192.00","1,192.00","1,192.00","1,192.00","","-1.41%"
"13-01-2022","1,209.00","1,209.00","1,209.00","1,209.00","","-1.47%"
"12-01-2022","1,227.00","1,227.00","1,227.00","1,227.00","","-1.84%"
"11-01-2022","1,250.00","1,250.00","1,250.00","1,250.00","","-1.42%"
"10-01-2022","1,268.00","1,268.00","1,268.00","1,268.00","","-2.46%"
"07-01-2022","1,300.00","1,300.00","1,300.00","1,300.00","","-2.62%"
"06-01-2022","1,335.00","1,335.00","1,335.00","1,335.00","","-3.75%"
"05-01-2022","1,387.00","1,387.00","1,387.00","1,387.00","","-1.42%"
"04-01-2022","1,407.00","1,407.00","1,407.00","1,407.00","","-4.02%"
"24-12-2021","1,466.00","1,466.00","1,466.00","1,466.00","","-0.81%"
"23-12-2021","1,478.00","1,478.00","1,478.00","1,478.00","","-1.66%"
"22-12-2021","1,503.00","1,503.00","1,503.00","1,503.00","","-1.38%"
"21-12-2021","1,524.00","1,524.00","1,524.00","1,524.00","","-0.91%"
"20-12-2021","1,538.00","1,538.00","1,538.00","1,538.00","","-0.58%"
"17-12-2021","1,547.00","1,547.00","1,547.00","1,547.00","","-0.64%"
"16-12-2021","1,557.00","1,557.00","1,557.00","1,557.00","","-0.45%"
"15-12-2021","1,564.00","1,564.00","1,564.00","1,564.00","","-0.13%"
"14-12-2021","1,566.00","1,566.00","1,566.00","1,566.00","","-0.13%"
"13-12-2021","1,568.00","1,568.00","1,568.00","1,568.00","","-0.25%"
"10-12-2021","1,572.00","1,572.00","1,572.00","1,572.00","","0.00%"
"09-12-2021","1,572.00","1,572.00","1,572.00","1,572.00","","0.19%"
"08-12-2021","1,569.00","1,569.00","1,569.00","1,569.00","","0.06%"
"07-12-2021","1,568.00","1,568.00","1,568.00","1,568.00","","0.51%"
"06-12-2021","1,560.00","1,560.00","1,560.00","1,560.00","","0.06%"
"03-12-2021","1,559.00","1,559.00","1,559.00","1,559.00","","0.26%"
"02-12-2021","1,555.00","1,555.00","1,555.00","1,555.00","","0.26%"
"01-12-2021","1,551.00","1,551.00","1,551.00","1,551.00","","0.45%"
"30-11-2021","1,544.00","1,544.00","1,544.00","1,544.00","","0.26%"
"29-11-2021","1,540.00","1,540.00","1,540.00","1,540.00","","0.06%"
"26-11-2021","1,539.00","1,539.00","1,539.00","1,539.00","","0.20%"
"25-11-2021","1,536.00","1,536.00","1,536.00","1,536.00","","0.00%"
"24-11-2021","1,536.00","1,536.00","1,536.00","1,536.00","","-0.26%"
"23-11-2021","1,540.00","1,540.00","1,540.00","1,540.00","","-0.45%"
"22-11-2021","1,547.00","1,547.00","1,547.00","1,547.00","","-0.90%"
"19-11-2021","1,561.00","1,561.00","1,561.00","1,561.00","","-0.76%"
"18-11-2021","1,573.00","1,573.00","1,573.00","1,573.00","","-0.57%"
"17-11-2021","1,582.00","1,582.00","1,582.00","1,582.00","","-0.75%"
"16-11-2021","1,594.00","1,594.00","1,594.00","1,594.00","","-0.56%"
"15-11-2021","1,603.00","1,603.00","1,603.00","1,603.00","","-0.62%"
"12-11-2021","1,613.00","1,613.00","1,613.00","1,613.00","","-0.80%"
"11-11-2021","1,626.00","1,626.00","1,626.00","1,626.00","","-1.28%"
"10-11-2021","1,647.00","1,647.00","1,647.00","1,647.00","","-1.08%"
"09-11-2021","1,665.00","1,665.00","1,665.00","1,665.00","","-1.42%"
"08-11-2021","1,689.00","1,689.00","1,689.00","1,689.00","","-2.14%"
"05-11-2021","1,726.00","1,726.00","1,726.00","1,726.00","","-3.47%"
"04-11-2021","1,788.00","1,788.00","1,788.00","1,788.00","","-1.32%"
"03-11-2021","1,812.00","1,812.00","1,812.00","1,812.00","","-3.46%"
"02-11-2021","1,877.00","1,877.00","1,877.00","1,877.00","","-3.45%"
"01-11-2021","1,944.00","1,944.00","1,944.00","1,944.00","","-1.42%"
"29-10-2021","1,972.00","1,972.00","1,972.00","1,972.00","","-1.89%"
"28-10-2021","2,010.00","2,010.00","2,010.00","2,010.00","","-1.28%"
"27-10-2021","2,036.00","2,036.00","2,036.00","2,036.00","","-0.97%"
"26-10-2021","2,056.00","2,056.00","2,056.00","2,056.00","","-0.29%"
"25-10-2021","2,062.00","2,062.00","2,062.00","2,062.00","","0.24%"
"22-10-2021","2,057.00","2,057.00","2,057.00","2,057.00","","0.59%"
"21-10-2021","2,045.00","2,045.00","2,045.00","2,045.00","","0.59%"
"20-10-2021","2,033.00","2,033.00","2,033.00","2,033.00","","0.44%"
"19-10-2021","2,024.00","2,024.00","2,024.00","2,024.00","","0.05%"
"18-10-2021","2,023.00","2,023.00","2,023.00","2,023.00","","0.10%"
"15-10-2021","2,021.00","2,021.00","2,021.00","2,021.00","","0.05%"
"14-10-2021","2,020.00","2,020.00","2,020.00","2,020.00","","0.15%"
"13-10-2021","2,017.00","2,017.00","2,017.00","2,017.00","","-0.05%"
"12-10-2021","2,018.00","2,018.00","2,018.00","2,018.00","","-0.10%"
"11-10-2021","2,020.00","2,020.00","2,020.00","2,020.00","","0.25%"
"08-10-2021","2,015.00","2,015.00","2,015.00","2,015.00","","0.30%"
"07-10-2021","2,009.00","2,009.00","2,009.00","2,009.00","","0.55%"
"06-10-2021","1,998.00","1,998.00","1,998.00","1,998.00","","0.20%"
"05-10-2021","1,994.00","1,994.00","1,994.00","1,994.00","","0.10%"
"04-10-2021","1,992.00","1,992.00","1,992.00","1,992.00","","0.25%"
"01-10-2021","1,987.00","1,987.00","1,987.00","1,987.00","","0.61%"
"30-09-2021","1,975.00","1,975.00","1,975.00","1,975.00","","0.92%"
"29-09-2021","1,957.00","1,957.00","1,957.00","1,957.00","","0.72%"
"28-09-2021","1,943.00","1,943.00","1,943.00","1,943.00","","0.67%"
"27-09-2021","1,930.00","1,930.00","1,930.00","1,930.00","","0.26%"
"24-09-2021","1,925.00","1,925.00","1,925.00","1,925.00","","0.47%"
"23-09-2021","1,916.00","1,916.00","1,916.00","1,916.00","","0.79%"
"22-09-2021","1,901.00","1,901.00","1,901.00","1,901.00","","0.85%"
"21-09-2021","1,885.00","1,885.00","1,885.00","1,885.00","","0.48%"
"20-09-2021","1,876.00","1,876.00","1,876.00","1,876.00","","0.81%"
"17-09-2021","1,861.00","1,861.00","1,861.00","1,861.00","","0.87%"
"16-09-2021","1,845.00","1,845.00","1,845.00","1,845.00","","0.54%"
"15-09-2021","1,835.00","1,835.00","1,835.00","1,835.00","","0.82%"
"14-09-2021","1,820.00","1,820.00","1,820.00","1,820.00","","0.55%"
"13-09-2021","1,810.00","1,810.00","1,810.00","1,810.00","","0.17%"
"10-09-2021","1,807.00","1,807.00","1,807.00","1,807.00","","0.06%"
"09-09-2021","1,806.00","1,806.00","1,806.00","1,806.00","","-0.28%"
"08-09-2021","1,811.00","1,811.00","1,811.00","1,811.00","","-0.77%"
"07-09-2021","1,825.00","1,825.00","1,825.00","1,825.00","","-0.22%"
"06-09-2021","1,829.00","1,829.00","1,829.00","1,829.00","","-0.49%"
"03-09-2021","1,838.00","1,838.00","1,838.00","1,838.00","","-0.27%"
"02-09-2021","1,843.00","1,843.00","1,843.00","1,843.00","","-0.86%"
"01-09-2021","1,859.00","1,859.00","1,859.00","1,859.00","","-0.80%"
"31-08-2021","1,874.00","1,874.00","1,874.00","1,874.00","","-1.21%"
"27-08-2021","1,897.00","1,897.00","1,897.00","1,897.00","","-0.26%"
"26-08-2021","1,902.00","1,902.00","1,902.00","1,902.00","","0.26%"
"25-08-2021","1,897.00","1,897.00","1,897.00","1,897.00","","0.48%"
"24-08-2021","1,888.00","1,888.00","1,888.00","1,888.00","","0.37%"
"23-08-2021","1,881.00","1,881.00","1,881.00","1,881.00","","0.16%"
"20-08-2021","1,878.00","1,878.00","1,878.00","1,878.00","","0.37%"
"19-08-2021","1,871.00","1,871.00","1,871.00","1,871.00","","0.43%"
"18-08-2021","1,863.00","1,863.00","1,863.00","1,863.00","","0.92%"
"17-08-2021","1,846.00","1,846.00","1,846.00","1,846.00","","0.93%"
"16-08-2021","1,829.00","1,829.00","1,829.00","1,829.00","","0.72%"
"13-08-2021","1,816.00","1,816.00","1,816.00","1,816.00","","0.94%"
"12-08-2021","1,799.00","1,799.00","1,799.00","1,799.00","","1.01%"
"11-08-2021","1,781.00","1,781.00","1,781.00","1,781.00","","0.45%"
"10-08-2021","1,773.00","1,773.00","1,773.00","1,773.00","","0.34%"
"09-08-2021","1,767.00","1,767.00","1,767.00","1,767.00","","0.06%"
"06-08-2021","1,766.00","1,766.00","1,766.00","1,766.00","","0.00%"
"05-08-2021","1,766.00","1,766.00","1,766.00","1,766.00","","0.17%"
"04-08-2021","1,763.00","1,763.00","1,763.00","1,763.00","","-0.23%"
"03-08-2021","1,767.00","1,767.00","1,767.00","1,767.00","","0.34%"
"02-08-2021","1,761.00","1,761.00","1,761.00","1,761.00","","0.06%"
"30-07-2021","1,760.00","1,760.00","1,760.00","1,760.00","","0.06%"
"29-07-2021","1,759.00","1,759.00","1,759.00","1,759.00","","0.17%"
"28-07-2021","1,756.00","1,756.00","1,756.00","1,756.00","","0.29%"
"27-07-2021","1,751.00","1,751.00","1,751.00","1,751.00","","0.23%"
"26-07-2021","1,747.00","1,747.00","1,747.00","1,747.00","","0.63%"
"23-07-2021","1,736.00","1,736.00","1,736.00","1,736.00","","0.58%"
"22-07-2021","1,726.00","1,726.00","1,726.00","1,726.00","","1.11%"
"21-07-2021","1,707.00","1,707.00","1,707.00","1,707.00","","1.19%"
"20-07-2021","1,687.00","1,687.00","1,687.00","1,687.00","","0.36%"
"19-07-2021","1,681.00","1,681.00","1,681.00","1,681.00","","0.72%"
"16-07-2021","1,669.00","1,669.00","1,669.00","1,669.00","","0.42%"
"15-07-2021","1,662.00","1,662.00","1,662.00","1,662.00","","0.12%"
"14-07-2021","1,660.00","1,660.00","1,660.00","1,660.00","","0.00%"
"13-07-2021","1,660.00","1,660.00","1,660.00","1,660.00","","0.48%"
"12-07-2021","1,652.00","1,652.00","1,652.00","1,652.00","","0.06%"
"09-07-2021","1,651.00","1,651.00","1,651.00","1,651.00","","0.86%"
"08-07-2021","1,637.00","1,637.00","1,637.00","1,637.00","","1.17%"
"07-07-2021","1,618.00","1,618.00","1,618.00","1,618.00","","2.02%"
"06-07-2021","1,586.00","1,586.00","1,586.00","1,586.00","","1.60%"
"05-07-2021","1,561.00","1,561.00","1,561.00","1,561.00","","0.39%"
"02-07-2021","1,555.00","1,555.00","1,555.00","1,555.00","","0.39%"
"01-07-2021","1,549.00","1,549.00","1,549.00","1,549.00","","0.52%"
"30-06-2021","1,541.00","1,541.00","1,541.00","1,541.00","","0.52%"
"29-06-2021","1,533.00","1,533.00","1,533.00","1,533.00","","0.99%"
"28-06-2021","1,518.00","1,518.00","1,518.00","1,518.00","","1.00%"
"25-06-2021","1,503.00","1,503.00","1,503.00","1,503.00","","1.83%"
"24-06-2021","1,476.00","1,476.00","1,476.00","1,476.00","","1.44%"
"23-06-2021","1,455.00","1,455.00","1,455.00","1,455.00","","1.39%"
"22-06-2021","1,435.00","1,435.00","1,435.00","1,435.00","","1.27%"
"21-06-2021","1,417.00","1,417.00","1,417.00","1,417.00","","1.36%"
"18-06-2021","1,398.00","1,398.00","1,398.00","1,398.00","","0.72%"
"17-06-2021","1,388.00","1,388.00","1,388.00","1,388.00","","0.80%"
"16-06-2021","1,377.00","1,377.00","1,377.00","1,377.00","","0.51%"
"15-06-2021","1,370.00","1,370.00","1,370.00","1,370.00","","0.51%"
"14-06-2021","1,363.00","1,363.00","1,363.00","1,363.00","","0.15%"
"11-06-2021","1,361.00","1,361.00","1,361.00","1,361.00","","0.44%"
"10-06-2021","1,355.00","1,355.00","1,355.00","1,355.00","","0.89%"
"09-06-2021","1,343.00","1,343.00","1,343.00","1,343.00","","0.52%"
"08-06-2021","1,336.00","1,336.00","1,336.00","1,336.00","","0.00%"
"07-06-2021","1,336.00","1,336.00","1,336.00","1,336.00","","-0.07%"
"04-06-2021","1,337.00","1,337.00","1,337.00","1,337.00","","0.07%"
"03-06-2021","1,336.00","1,336.00","1,336.00","1,336.00","","-0.15%"
"02-06-2021","1,338.00","1,338.00","1,338.00","1,338.00","","-0.07%"
"01-06-2021","1,339.00","1,339.00","1,339.00","1,339.00","","-0.30%"
"28-05-2021","1,343.00","1,343.00","1,343.00","1,343.00","","0.15%"
"27-05-2021","1,341.00","1,341.00","1,341.00","1,341.00","","0.45%"
"26-05-2021","1,335.00","1,335.00","1,335.00","1,335.00","","0.60%"
"25-05-2021","1,327.00","1,327.00","1,327.00","1,327.00","","0.53%"
"24-05-2021","1,320.00","1,320.00","1,320.00","1,320.00","","0.23%"
"21-05-2021","1,317.00","1,317.00","1,317.00","1,317.00","","0.53%"
"20-05-2021","1,310.00","1,310.00","1,310.00","1,310.00","","0.92%"
"19-05-2021","1,298.00","1,298.00","1,298.00","1,298.00","","0.70%"
"18-05-2021","1,289.00","1,289.00","1,289.00","1,289.00","","0.86%"
"17-05-2021","1,278.00","1,278.00","1,278.00","1,278.00","","0.71%"
"14-05-2021","1,269.00","1,269.00","1,269.00","1,269.00","","0.79%"
"13-05-2021","1,259.00","1,259.00","1,259.00","1,259.00","","1.45%"
"12-05-2021","1,241.00","1,241.00","1,241.00","1,241.00","","1.47%"
"11-05-2021","1,223.00","1,223.00","1,223.00","1,223.00","","1.66%"
"10-05-2021","1,203.00","1,203.00","1,203.00","1,203.00","","1.18%"
"07-05-2021","1,189.00","1,189.00","1,189.00","1,189.00","","1.02%"
"06-05-2021","1,177.00","1,177.00","1,177.00","1,177.00","","0.94%"
"05-05-2021","1,166.00","1,166.00","1,166.00","1,166.00","","0.87%"
"04-05-2021","1,156.00","1,156.00","1,156.00","1,156.00","","0.96%"
"30-04-2021","1,145.00","1,145.00","1,145.00","1,145.00","","0.35%"
"29-04-2021","1,141.00","1,141.00","1,141.00","1,141.00","","2.15%"
"28-04-2021","1,117.00","1,117.00","1,117.00","1,117.00","","0.36%"
"27-04-2021","1,113.00","1,113.00","1,113.00","1,113.00","","0.82%"
"26-04-2021","1,104.00","1,104.00","1,104.00","1,104.00","","1.10%"
"23-04-2021","1,092.00","1,092.00","1,092.00","1,092.00","","1.96%"
"22-04-2021","1,071.00","1,071.00","1,071.00","1,071.00","","2.68%"
"21-04-2021","1,043.00","1,043.00","1,043.00","1,043.00","","1.76%"
"20-04-2021","1,025.00","1,025.00","1,025.00","1,025.00","","1.08%"
"19-04-2021","1,014.00","1,014.00","1,014.00","1,014.00","","0.80%"
"16-04-2021","1,006.00","1,006.00","1,006.00","1,006.00","","0.70%"
"15-04-2021","999.00","999.00","999.00","999.00","","-0.50%"
"14-04-2021","1,004.00","1,004.00","1,004.00","1,004.00","","-1.08%"
"13-04-2021","1,015.00","1,015.00","1,015.00","1,015.00","","-1.65%"
"12-04-2021","1,032.00","1,032.00","1,032.00","1,032.00","","-1.62%"
"09-04-2021","1,049.00","1,049.00","1,049.00","1,049.00","","-1.78%"
"08-04-2021","1,068.00","1,068.00","1,068.00","1,068.00","","-2.02%"
"07-04-2021","1,090.00","1,090.00","1,090.00","1,090.00","","-1.80%"
"06-04-2021","1,110.00","1,110.00","1,110.00","1,110.00","","-2.37%"
"01-04-2021","1,137.00","1,137.00","1,137.00","1,137.00","","-2.57%"
"31-03-2021","1,167.00","1,167.00","1,167.00","1,167.00","","-2.83%"
"30-03-2021","1,201.00","1,201.00","1,201.00","1,201.00","","-3.53%"
"29-03-2021","1,245.00","1,245.00","1,245.00","1,245.00","","-2.12%"
"26-03-2021","1,272.00","1,272.00","1,272.00","1,272.00","","-1.24%"
"25-03-2021","1,288.00","1,288.00","1,288.00","1,288.00","","-2.35%"
"24-03-2021","1,319.00","1,319.00","1,319.00","1,319.00","","-2.01%"
"23-03-2021","1,346.00","1,346.00","1,346.00","1,346.00","","-0.74%"
"22-03-2021","1,356.00","1,356.00","1,356.00","1,356.00","","-0.29%"
"19-03-2021","1,360.00","1,360.00","1,360.00","1,360.00","","0.22%"
"18-03-2021","1,357.00","1,357.00","1,357.00","1,357.00","","2.26%"
"17-03-2021","1,327.00","1,327.00","1,327.00","1,327.00","","1.53%"
"16-03-2021","1,307.00","1,307.00","1,307.00","1,307.00","","0.85%"
"15-03-2021","1,296.00","1,296.00","1,296.00","1,296.00","","1.01%"
"12-03-2021","1,283.00","1,283.00","1,283.00","1,283.00","","1.91%"
"11-03-2021","1,259.00","1,259.00","1,259.00","1,259.00","","3.03%"
"10-03-2021","1,222.00","1,222.00","1,222.00","1,222.00","","3.47%"
"09-03-2021","1,181.00","1,181.00","1,181.00","1,181.00","","2.25%"
"08-03-2021","1,155.00","1,155.00","1,155.00","1,155.00","","2.12%"
"05-03-2021","1,131.00","1,131.00","1,131.00","1,131.00","","2.91%"
"04-03-2021","1,099.00","1,099.00","1,099.00","1,099.00","","0.73%"
"03-03-2021","1,091.00","1,091.00","1,091.00","1,091.00","","0.37%"
"02-03-2021","1,087.00","1,087.00","1,087.00","1,087.00","","0.74%"
"01-03-2021","1,079.00","1,079.00","1,079.00","1,079.00","","0.84%"
"26-02-2021","1,070.00","1,070.00","1,070.00","1,070.00","","1.90%"
"25-02-2021","1,050.00","1,050.00","1,050.00","1,050.00","","3.14%"
"24-02-2021","1,018.00","1,018.00","1,018.00","1,018.00","","4.09%"
"23-02-2021","978.00","978.00","978.00","978.00","","3.49%"
"22-02-2021","945.00","945.00","945.00","945.00","","4.88%"
"19-02-2021","901.00","901.00","901.00","901.00","","6.75%"
"18-02-2021","844.00","844.00","844.00","844.00","","5.50%"
"17-02-2021","800.00","800.00","800.00","800.00","","3.76%"
"16-02-2021","771.00","771.00","771.00","771.00","","1.72%"
"15-02-2021","758.00","758.00","758.00","758.00","","0.93%"
"12-02-2021","751.00","751.00","751.00","751.00","","0.27%"
"11-02-2021","749.00","749.00","749.00","749.00","","1.08%"
"10-02-2021","741.00","741.00","741.00","741.00","","1.09%"
"09-02-2021","733.00","733.00","733.00","733.00","","1.10%"
"08-02-2021","725.00","725.00","725.00","725.00","","0.83%"
"05-02-2021","719.00","719.00","719.00","719.00","","0.98%"
"04-02-2021","712.00","712.00","712.00","712.00","","0.42%"
"03-02-2021","709.00","709.00","709.00","709.00","","0.42%"
"02-02-2021","706.00","706.00","706.00","706.00","","0.43%"
"01-02-2021","703.00","703.00","703.00","703.00","","0.29%"
"29-01-2021","701.00","701.00","701.00","701.00","","0.57%"
"28-01-2021","697.00","697.00","697.00","697.00","","1.16%"
"27-01-2021","689.00","689.00","689.00","689.00","","0.88%"
"26-01-2021","683.00","683.00","683.00","683.00","","0.89%"
"25-01-2021","677.00","677.00","677.00","677.00","","1.04%"
"22-01-2021","670.00","670.00","670.00","670.00","","0.60%"
"21-01-2021","666.00","666.00","666.00","666.00","","0.91%"
"20-01-2021","660.00","660.00","660.00","660.00","","0.61%"
"19-01-2021","656.00","656.00","656.00","656.00","","0.31%"
"18-01-2021","654.00","654.00","654.00","654.00","","0.15%"
"15-01-2021","653.00","653.00","653.00","653.00","","0.31%"
"14-01-2021","651.00","651.00","651.00","651.00","","0.15%"
"13-01-2021","650.00","650.00","650.00","650.00","","0.00%"
"12-01-2021","650.00","650.00","650.00","650.00","","-0.31%"
"11-01-2021","652.00","652.00","652.00","652.00","","-0.61%"
"08-01-2021","656.00","656.00","656.00","656.00","","-0.76%"
"07-01-2021","661.00","661.00","661.00","661.00","","-0.15%"
"06-01-2021","662.00","662.00","662.00","662.00","","-0.60%"
"05-01-2021","666.00","666.00","666.00","666.00","","-0.45%"
"04-01-2021","669.00","669.00","669.00","669.00","","-1.18%"
"24-12-2020","677.00","677.00","677.00","677.00","","0.00%"
"23-12-2020","677.00","677.00","677.00","677.00","","-0.15%"
"22-12-2020","678.00","678.00","678.00","678.00","","0.00%"
"21-12-2020","678.00","678.00","678.00","678.00","","0.00%"
"18-12-2020","678.00","678.00","678.00","678.00","","0.30%"
"17-12-2020","676.00","676.00","676.00","676.00","","0.15%"
"16-12-2020","675.00","675.00","675.00","675.00","","0.15%"
"15-12-2020","674.00","674.00","674.00","674.00","","0.60%"
"14-12-2020","670.00","670.00","670.00","670.00","","0.30%"
"11-12-2020","668.00","668.00","668.00","668.00","","0.30%"
"10-12-2020","666.00","666.00","666.00","666.00","","0.45%"
"09-12-2020","663.00","663.00","663.00","663.00","","0.00%"
"08-12-2020","663.00","663.00","663.00","663.00","","-0.15%"
"07-12-2020","664.00","664.00","664.00","664.00","","0.00%"
"04-12-2020","664.00","664.00","664.00","664.00","","0.15%"
"03-12-2020","663.00","663.00","663.00","663.00","","0.45%"
"02-12-2020","660.00","660.00","660.00","660.00","","0.30%"
"01-12-2020","658.00","658.00","658.00","658.00","","0.61%"
"30-11-2020","654.00","654.00","654.00","654.00","","0.77%"
"27-11-2020","649.00","649.00","649.00","649.00","","1.25%"
"26-11-2020","641.00","641.00","641.00","641.00","","2.56%"
"25-11-2020","625.00","625.00","625.00","625.00","","1.96%"
"24-11-2020","613.00","613.00","613.00","613.00","","1.16%"
"23-11-2020","606.00","606.00","606.00","606.00","","0.66%"
"20-11-2020","602.00","602.00","602.00","602.00","","0.67%"
"19-11-2020","598.00","598.00","598.00","598.00","","0.84%"
"18-11-2020","593.00","593.00","593.00","593.00","","0.85%"
"17-11-2020","588.00","588.00","588.00","588.00","","0.51%"
"16-11-2020","585.00","585.00","585.00","585.00","","-0.17%"
"13-11-2020","586.00","586.00","586.00","586.00","","0.17%"
"12-11-2020","585.00","585.00","585.00","585.00","","0.17%"
"11-11-2020","584.00","584.00","584.00","584.00","","0.17%"
"10-11-2020","583.00","583.00","583.00","583.00","","0.00%"
"09-11-2020","583.00","583.00","583.00","583.00","","0.00%"
"06-11-2020","583.00","583.00","583.00","583.00","","0.17%"
"05-11-2020","582.00","582.00","582.00","582.00","","-0.68%"
"04-11-2020","586.00","586.00","586.00","586.00","","-0.34%"
"03-11-2020","588.00","588.00","588.00","588.00","","-0.34%"
"02-11-2020","590.00","590.00","590.00","590.00","","-0.17%"
"30-10-2020","591.00","591.00","591.00","591.00","","-0.51%"
"29-10-2020","594.00","594.00","594.00","594.00","","-0.34%"
"28-10-2020","596.00","596.00","596.00","596.00","","0.00%"
"27-10-2020","596.00","596.00","596.00","596.00","","0.00%"
"26-10-2020","596.00","596.00","596.00","596.00","","-0.17%"
"23-10-2020","597.00","597.00","597.00","597.00","","0.00%"
"22-10-2020","597.00","597.00","597.00","597.00","","0.17%"
"21-10-2020","596.00","596.00","596.00","596.00","","-0.17%"
"20-10-2020","597.00","597.00","597.00","597.00","","-0.33%"
"19-10-2020","599.00","599.00","599.00","599.00","","0.00%"
"16-10-2020","599.00","599.00","599.00","599.00","","0.00%"
"15-10-2020","599.00","599.00","599.00","599.00","","0.00%"
"14-10-2020","599.00","599.00","599.00","599.00","","0.17%"
"13-10-2020","598.00","598.00","598.00","598.00","","0.34%"
"12-10-2020","596.00","596.00","596.00","596.00","","0.17%"
"09-10-2020","595.00","595.00","595.00","595.00","","0.17%"
"08-10-2020","594.00","594.00","594.00","594.00","","0.17%"
"07-10-2020","593.00","593.00","593.00","593.00","","-0.17%"
"06-10-2020","594.00","594.00","594.00","594.00","","0.34%"
"05-10-2020","592.00","592.00","592.00","592.00","","-0.17%"
"02-10-2020","593.00","593.00","593.00","593.00","","0.17%"
"01-10-2020","592.00","592.00","592.00","592.00","","0.17%"
"30-09-2020","591.00","591.00","591.00","591.00","","0.34%"
"29-09-2020","589.00","589.00","589.00","589.00","","0.34%"
"28-09-2020","587.00","587.00","587.00","587.00","","0.34%"
"25-09-2020","585.00","585.00","585.00","585.00","","1.04%"
"24-09-2020","579.00","579.00","579.00","579.00","","0.70%"
"23-09-2020","575.00","575.00","575.00","575.00","","1.59%"
"22-09-2020","566.00","566.00","566.00","566.00","","0.89%"
"21-09-2020","561.00","561.00","561.00","561.00","","0.54%"
"18-09-2020","558.00","558.00","558.00","558.00","","0.72%"
"17-09-2020","554.00","554.00","554.00","554.00","","0.18%"
"16-09-2020","553.00","553.00","553.00","553.00","","-0.18%"
"15-09-2020","554.00","554.00","554.00","554.00","","-0.72%"
"14-09-2020","558.00","558.00","558.00","558.00","","-0.36%"
"11-09-2020","560.00","560.00","560.00","560.00","","-0.36%"
"10-09-2020","562.00","562.00","562.00","562.00","","-0.53%"
"09-09-2020","565.00","565.00","565.00","565.00","","-0.35%"
"08-09-2020","567.00","567.00","567.00","567.00","","-0.18%"
"07-09-2020","568.00","568.00","568.00","568.00","","-0.18%"
"04-09-2020","569.00","569.00","569.00","569.00","","-0.18%"
"03-09-2020","570.00","570.00","570.00","570.00","","-0.18%"
"02-09-2020","571.00","571.00","571.00","571.00","","0.00%"
"01-09-2020","571.00","571.00","571.00","571.00","","0.18%"
"28-08-2020","570.00","570.00","570.00","570.00","","0.35%"
"27-08-2020","568.00","568.00","568.00","568.00","","0.53%"
"26-08-2020","565.00","565.00","565.00","565.00","","0.53%"
"25-08-2020","562.00","562.00","562.00","562.00","","1.44%"
"24-08-2020","554.00","554.00","554.00","554.00","","1.47%"
"21-08-2020","546.00","546.00","546.00","546.00","","1.49%"
"20-08-2020","538.00","538.00","538.00","538.00","","2.48%"
"19-08-2020","525.00","525.00","525.00","525.00","","2.34%"
"18-08-2020","513.00","513.00","513.00","513.00","","1.79%"
"17-08-2020","504.00","504.00","504.00","504.00","","2.65%"
"14-08-2020","491.00","491.00","491.00","491.00","","1.24%"
"13-08-2020","485.00","485.00","485.00","485.00","","1.04%"
"12-08-2020","480.00","480.00","480.00","480.00","","1.05%"
"11-08-2020","475.00","475.00","475.00","475.00","","0.42%"
"10-08-2020","473.00","473.00","473.00","473.00","","0.42%"
"07-08-2020","471.00","471.00","471.00","471.00","","0.43%"
"06-08-2020","469.00","469.00","469.00","469.00","","0.00%"
"05-08-2020","469.00","469.00","469.00","469.00","","-0.21%"
"04-08-2020","470.00","470.00","470.00","470.00","","-0.42%"
"03-08-2020","472.00","472.00","472.00","472.00","","-0.42%"
"31-07-2020","474.00","474.00","474.00","474.00","","0.21%"
"30-07-2020","473.00","473.00","473.00","473.00","","0.00%"
"29-07-2020","473.00","473.00","473.00","473.00","","-0.21%"
"28-07-2020","474.00","474.00","474.00","474.00","","0.42%"
"27-07-2020","472.00","472.00","472.00","472.00","","0.21%"
"24-07-2020","471.00","471.00","471.00","471.00","","0.21%"
"23-07-2020","470.00","470.00","470.00","470.00","","0.21%"
"22-07-2020","469.00","469.00","469.00","469.00","","1.08%"
"21-07-2020","464.00","464.00","464.00","464.00","","0.87%"
"20-07-2020","460.00","460.00","460.00","460.00","","0.66%"
"17-07-2020","457.00","457.00","457.00","457.00","","0.88%"
"16-07-2020","453.00","453.00","453.00","453.00","","1.12%"
"15-07-2020","448.00","448.00","448.00","448.00","","1.36%"
"14-07-2020","442.00","442.00","442.00","442.00","","0.91%"
"13-07-2020","438.00","438.00","438.00","438.00","","0.69%"
"10-07-2020","435.00","435.00","435.00","435.00","","2.11%"
"09-07-2020","426.00","426.00","426.00","426.00","","1.43%"
"08-07-2020","420.00","420.00","420.00","420.00","","0.72%"
"07-07-2020","417.00","417.00","417.00","417.00","","0.72%"
"06-07-2020","414.00","414.00","414.00","414.00","","0.49%"
"03-07-2020","412.00","412.00","412.00","412.00","","0.98%"
"02-07-2020","408.00","408.00","408.00","408.00","","0.74%"
"01-07-2020","405.00","405.00","405.00","405.00","","1.00%"
"30-06-2020","401.00","401.00","401.00","401.00","","1.52%"
"29-06-2020","395.00","395.00","395.00","395.00","","1.54%"
"26-06-2020","389.00","389.00","389.00","389.00","","1.04%"
"25-06-2020","385.00","385.00","385.00","385.00","","1.05%"
"24-06-2020","381.00","381.00","381.00","381.00","","1.87%"
"23-06-2020","374.00","374.00","374.00","374.00","","1.63%"
"22-06-2020","368.00","368.00","368.00","368.00","","1.38%"
"19-06-2020","363.00","363.00","363.00","363.00","","2.54%"
"18-06-2020","354.00","354.00","354.00","354.00","","2.91%"
"17-06-2020","344.00","344.00","344.00","344.00","","2.38%"
"16-06-2020","336.00","336.00","336.00","336.00","","2.13%"
"15-06-2020","329.00","329.00","329.00","329.00","","2.49%"
"12-06-2020","321.00","321.00","321.00","321.00","","1.90%"
"11-06-2020","315.00","315.00","315.00","315.00","","1.94%"
"10-06-2020","309.00","309.00","309.00","309.00","","1.64%"
"09-06-2020","304.00","304.00","304.00","304.00","","1.67%"
"08-06-2020","299.00","299.00","299.00","299.00","","1.70%"
"05-06-2020","294.00","294.00","294.00","294.00","","1.38%"
"04-06-2020","290.00","290.00","290.00","290.00","","1.75%"
"03-06-2020","285.00","285.00","285.00","285.00","","2.15%"
"02-06-2020","279.00","279.00","279.00","279.00","","1.82%"
"01-06-2020","274.00","274.00","274.00","274.00","","1.11%"
"29-05-2020","271.00","271.00","271.00","271.00","","1.50%"
"28-05-2020","267.00","267.00","267.00","267.00","","1.91%"
"27-05-2020","262.00","262.00","262.00","262.00","","1.95%"
"26-05-2020","257.00","257.00","257.00","257.00","","3.21%"
"22-05-2020","249.00","249.00","249.00","249.00","","2.47%"
"21-05-2020","243.00","243.00","243.00","243.00","","1.67%"
"20-05-2020","239.00","239.00","239.00","239.00","","0.84%"
"19-05-2020","237.00","237.00","237.00","237.00","","1.72%"
"18-05-2020","233.00","233.00","233.00","233.00","","1.30%"
"15-05-2020","230.00","230.00","230.00","230.00","","0.00%"
"14-05-2020","230.00","230.00","230.00","230.00","","0.44%"
"13-05-2020","229.00","229.00","229.00","229.00","","0.44%"
"12-05-2020","228.00","228.00","228.00","228.00","","-0.87%"
"11-05-2020","230.00","230.00","230.00","230.00","","0.88%"
"07-05-2020","228.00","228.00","228.00","228.00","","-1.30%"
"06-05-2020","231.00","231.00","231.00","231.00","","-0.86%"
"05-05-2020","233.00","233.00","233.00","233.00","","-0.43%"
"04-05-2020","234.00","234.00","234.00","234.00","","-2.09%"
"01-05-2020","239.00","239.00","239.00","239.00","","0.42%"
"30-04-2020","238.00","238.00","238.00","238.00","","-0.42%"
"29-04-2020","239.00","239.00","239.00","239.00","","-0.83%"
"28-04-2020","241.00","241.00","241.00","241.00","","-1.63%"
"27-04-2020","245.00","245.00","245.00","245.00","","-0.81%"
"24-04-2020","247.00","247.00","247.00","247.00","","-2.37%"
"23-04-2020","253.00","253.00","253.00","253.00","","-1.94%"
"22-04-2020","258.00","258.00","258.00","258.00","","-1.90%"
"21-04-2020","263.00","263.00","263.00","263.00","","-2.23%"
"20-04-2020","269.00","269.00","269.00","269.00","","-2.18%"
"17-04-2020","275.00","275.00","275.00","275.00","","-2.14%"
"16-04-2020","281.00","281.00","281.00","281.00","","-3.10%"
"15-04-2020","290.00","290.00","290.00","290.00","","-2.68%"
"14-04-2020","298.00","298.00","298.00","298.00","","-2.61%"
"09-04-2020","306.00","306.00","306.00","306.00","","-2.86%"
"08-04-2020","315.00","315.00","315.00","315.00","","-2.78%"
"07-04-2020","324.00","324.00","324.00","324.00","","-3.28%"
"06-04-2020","335.00","335.00","335.00","335.00","","-1.47%"
"03-04-2020","340.00","340.00","340.00","340.00","","-2.86%"
"02-04-2020","350.00","350.00","350.00","350.00","","-3.85%"
"01-04-2020","364.00","364.00","364.00","364.00","","-2.93%"
"31-03-2020","375.00","375.00","375.00","375.00","","-3.60%"
"30-03-2020","389.00","389.00","389.00","389.00","","-2.99%"
"27-03-2020","401.00","401.00","401.00","401.00","","-3.37%"
"26-03-2020","415.00","415.00","415.00","415.00","","-1.89%"
"25-03-2020","423.00","423.00","423.00","423.00","","-1.63%"
"24-03-2020","430.00","430.00","430.00","430.00","","0.47%"
"23-03-2020","428.00","428.00","428.00","428.00","","1.18%"
"20-03-2020","423.00","423.00","423.00","423.00","","0.48%"
"19-03-2020","421.00","421.00","421.00","421.00","","1.45%"
"18-03-2020","415.00","415.00","415.00","415.00","","2.22%"
"17-03-2020","406.00","406.00","406.00","406.00","","1.25%"
"16-03-2020","401.00","401.00","401.00","401.00","","1.52%"
"13-03-2020","395.00","395.00","395.00","395.00","","2.33%"
"12-03-2020","386.00","386.00","386.00","386.00","","3.21%"
"11-03-2020","374.00","374.00","374.00","374.00","","3.03%"
"10-03-2020","363.00","363.00","363.00","363.00","","2.25%"
"09-03-2020","355.00","355.00","355.00","355.00","","1.43%"
"06-03-2020","350.00","350.00","350.00","350.00","","1.74%"
"05-03-2020","344.00","344.00","344.00","344.00","","2.69%"
"04-03-2020","335.00","335.00","335.00","335.00","","1.52%"
"03-03-2020","330.00","330.00","330.00","330.00","","0.92%"
"02-03-2020","327.00","327.00","327.00","327.00","","0.93%"
"28-02-2020","324.00","324.00","324.00","324.00","","0.62%"
"27-02-2020","322.00","322.00","322.00","322.00","","0.94%"
"26-02-2020","319.00","319.00","319.00","319.00","","1.27%"
"25-02-2020","315.00","315.00","315.00","315.00","","2.27%"
"24-02-2020","308.00","308.00","308.00","308.00","","1.32%"
"21-02-2020","304.00","304.00","304.00","304.00","","2.01%"
"20-02-2020","298.00","298.00","298.00","298.00","","1.02%"
"19-02-2020","295.00","295.00","295.00","295.00","","1.37%"
"18-02-2020","291.00","291.00","291.00","291.00","","0.34%"
"17-02-2020","290.00","290.00","290.00","290.00","","-0.34%"
"14-02-2020","291.00","291.00","291.00","291.00","","-0.34%"
"13-02-2020","292.00","292.00","292.00","292.00","","-0.34%"
"12-02-2020","293.00","293.00","293.00","293.00","","-1.01%"
"11-02-2020","296.00","296.00","296.00","296.00","","-1.99%"
"10-02-2020","302.00","302.00","302.00","302.00","","-0.66%"
"07-02-2020","304.00","304.00","304.00","304.00","","-1.62%"
"06-02-2020","309.00","309.00","309.00","309.00","","-1.28%"
"05-02-2020","313.00","313.00","313.00","313.00","","-2.19%"
"04-02-2020","320.00","320.00","320.00","320.00","","-1.84%"
"03-02-2020","326.00","326.00","326.00","326.00","","-1.81%"
"31-01-2020","332.00","332.00","332.00","332.00","","-2.06%"
"30-01-2020","339.00","339.00","339.00","339.00","","-1.45%"
"29-01-2020","344.00","344.00","344.00","344.00","","-1.71%"
"28-01-2020","350.00","350.00","350.00","350.00","","-1.41%"
"27-01-2020","355.00","355.00","355.00","355.00","","-1.39%"
"24-01-2020","360.00","360.00","360.00","360.00","","-1.64%"
"23-01-2020","366.00","366.00","366.00","366.00","","-1.61%"
"22-01-2020","372.00","372.00","372.00","372.00","","-0.80%"
"21-01-2020","375.00","375.00","375.00","375.00","","-0.79%"
"20-01-2020","378.00","378.00","378.00","378.00","","-0.26%"
"17-01-2020","379.00","379.00","379.00","379.00","","-1.04%"
"16-01-2020","383.00","383.00","383.00","383.00","","-1.29%"
"15-01-2020","388.00","388.00","388.00","388.00","","-1.77%"
"14-01-2020","395.00","395.00","395.00","395.00","","-1.25%"
"13-01-2020","400.00","400.00","400.00","400.00","","-1.96%"
"10-01-2020","408.00","408.00","408.00","408.00","","-2.39%"
"09-01-2020","418.00","418.00","418.00","418.00","","-1.88%"
"08-01-2020","426.00","426.00","426.00","426.00","","-1.84%"
"07-01-2020","434.00","434.00","434.00","434.00","","-2.03%"
"06-01-2020","443.00","443.00","443.00","443.00","","-1.99%"
"03-01-2020","452.00","452.00","452.00","452.00","","-2.80%"
"02-01-2020","465.00","465.00","465.00","465.00","","-4.52%"
"24-12-2019","487.00","487.00","487.00","487.00","","-1.42%"
"23-12-2019","494.00","494.00","494.00","494.00","","-1.20%"
"20-12-2019","500.00","500.00","500.00","500.00","","-0.79%"
"19-12-2019","504.00","504.00","504.00","504.00","","-0.59%"
"18-12-2019","507.00","507.00","507.00","507.00","","-0.39%"
"17-12-2019","509.00","509.00","509.00","509.00","","0.00%"
"16-12-2019","509.00","509.00","509.00","509.00","","0.00%"
"13-12-2019","509.00","509.00","509.00","509.00","","0.00%"
"12-12-2019","509.00","509.00","509.00","509.00","","-0.20%"
"11-12-2019","510.00","510.00","510.00","510.00","","0.00%"
"10-12-2019","510.00","510.00","510.00","510.00","","0.39%"
"09-12-2019","508.00","508.00","508.00","508.00","","0.20%"
"06-12-2019","507.00","507.00","507.00","507.00","","0.40%"
"05-12-2019","505.00","505.00","505.00","505.00","","0.00%"
"04-12-2019","505.00","505.00","505.00","505.00","","0.00%"
"03-12-2019","505.00","505.00","505.00","505.00","","0.00%"
"02-12-2019","505.00","505.00","505.00","505.00","","0.00%"
"29-11-2019","505.00","505.00","505.00","505.00","","0.80%"
"28-11-2019","501.00","501.00","501.00","501.00","","0.60%"
"27-11-2019","498.00","498.00","498.00","498.00","","0.40%"
"26-11-2019","496.00","496.00","496.00","496.00","","0.40%"
"25-11-2019","494.00","494.00","494.00","494.00","","0.00%"
"22-11-2019","494.00","494.00","494.00","494.00","","-0.20%"
"21-11-2019","495.00","495.00","495.00","495.00","","-0.40%"
"20-11-2019","497.00","497.00","497.00","497.00","","-0.80%"
"19-11-2019","501.00","501.00","501.00","501.00","","-0.99%"
"18-11-2019","506.00","506.00","506.00","506.00","","-0.59%"
"15-11-2019","509.00","509.00","509.00","509.00","","-0.97%"
"14-11-2019","514.00","514.00","514.00","514.00","","-1.34%"
"13-11-2019","521.00","521.00","521.00","521.00","","-0.95%"
"12-11-2019","526.00","526.00","526.00","526.00","","-1.31%"
"11-11-2019","533.00","533.00","533.00","533.00","","-1.11%"
"08-11-2019","539.00","539.00","539.00","539.00","","-2.00%"
"07-11-2019","550.00","550.00","550.00","550.00","","-1.26%"
"06-11-2019","557.00","557.00","557.00","557.00","","-1.24%"
"05-11-2019","564.00","564.00","564.00","564.00","","-1.23%"
"04-11-2019","571.00","571.00","571.00","571.00","","-1.55%"
"01-11-2019","580.00","580.00","580.00","580.00","","-1.86%"
"31-10-2019","591.00","591.00","591.00","591.00","","-2.15%"
"30-10-2019","604.00","604.00","604.00","604.00","","-2.11%"
"29-10-2019","617.00","617.00","617.00","617.00","","-1.44%"
"28-10-2019","626.00","626.00","626.00","626.00","","-0.79%"
"25-10-2019","631.00","631.00","631.00","631.00","","-0.94%"
"24-10-2019","637.00","637.00","637.00","637.00","","-0.78%"
"23-10-2019","642.00","642.00","642.00","642.00","","-0.62%"
"22-10-2019","646.00","646.00","646.00","646.00","","-0.46%"
"21-10-2019","649.00","649.00","649.00","649.00","","-0.31%"
"18-10-2019","651.00","651.00","651.00","651.00","","-0.31%"
"17-10-2019","653.00","653.00","653.00","653.00","","-0.31%"
"16-10-2019","655.00","655.00","655.00","655.00","","-0.15%"
"15-10-2019","656.00","656.00","656.00","656.00","","0.00%"
"14-10-2019","656.00","656.00","656.00","656.00","","-0.30%"
"11-10-2019","658.00","658.00","658.00","658.00","","-0.30%"
"10-10-2019","660.00","660.00","660.00","660.00","","-0.30%"
"09-10-2019","662.00","662.00","662.00","662.00","","-0.30%"
"08-10-2019","664.00","664.00","664.00","664.00","","-0.45%"
"07-10-2019","667.00","667.00","667.00","667.00","","-0.45%"
"04-10-2019","670.00","670.00","670.00","670.00","","-0.45%"
"03-10-2019","673.00","673.00","673.00","673.00","","-0.88%"
"02-10-2019","679.00","679.00","679.00","679.00","","-0.73%"
"01-10-2019","684.00","684.00","684.00","684.00","","-0.58%"
"30-09-2019","688.00","688.00","688.00","688.00","","-0.29%"
"27-09-2019","690.00","690.00","690.00","690.00","","-0.14%"
"26-09-2019","691.00","691.00","691.00","691.00","","-0.14%"
"25-09-2019","692.00","692.00","692.00","692.00","","0.29%"
"24-09-2019","690.00","690.00","690.00","690.00","","-0.29%"
"23-09-2019","692.00","692.00","692.00","692.00","","0.00%"
"20-09-2019","692.00","692.00","692.00","692.00","","0.14%"
"19-09-2019","691.00","691.00","691.00","691.00","","0.00%"
"18-09-2019","691.00","691.00","691.00","691.00","","0.00%"
"17-09-2019","691.00","691.00","691.00","691.00","","0.00%"
"16-09-2019","691.00","691.00","691.00","691.00","","0.00%"
"13-09-2019","691.00","691.00","691.00","691.00","","0.00%"
"12-09-2019","691.00","691.00","691.00","691.00","","-0.14%"
"11-09-2019","692.00","692.00","692.00","692.00","","0.14%"
"10-09-2019","691.00","691.00","691.00","691.00","","0.14%"
"09-09-2019","690.00","690.00","690.00","690.00","","0.15%"
"06-09-2019","689.00","689.00","689.00","689.00","","0.15%"
"05-09-2019","688.00","688.00","688.00","688.00","","0.88%"
"04-09-2019","682.00","682.00","682.00","682.00","","0.74%"
"03-09-2019","677.00","677.00","677.00","677.00","","0.89%"
"02-09-2019","671.00","671.00","671.00","671.00","","0.90%"
"30-08-2019","665.00","665.00","665.00","665.00","","1.37%"
"29-08-2019","656.00","656.00","656.00","656.00","","2.02%"
"28-08-2019","643.00","643.00","643.00","643.00","","1.74%"
"27-08-2019","632.00","632.00","632.00","632.00","","2.10%"
"23-08-2019","619.00","619.00","619.00","619.00","","1.64%"
"22-08-2019","609.00","609.00","609.00","609.00","","3.05%"
"21-08-2019","591.00","591.00","591.00","591.00","","2.07%"
"20-08-2019","579.00","579.00","579.00","579.00","","1.76%"
"19-08-2019","569.00","569.00","569.00","569.00","","1.61%"
"16-08-2019","560.00","560.00","560.00","560.00","","1.82%"
"15-08-2019","550.00","550.00","550.00","550.00","","2.04%"
"14-08-2019","539.00","539.00","539.00","539.00","","1.70%"
"13-08-2019","530.00","530.00","530.00","530.00","","1.15%"
"12-08-2019","524.00","524.00","524.00","524.00","","0.19%"
"09-08-2019","523.00","523.00","523.00","523.00","","0.38%"
"08-08-2019","521.00","521.00","521.00","521.00","","0.19%"
"07-08-2019","520.00","520.00","520.00","520.00","","0.19%"
"06-08-2019","519.00","519.00","519.00","519.00","","0.00%"
"05-08-2019","519.00","519.00","519.00","519.00","","0.39%"
"02-08-2019","517.00","517.00","517.00","517.00","","0.00%"
"01-08-2019","517.00","517.00","517.00","517.00","","0.19%"
"31-07-2019","516.00","516.00","516.00","516.00","","0.00%"
"30-07-2019","516.00","516.00","516.00","516.00","","0.00%"
"29-07-2019","516.00","516.00","516.00","516.00","","0.19%"
"26-07-2019","515.00","515.00","515.00","515.00","","0.59%"
"25-07-2019","512.00","512.00","512.00","512.00","","1.19%"
"24-07-2019","506.00","506.00","506.00","506.00","","0.60%"
"23-07-2019","503.00","503.00","503.00","503.00","","1.21%"
"22-07-2019","497.00","497.00","497.00","497.00","","1.02%"
"19-07-2019","492.00","492.00","492.00","492.00","","1.23%"
"18-07-2019","486.00","486.00","486.00","486.00","","1.04%"
"17-07-2019","481.00","481.00","481.00","481.00","","0.84%"
"16-07-2019","477.00","477.00","477.00","477.00","","1.06%"
"15-07-2019","472.00","472.00","472.00","472.00","","0.00%"
"12-07-2019","472.00","472.00","472.00","472.00","","0.85%"
"11-07-2019","468.00","468.00","468.00","468.00","","1.08%"
"10-07-2019","463.00","463.00","463.00","463.00","","1.09%"
"09-07-2019","458.00","458.00","458.00","458.00","","0.88%"
"08-07-2019","454.00","454.00","454.00","454.00","","1.34%"
"05-07-2019","448.00","448.00","448.00","448.00","","1.13%"
"04-07-2019","443.00","443.00","443.00","443.00","","0.68%"
"03-07-2019","440.00","440.00","440.00","440.00","","0.23%"
"02-07-2019","439.00","439.00","439.00","439.00","","-0.45%"
"01-07-2019","441.00","441.00","441.00","441.00","","-0.23%"
"28-06-2019","442.00","442.00","442.00","442.00","","-0.23%"
"27-06-2019","443.00","443.00","443.00","443.00","","0.23%"
"26-06-2019","442.00","442.00","442.00","442.00","","0.00%"
"25-06-2019","442.00","442.00","442.00","442.00","","0.00%"
"24-06-2019","442.00","442.00","442.00","442.00","","0.45%"
"21-06-2019","440.00","440.00","440.00","440.00","","0.69%"
"20-06-2019","437.00","437.00","437.00","437.00","","1.16%"
"19-06-2019","432.00","432.00","432.00","432.00","","0.93%"
"18-06-2019","428.00","428.00","428.00","428.00","","1.42%"
"17-06-2019","422.00","422.00","422.00","422.00","","0.48%"
"14-06-2019","420.00","420.00","420.00","420.00","","0.24%"
"13-06-2019","419.00","419.00","419.00","419.00","","0.72%"
"12-06-2019","416.00","416.00","416.00","416.00","","0.48%"
"11-06-2019","414.00","414.00","414.00","414.00","","0.73%"
"10-06-2019","411.00","411.00","411.00","411.00","","-0.24%"
"07-06-2019","412.00","412.00","412.00","412.00","","0.98%"
"06-06-2019","408.00","408.00","408.00","408.00","","0.74%"
"05-06-2019","405.00","405.00","405.00","405.00","","0.50%"
"04-06-2019","403.00","403.00","403.00","403.00","","0.50%"
"03-06-2019","401.00","401.00","401.00","401.00","","0.75%"
"31-05-2019","398.00","398.00","398.00","398.00","","0.25%"
"30-05-2019","397.00","397.00","397.00","397.00","","0.51%"
"29-05-2019","395.00","395.00","395.00","395.00","","0.25%"
"28-05-2019","394.00","394.00","394.00","394.00","","0.25%"
"24-05-2019","393.00","393.00","393.00","393.00","","0.51%"
"23-05-2019","391.00","391.00","391.00","391.00","","0.51%"
"22-05-2019","389.00","389.00","389.00","389.00","","0.26%"
"21-05-2019","388.00","388.00","388.00","388.00","","0.52%"
"20-05-2019","386.00","386.00","386.00","386.00","","0.26%"
"17-05-2019","385.00","385.00","385.00","385.00","","0.52%"
"16-05-2019","383.00","383.00","383.00","383.00","","0.52%"
"15-05-2019","381.00","381.00","381.00","381.00","","0.00%"
"14-05-2019","381.00","381.00","381.00","381.00","","-0.26%"
"13-05-2019","382.00","382.00","382.00","382.00","","0.00%"
"10-05-2019","382.00","382.00","382.00","382.00","","0.00%"
"09-05-2019","382.00","382.00","382.00","382.00","","0.00%"
"08-05-2019","382.00","382.00","382.00","382.00","","0.00%"
"07-05-2019","382.00","382.00","382.00","382.00","","0.00%"
"03-05-2019","382.00","382.00","382.00","382.00","","-0.52%"
"02-05-2019","384.00","384.00","384.00","384.00","","-0.52%"
"01-05-2019","386.00","386.00","386.00","386.00","","0.52%"
"30-04-2019","384.00","384.00","384.00","384.00","","-0.52%"
"29-04-2019","386.00","386.00","386.00","386.00","","-0.77%"
"26-04-2019","389.00","389.00","389.00","389.00","","-0.51%"
"25-04-2019","391.00","391.00","391.00","391.00","","-0.26%"
"24-04-2019","392.00","392.00","392.00","392.00","","0.26%"
"23-04-2019","391.00","391.00","391.00","391.00","","0.26%"
"18-04-2019","390.00","390.00","390.00","390.00","","-1.02%"
"17-04-2019","394.00","394.00","394.00","394.00","","-0.76%"
"16-04-2019","397.00","397.00","397.00","397.00","","-0.50%"
"15-04-2019","399.00","399.00","399.00","399.00","","-0.99%"
"12-04-2019","403.00","403.00","403.00","403.00","","-0.74%"
"11-04-2019","406.00","406.00","406.00","406.00","","-1.22%"
"10-04-2019","411.00","411.00","411.00","411.00","","-1.91%"
"09-04-2019","419.00","419.00","419.00","419.00","","-1.41%"
"08-04-2019","425.00","425.00","425.00","425.00","","-1.62%"
"05-04-2019","432.00","432.00","432.00","432.00","","-1.14%"
"04-04-2019","437.00","437.00","437.00","437.00","","-2.46%"
"03-04-2019","448.00","448.00","448.00","448.00","","-1.54%"
"02-04-2019","455.00","455.00","455.00","455.00","","-1.30%"
"01-04-2019","461.00","461.00","461.00","461.00","","-0.65%"
"29-03-2019","464.00","464.00","464.00","464.00","","-0.64%"
"28-03-2019","467.00","467.00","467.00","467.00","","0.21%"
"27-03-2019","466.00","466.00","466.00","466.00","","0.65%"
"26-03-2019","463.00","463.00","463.00","463.00","","1.09%"
"25-03-2019","458.00","458.00","458.00","458.00","","0.66%"
"22-03-2019","455.00","455.00","455.00","455.00","","1.34%"
"21-03-2019","449.00","449.00","449.00","449.00","","0.67%"
"20-03-2019","446.00","446.00","446.00","446.00","","0.68%"
"19-03-2019","443.00","443.00","443.00","443.00","","0.68%"
"18-03-2019","440.00","440.00","440.00","440.00","","0.69%"
"15-03-2019","437.00","437.00","437.00","437.00","","0.69%"
"14-03-2019","434.00","434.00","434.00","434.00","","0.93%"
"13-03-2019","430.00","430.00","430.00","430.00","","0.23%"
"12-03-2019","429.00","429.00","429.00","429.00","","1.18%"
"11-03-2019","424.00","424.00","424.00","424.00","","0.71%"
"08-03-2019","421.00","421.00","421.00","421.00","","0.72%"
"07-03-2019","418.00","418.00","418.00","418.00","","1.21%"
"06-03-2019","413.00","413.00","413.00","413.00","","1.47%"
"05-03-2019","407.00","407.00","407.00","407.00","","2.52%"
"04-03-2019","397.00","397.00","397.00","397.00","","1.02%"
"01-03-2019","393.00","393.00","393.00","393.00","","1.29%"
"28-02-2019","388.00","388.00","388.00","388.00","","1.57%"
"27-02-2019","382.00","382.00","382.00","382.00","","2.69%"
"26-02-2019","372.00","372.00","372.00","372.00","","1.64%"
"25-02-2019","366.00","366.00","366.00","366.00","","1.95%"
"22-02-2019","359.00","359.00","359.00","359.00","","1.70%"
"21-02-2019","353.00","353.00","353.00","353.00","","2.32%"
"20-02-2019","345.00","345.00","345.00","345.00","","2.99%"
"19-02-2019","335.00","335.00","335.00","335.00","","4.04%"
"18-02-2019","322.00","322.00","322.00","322.00","","2.22%"
"15-02-2019","315.00","315.00","315.00","315.00","","1.29%"
"14-02-2019","311.00","311.00","311.00","311.00","","2.98%"
"13-02-2019","302.00","302.00","302.00","302.00","","2.03%"
"12-02-2019","296.00","296.00","296.00","296.00","","1.37%"
"11-02-2019","292.00","292.00","292.00","292.00","","0.69%"
"08-02-2019","290.00","290.00","290.00","290.00","","0.00%"
"07-02-2019","290.00","290.00","290.00","290.00","","-1.36%"
"06-02-2019","294.00","294.00","294.00","294.00","","0.00%"
"05-02-2019","294.00","294.00","294.00","294.00","","-2.33%"
"04-02-2019","301.00","301.00","301.00","301.00","","-3.22%"
"01-02-2019","311.00","311.00","311.00","311.00","","-5.18%"
"31-01-2019","328.00","328.00","328.00","328.00","","-5.48%"
"30-01-2019","347.00","347.00","347.00","347.00","","-5.71%"
"29-01-2019","368.00","368.00","368.00","368.00","","-4.17%"
"28-01-2019","384.00","384.00","384.00","384.00","","-2.78%"
"25-01-2019","395.00","395.00","395.00","395.00","","-3.42%"
"24-01-2019","409.00","409.00","409.00","409.00","","-3.31%"
"23-01-2019","423.00","423.00","423.00","423.00","","-2.08%"
"22-01-2019","432.00","432.00","432.00","432.00","","-2.26%"
"21-01-2019","442.00","442.00","442.00","442.00","","-2.00%"
"18-01-2019","451.00","451.00","451.00","451.00","","-3.22%"
"17-01-2019","466.00","466.00","466.00","466.00","","-3.52%"
"16-01-2019","483.00","483.00","483.00","483.00","","-3.21%"
"15-01-2019","499.00","499.00","499.00","499.00","","-2.35%"
"14-01-2019","511.00","511.00","511.00","511.00","","-2.48%"
"11-01-2019","524.00","524.00","524.00","524.00","","-2.24%"
"10-01-2019","536.00","536.00","536.00","536.00","","-1.83%"
"09-01-2019","546.00","546.00","546.00","546.00","","-1.80%"
"08-01-2019","556.00","556.00","556.00","556.00","","-1.24%"
"07-01-2019","563.00","563.00","563.00","563.00","","-1.40%"
"04-01-2019","571.00","571.00","571.00","571.00","","-1.21%"
"03-01-2019","578.00","578.00","578.00","578.00","","-1.70%"
"02-01-2019","588.00","588.00","588.00","588.00","","-1.34%"
"24-12-2018","596.00","596.00","596.00","596.00","","-0.17%"
"21-12-2018","597.00","597.00","597.00","597.00","","-0.83%"
"20-12-2018","602.00","602.00","602.00","602.00","","-0.82%"
"19-12-2018","607.00","607.00","607.00","607.00","","-0.65%"
"18-12-2018","611.00","611.00","611.00","611.00","","-0.49%"
"17-12-2018","614.00","614.00","614.00","614.00","","-0.49%"
"14-12-2018","617.00","617.00","617.00","617.00","","-0.64%"
"13-12-2018","621.00","621.00","621.00","621.00","","-0.16%"
"12-12-2018","622.00","622.00","622.00","622.00","","-0.16%"
"11-12-2018","623.00","623.00","623.00","623.00","","-0.16%"
"10-12-2018","624.00","624.00","624.00","624.00","","-0.16%"
"07-12-2018","625.00","625.00","625.00","625.00","","0.00%"
"06-12-2018","625.00","625.00","625.00","625.00","","0.00%"
"05-12-2018","625.00","625.00","625.00","625.00","","0.00%"
"04-12-2018","625.00","625.00","625.00","625.00","","-0.16%"
"03-12-2018","626.00","626.00","626.00","626.00","","0.00%"
"30-11-2018","626.00","626.00","626.00","626.00","","-0.32%"
"29-11-2018","628.00","628.00","628.00","628.00","","-0.16%"
"28-11-2018","629.00","629.00","629.00","629.00","","-0.32%"
"27-11-2018","631.00","631.00","631.00","631.00","","-0.32%"
"26-11-2018","633.00","633.00","633.00","633.00","","-0.31%"
"23-11-2018","635.00","635.00","635.00","635.00","","-0.47%"
"22-11-2018","638.00","638.00","638.00","638.00","","-0.62%"
"21-11-2018","642.00","642.00","642.00","642.00","","-0.31%"
"20-11-2018","644.00","644.00","644.00","644.00","","-0.16%"
"19-11-2018","645.00","645.00","645.00","645.00","","-0.15%"
"16-11-2018","646.00","646.00","646.00","646.00","","-0.46%"
"15-11-2018","649.00","649.00","649.00","649.00","","-0.46%"
"14-11-2018","652.00","652.00","652.00","652.00","","-0.15%"
"13-11-2018","653.00","653.00","653.00","653.00","","-0.15%"
"12-11-2018","654.00","654.00","654.00","654.00","","-0.30%"
"09-11-2018","656.00","656.00","656.00","656.00","","-0.30%"
"08-11-2018","658.00","658.00","658.00","658.00","","-0.30%"
"07-11-2018","660.00","660.00","660.00","660.00","","-0.45%"
"06-11-2018","663.00","663.00","663.00","663.00","","-0.30%"
"05-11-2018","665.00","665.00","665.00","665.00","","-0.15%"
"02-11-2018","666.00","666.00","666.00","666.00","","-0.30%"
"01-11-2018","668.00","668.00","668.00","668.00","","-0.45%"
"31-10-2018","671.00","671.00","671.00","671.00","","-0.59%"
"30-10-2018","675.00","675.00","675.00","675.00","","0.00%"
"29-10-2018","675.00","675.00","675.00","675.00","","0.00%"
"26-10-2018","675.00","675.00","675.00","675.00","","-0.15%"
"25-10-2018","676.00","676.00","676.00","676.00","","0.15%"
"24-10-2018","675.00","675.00","675.00","675.00","","0.30%"
"23-10-2018","673.00","673.00","673.00","673.00","","0.30%"
"22-10-2018","671.00","671.00","671.00","671.00","","0.15%"
"19-10-2018","670.00","670.00","670.00","670.00","","0.30%"
"18-10-2018","668.00","668.00","668.00","668.00","","0.45%"
"17-10-2018","665.00","665.00","665.00","665.00","","0.30%"
"16-10-2018","663.00","663.00","663.00","663.00","","0.30%"
"15-10-2018","661.00","661.00","661.00","661.00","","0.61%"
"12-10-2018","657.00","657.00","657.00","657.00","","0.77%"
"11-10-2018","652.00","652.00","652.00","652.00","","0.77%"
"10-10-2018","647.00","647.00","647.00","647.00","","0.62%"
"09-10-2018","643.00","643.00","643.00","643.00","","0.63%"
"08-10-2018","639.00","639.00","639.00","639.00","","0.31%"
"05-10-2018","637.00","637.00","637.00","637.00","","0.47%"
"04-10-2018","634.00","634.00","634.00","634.00","","0.16%"
"03-10-2018","633.00","633.00","633.00","633.00","","0.32%"
"02-10-2018","631.00","631.00","631.00","631.00","","0.16%"
"01-10-2018","630.00","630.00","630.00","630.00","","0.16%"
"28-09-2018","629.00","629.00","629.00","629.00","","0.32%"
"27-09-2018","627.00","627.00","627.00","627.00","","0.16%"
"26-09-2018","626.00","626.00","626.00","626.00","","0.64%"
"25-09-2018","622.00","622.00","622.00","622.00","","0.00%"
"24-09-2018","622.00","622.00","622.00","622.00","","0.81%"
"21-09-2018","617.00","617.00","617.00","617.00","","0.82%"
"20-09-2018","612.00","612.00","612.00","612.00","","1.32%"
"19-09-2018","604.00","604.00","604.00","604.00","","0.67%"
"18-09-2018","600.00","600.00","600.00","600.00","","0.67%"
"17-09-2018","596.00","596.00","596.00","596.00","","1.36%"
"14-09-2018","588.00","588.00","588.00","588.00","","1.20%"
"13-09-2018","581.00","581.00","581.00","581.00","","0.87%"
"12-09-2018","576.00","576.00","576.00","576.00","","0.70%"
"11-09-2018","572.00","572.00","572.00","572.00","","0.53%"
"10-09-2018","569.00","569.00","569.00","569.00","","0.18%"
"07-09-2018","568.00","568.00","568.00","568.00","","0.53%"
"06-09-2018","565.00","565.00","565.00","565.00","","0.00%"
"05-09-2018","565.00","565.00","565.00","565.00","","0.18%"
"04-09-2018","564.00","564.00","564.00","564.00","","0.18%"
"03-09-2018","563.00","563.00","563.00","563.00","","0.18%"
"31-08-2018","562.00","562.00","562.00","562.00","","0.54%"
"30-08-2018","559.00","559.00","559.00","559.00","","0.54%"
"29-08-2018","556.00","556.00","556.00","556.00","","0.36%"
"28-08-2018","554.00","554.00","554.00","554.00","","0.54%"
"24-08-2018","551.00","551.00","551.00","551.00","","0.73%"
"23-08-2018","547.00","547.00","547.00","547.00","","-0.18%"
"22-08-2018","548.00","548.00","548.00","548.00","","0.92%"
"21-08-2018","543.00","543.00","543.00","543.00","","0.00%"
"20-08-2018","543.00","543.00","543.00","543.00","","-0.37%"
"17-08-2018","545.00","545.00","545.00","545.00","","0.18%"
"16-08-2018","544.00","544.00","544.00","544.00","","0.18%"
"15-08-2018","543.00","543.00","543.00","543.00","","0.00%"
"14-08-2018","543.00","543.00","543.00","543.00","","0.00%"
"13-08-2018","543.00","543.00","543.00","543.00","","0.18%"
"10-08-2018","542.00","542.00","542.00","542.00","","-0.18%"
"09-08-2018","543.00","543.00","543.00","543.00","","0.37%"
"08-08-2018","541.00","541.00","541.00","541.00","","0.00%"
"07-08-2018","541.00","541.00","541.00","541.00","","-0.18%"
"06-08-2018","542.00","542.00","542.00","542.00","","-0.18%"
"03-08-2018","543.00","543.00","543.00","543.00","","-0.18%"
"02-08-2018","544.00","544.00","544.00","544.00","","-0.55%"
"01-08-2018","547.00","547.00","547.00","547.00","","-0.36%"
"31-07-2018","549.00","549.00","549.00","549.00","","-0.36%"
"30-07-2018","551.00","551.00","551.00","551.00","","-0.36%"
"27-07-2018","553.00","553.00","553.00","553.00","","-0.18%"
"26-07-2018","554.00","554.00","554.00","554.00","","-0.36%"
"25-07-2018","556.00","556.00","556.00","556.00","","-0.54%"
"24-07-2018","559.00","559.00","559.00","559.00","","-0.18%"
"23-07-2018","560.00","560.00","560.00","560.00","","0.00%"
"20-07-2018","560.00","560.00","560.00","560.00","","-0.18%"
"19-07-2018","561.00","561.00","561.00","561.00","","0.00%"
"18-07-2018","561.00","561.00","561.00","561.00","","0.00%"
"17-07-2018","561.00","561.00","561.00","561.00","","0.36%"
"16-07-2018","559.00","559.00","559.00","559.00","","0.00%"
"13-07-2018","559.00","559.00","559.00","559.00","","0.18%"
"12-07-2018","558.00","558.00","558.00","558.00","","0.00%"
"11-07-2018","558.00","558.00","558.00","558.00","","-0.36%"
"10-07-2018","560.00","560.00","560.00","560.00","","-0.36%"
"09-07-2018","562.00","562.00","562.00","562.00","","-0.18%"
"06-07-2018","563.00","563.00","563.00","563.00","","-0.35%"
"05-07-2018","565.00","565.00","565.00","565.00","","-0.70%"
"04-07-2018","569.00","569.00","569.00","569.00","","-0.35%"
"03-07-2018","571.00","571.00","571.00","571.00","","-0.70%"
"02-07-2018","575.00","575.00","575.00","575.00","","-1.03%"
"29-06-2018","581.00","581.00","581.00","581.00","","-0.34%"
"28-06-2018","583.00","583.00","583.00","583.00","","-0.34%"
"27-06-2018","585.00","585.00","585.00","585.00","","-0.68%"
"26-06-2018","589.00","589.00","589.00","589.00","","-0.51%"
"25-06-2018","592.00","592.00","592.00","592.00","","-0.17%"
"22-06-2018","593.00","593.00","593.00","593.00","","0.17%"
"21-06-2018","592.00","592.00","592.00","592.00","","-0.17%"
"20-06-2018","593.00","593.00","593.00","593.00","","-0.17%"
"19-06-2018","594.00","594.00","594.00","594.00","","-0.17%"
"18-06-2018","595.00","595.00","595.00","595.00","","0.34%"
"15-06-2018","593.00","593.00","593.00","593.00","","0.17%"
"14-06-2018","592.00","592.00","592.00","592.00","","0.17%"
"13-06-2018","591.00","591.00","591.00","591.00","","0.51%"
"12-06-2018","588.00","588.00","588.00","588.00","","0.34%"
"11-06-2018","586.00","586.00","586.00","586.00","","0.34%"
"08-06-2018","584.00","584.00","584.00","584.00","","0.17%"
"07-06-2018","583.00","583.00","583.00","583.00","","0.00%"
"06-06-2018","583.00","583.00","583.00","583.00","","-0.17%"
"05-06-2018","584.00","584.00","584.00","584.00","","0.17%"
"04-06-2018","583.00","583.00","583.00","583.00","","0.00%"
"01-06-2018","583.00","583.00","583.00","583.00","","0.00%"
"31-05-2018","583.00","583.00","583.00","583.00","","-0.17%"
"30-05-2018","584.00","584.00","584.00","584.00","","-0.34%"
"29-05-2018","586.00","586.00","586.00","586.00","","-0.17%"
"25-05-2018","587.00","587.00","587.00","587.00","","-0.51%"
"24-05-2018","590.00","590.00","590.00","590.00","","-0.17%"
"23-05-2018","591.00","591.00","591.00","591.00","","0.17%"
"22-05-2018","590.00","590.00","590.00","590.00","","-0.17%"
"21-05-2018","591.00","591.00","591.00","591.00","","0.17%"
"18-05-2018","590.00","590.00","590.00","590.00","","0.17%"
"17-05-2018","589.00","589.00","589.00","589.00","","0.34%"
"16-05-2018","587.00","587.00","587.00","587.00","","0.17%"
"15-05-2018","586.00","586.00","586.00","586.00","","0.17%"
"14-05-2018","585.00","585.00","585.00","585.00","","0.17%"
"11-05-2018","584.00","584.00","584.00","584.00","","0.00%"
"10-05-2018","584.00","584.00","584.00","584.00","","-0.17%"
"09-05-2018","585.00","585.00","585.00","585.00","","0.00%"
"08-05-2018","585.00","585.00","585.00","585.00","","-0.68%"
"04-05-2018","589.00","589.00","589.00","589.00","","-0.34%"
"03-05-2018","591.00","591.00","591.00","591.00","","-1.01%"
"02-05-2018","597.00","597.00","597.00","597.00","","-0.67%"
"01-05-2018","601.00","601.00","601.00","601.00","","-0.33%"
"30-04-2018","603.00","603.00","603.00","603.00","","-0.33%"
"27-04-2018","605.00","605.00","605.00","605.00","","-0.82%"
"26-04-2018","610.00","610.00","610.00","610.00","","-0.65%"
"25-04-2018","614.00","614.00","614.00","614.00","","-0.49%"
"24-04-2018","617.00","617.00","617.00","617.00","","-0.64%"
"23-04-2018","621.00","621.00","621.00","621.00","","0.00%"
"20-04-2018","621.00","621.00","621.00","621.00","","-0.32%"
"19-04-2018","623.00","623.00","623.00","623.00","","-0.48%"
"18-04-2018","626.00","626.00","626.00","626.00","","0.00%"
"17-04-2018","626.00","626.00","626.00","626.00","","0.00%"
"16-04-2018","626.00","626.00","626.00","626.00","","-0.32%"
"13-04-2018","628.00","628.00","628.00","628.00","","-0.32%"
"12-04-2018","630.00","630.00","630.00","630.00","","-0.63%"
"11-04-2018","634.00","634.00","634.00","634.00","","-0.31%"
"10-04-2018","636.00","636.00","636.00","636.00","","-0.31%"
"09-04-2018","638.00","638.00","638.00","638.00","","-0.78%"
"06-04-2018","643.00","643.00","643.00","643.00","","-0.16%"
"05-04-2018","644.00","644.00","644.00","644.00","","-0.62%"
"04-04-2018","648.00","648.00","648.00","648.00","","-0.31%"
"03-04-2018","650.00","650.00","650.00","650.00","","-0.31%"
"29-03-2018","652.00","652.00","652.00","652.00","","0.31%"
"28-03-2018","650.00","650.00","650.00","650.00","","0.31%"
"27-03-2018","648.00","648.00","648.00","648.00","","0.47%"
"26-03-2018","645.00","645.00","645.00","645.00","","0.62%"
"23-03-2018","641.00","641.00","641.00","641.00","","0.31%"
"22-03-2018","639.00","639.00","639.00","639.00","","0.79%"
"21-03-2018","634.00","634.00","634.00","634.00","","0.63%"
"20-03-2018","630.00","630.00","630.00","630.00","","0.16%"
"19-03-2018","629.00","629.00","629.00","629.00","","0.32%"
"16-03-2018","627.00","627.00","627.00","627.00","","0.16%"
"15-03-2018","626.00","626.00","626.00","626.00","","0.64%"
"14-03-2018","622.00","622.00","622.00","622.00","","0.81%"
"13-03-2018","617.00","617.00","617.00","617.00","","0.33%"
"12-03-2018","615.00","615.00","615.00","615.00","","0.65%"
"09-03-2018","611.00","611.00","611.00","611.00","","0.66%"
"08-03-2018","607.00","607.00","607.00","607.00","","1.34%"
"07-03-2018","599.00","599.00","599.00","599.00","","0.67%"
"06-03-2018","595.00","595.00","595.00","595.00","","0.85%"
"05-03-2018","590.00","590.00","590.00","590.00","","0.68%"
"02-03-2018","586.00","586.00","586.00","586.00","","1.21%"
"01-03-2018","579.00","579.00","579.00","579.00","","3.95%"
"28-02-2018","557.00","557.00","557.00","557.00","","2.20%"
"27-02-2018","545.00","545.00","545.00","545.00","","1.30%"
"26-02-2018","538.00","538.00","538.00","538.00","","0.75%"
"23-02-2018","534.00","534.00","534.00","534.00","","0.95%"
"22-02-2018","529.00","529.00","529.00","529.00","","1.34%"
"21-02-2018","522.00","522.00","522.00","522.00","","0.58%"
"20-02-2018","519.00","519.00","519.00","519.00","","0.39%"
"19-02-2018","517.00","517.00","517.00","517.00","","0.39%"
"16-02-2018","515.00","515.00","515.00","515.00","","0.00%"
"15-02-2018","515.00","515.00","515.00","515.00","","-0.19%"
"14-02-2018","516.00","516.00","516.00","516.00","","-0.39%"
"13-02-2018","518.00","518.00","518.00","518.00","","-0.38%"
"12-02-2018","520.00","520.00","520.00","520.00","","-1.14%"
"09-02-2018","526.00","526.00","526.00","526.00","","-0.57%"
"08-02-2018","529.00","529.00","529.00","529.00","","-0.56%"
"07-02-2018","532.00","532.00","532.00","532.00","","-1.12%"
"06-02-2018","538.00","538.00","538.00","538.00","","-0.92%"
"05-02-2018","543.00","543.00","543.00","543.00","","-0.73%"
"02-02-2018","547.00","547.00","547.00","547.00","","-0.91%"
"01-02-2018","552.00","552.00","552.00","552.00","","-1.08%"
"31-01-2018","558.00","558.00","558.00","558.00","","-1.41%"
"30-01-2018","566.00","566.00","566.00","566.00","","-1.22%"
"29-01-2018","573.00","573.00","573.00","573.00","","-0.69%"
"26-01-2018","577.00","577.00","577.00","577.00","","-0.69%"
"25-01-2018","581.00","581.00","581.00","581.00","","-0.51%"
"24-01-2018","584.00","584.00","584.00","584.00","","-0.34%"
"23-01-2018","586.00","586.00","586.00","586.00","","0.17%"
"22-01-2018","585.00","585.00","585.00","585.00","","0.17%"
"19-01-2018","584.00","584.00","584.00","584.00","","0.69%"
"18-01-2018","580.00","580.00","580.00","580.00","","-0.17%"
"17-01-2018","581.00","581.00","581.00","581.00","","-0.34%"
"16-01-2018","583.00","583.00","583.00","583.00","","-0.34%"
"15-01-2018","585.00","585.00","585.00","585.00","","-0.34%"
"12-01-2018","587.00","587.00","587.00","587.00","","0.00%"
"11-01-2018","587.00","587.00","587.00","587.00","","-0.34%"
"10-01-2018","589.00","589.00","589.00","589.00","","-0.51%"
"09-01-2018","592.00","592.00","592.00","592.00","","-0.34%"
"08-01-2018","594.00","594.00","594.00","594.00","","-1.00%"
"05-01-2018","600.00","600.00","600.00","600.00","","-0.66%"
"04-01-2018","604.00","604.00","604.00","604.00","","-0.49%"
"03-01-2018","607.00","607.00","607.00","607.00","","-0.82%"
"02-01-2018","612.00","612.00","612.00","612.00","","-2.08%"
"22-12-2017","625.00","625.00","625.00","625.00","","-0.32%"
"21-12-2017","627.00","627.00","627.00","627.00","","-0.79%"
"20-12-2017","632.00","632.00","632.00","632.00","","-0.63%"
"19-12-2017","636.00","636.00","636.00","636.00","","-0.16%"
"18-12-2017","637.00","637.00","637.00","637.00","","0.16%"
"15-12-2017","636.00","636.00","636.00","636.00","","0.16%"
"14-12-2017","635.00","635.00","635.00","635.00","","0.32%"
"13-12-2017","633.00","633.00","633.00","633.00","","0.00%"
"12-12-2017","633.00","633.00","633.00","633.00","","0.16%"
"11-12-2017","632.00","632.00","632.00","632.00","","0.16%"
"08-12-2017","631.00","631.00","631.00","631.00","","0.16%"
"07-12-2017","630.00","630.00","630.00","630.00","","0.16%"
"06-12-2017","629.00","629.00","629.00","629.00","","0.16%"
"05-12-2017","628.00","628.00","628.00","628.00","","0.32%"
"04-12-2017","626.00","626.00","626.00","626.00","","0.00%"
"01-12-2017","626.00","626.00","626.00","626.00","","0.48%"
"30-11-2017","623.00","623.00","623.00","623.00","","0.16%"
"29-11-2017","622.00","622.00","622.00","622.00","","0.32%"
"28-11-2017","620.00","620.00","620.00","620.00","","0.16%"
"27-11-2017","619.00","619.00","619.00","619.00","","-0.16%"
"24-11-2017","620.00","620.00","620.00","620.00","","-0.32%"
"23-11-2017","622.00","622.00","622.00","622.00","","-0.32%"
"22-11-2017","624.00","624.00","624.00","624.00","","-0.16%"
"21-11-2017","625.00","625.00","625.00","625.00","","-0.48%"
"20-11-2017","628.00","628.00","628.00","628.00","","-0.32%"
"17-11-2017","630.00","630.00","630.00","630.00","","-0.63%"
"16-11-2017","634.00","634.00","634.00","634.00","","-0.47%"
"15-11-2017","637.00","637.00","637.00","637.00","","-0.47%"
"14-11-2017","640.00","640.00","640.00","640.00","","-0.31%"
"13-11-2017","642.00","642.00","642.00","642.00","","-0.31%"
"10-11-2017","644.00","644.00","644.00","644.00","","-0.62%"
"09-11-2017","648.00","648.00","648.00","648.00","","-0.92%"
"08-11-2017","654.00","654.00","654.00","654.00","","-0.61%"
"07-11-2017","658.00","658.00","658.00","658.00","","-0.45%"
"06-11-2017","661.00","661.00","661.00","661.00","","-0.45%"
"03-11-2017","664.00","664.00","664.00","664.00","","-0.60%"
"02-11-2017","668.00","668.00","668.00","668.00","","-0.74%"
"01-11-2017","673.00","673.00","673.00","673.00","","-0.88%"
"31-10-2017","679.00","679.00","679.00","679.00","","-0.88%"
"30-10-2017","685.00","685.00","685.00","685.00","","-0.29%"
"27-10-2017","687.00","687.00","687.00","687.00","","-0.15%"
"26-10-2017","688.00","688.00","688.00","688.00","","-0.29%"
"25-10-2017","690.00","690.00","690.00","690.00","","0.44%"
"24-10-2017","687.00","687.00","687.00","687.00","","0.59%"
"23-10-2017","683.00","683.00","683.00","683.00","","0.59%"
"20-10-2017","679.00","679.00","679.00","679.00","","0.89%"
"19-10-2017","673.00","673.00","673.00","673.00","","1.05%"
"18-10-2017","666.00","666.00","666.00","666.00","","0.45%"
"17-10-2017","663.00","663.00","663.00","663.00","","1.07%"
"16-10-2017","656.00","656.00","656.00","656.00","","1.08%"
"13-10-2017","649.00","649.00","649.00","649.00","","2.20%"
"12-10-2017","635.00","635.00","635.00","635.00","","1.93%"
"11-10-2017","623.00","623.00","623.00","623.00","","0.81%"
"10-10-2017","618.00","618.00","618.00","618.00","","0.82%"
"09-10-2017","613.00","613.00","613.00","613.00","","0.49%"
"06-10-2017","610.00","610.00","610.00","610.00","","0.49%"
"05-10-2017","607.00","607.00","607.00","607.00","","-0.33%"
"04-10-2017","609.00","609.00","609.00","609.00","","-0.49%"
"03-10-2017","612.00","612.00","612.00","612.00","","-0.33%"
"02-10-2017","614.00","614.00","614.00","614.00","","-0.32%"
"29-09-2017","616.00","616.00","616.00","616.00","","0.00%"
"28-09-2017","616.00","616.00","616.00","616.00","","0.49%"
"27-09-2017","613.00","613.00","613.00","613.00","","0.99%"
"26-09-2017","607.00","607.00","607.00","607.00","","0.83%"
"25-09-2017","602.00","602.00","602.00","602.00","","1.01%"
"22-09-2017","596.00","596.00","596.00","596.00","","1.71%"
"21-09-2017","586.00","586.00","586.00","586.00","","1.74%"
"20-09-2017","576.00","576.00","576.00","576.00","","2.49%"
"19-09-2017","562.00","562.00","562.00","562.00","","2.00%"
"18-09-2017","551.00","551.00","551.00","551.00","","2.80%"
"15-09-2017","536.00","536.00","536.00","536.00","","1.32%"
"14-09-2017","529.00","529.00","529.00","529.00","","1.73%"
"13-09-2017","520.00","520.00","520.00","520.00","","1.36%"
"12-09-2017","513.00","513.00","513.00","513.00","","0.79%"
"11-09-2017","509.00","509.00","509.00","509.00","","0.99%"
"08-09-2017","504.00","504.00","504.00","504.00","","1.00%"
"07-09-2017","499.00","499.00","499.00","499.00","","1.01%"
"06-09-2017","494.00","494.00","494.00","494.00","","0.61%"
"05-09-2017","491.00","491.00","491.00","491.00","","0.82%"
"04-09-2017","487.00","487.00","487.00","487.00","","0.21%"
"01-09-2017","486.00","486.00","486.00","486.00","","0.00%"
"31-08-2017","486.00","486.00","486.00","486.00","","0.83%"
"30-08-2017","482.00","482.00","482.00","482.00","","1.05%"
"29-08-2017","477.00","477.00","477.00","477.00","","0.63%"
"25-08-2017","474.00","474.00","474.00","474.00","","0.21%"
"24-08-2017","473.00","473.00","473.00","473.00","","0.64%"
"23-08-2017","470.00","470.00","470.00","470.00","","0.43%"
"22-08-2017","468.00","468.00","468.00","468.00","","0.43%"
"21-08-2017","466.00","466.00","466.00","466.00","","0.22%"
"18-08-2017","465.00","465.00","465.00","465.00","","0.00%"
"17-08-2017","465.00","465.00","465.00","465.00","","0.22%"
"16-08-2017","464.00","464.00","464.00","464.00","","0.00%"
"15-08-2017","464.00","464.00","464.00","464.00","","-0.22%"
"14-08-2017","465.00","465.00","465.00","465.00","","-0.21%"
"11-08-2017","466.00","466.00","466.00","466.00","","0.00%"
"10-08-2017","466.00","466.00","466.00","466.00","","-0.21%"
"09-08-2017","467.00","467.00","467.00","467.00","","-1.06%"
"08-08-2017","472.00","472.00","472.00","472.00","","-0.63%"
"07-08-2017","475.00","475.00","475.00","475.00","","-0.63%"
"04-08-2017","478.00","478.00","478.00","478.00","","-0.83%"
"03-08-2017","482.00","482.00","482.00","482.00","","-1.23%"
"02-08-2017","488.00","488.00","488.00","488.00","","-0.81%"
"01-08-2017","492.00","492.00","492.00","492.00","","-0.81%"
"31-07-2017","496.00","496.00","496.00","496.00","","-0.40%"
"28-07-2017","498.00","498.00","498.00","498.00","","-0.40%"
"27-07-2017","500.00","500.00","500.00","500.00","","0.00%"
"26-07-2017","500.00","500.00","500.00","500.00","","0.00%"
"25-07-2017","500.00","500.00","500.00","500.00","","0.00%"
"24-07-2017","500.00","500.00","500.00","500.00","","0.20%"
"21-07-2017","499.00","499.00","499.00","499.00","","0.40%"
"20-07-2017","497.00","497.00","497.00","497.00","","0.40%"
"19-07-2017","495.00","495.00","495.00","495.00","","0.61%"
"18-07-2017","492.00","492.00","492.00","492.00","","0.61%"
"17-07-2017","489.00","489.00","489.00","489.00","","0.62%"
"14-07-2017","486.00","486.00","486.00","486.00","","0.41%"
"13-07-2017","484.00","484.00","484.00","484.00","","0.83%"
"12-07-2017","480.00","480.00","480.00","480.00","","0.63%"
"11-07-2017","477.00","477.00","477.00","477.00","","0.63%"
"10-07-2017","474.00","474.00","474.00","474.00","","0.64%"
"07-07-2017","471.00","471.00","471.00","471.00","","0.21%"
"06-07-2017","470.00","470.00","470.00","470.00","","0.00%"
"05-07-2017","470.00","470.00","470.00","470.00","","0.00%"
"04-07-2017","470.00","470.00","470.00","470.00","","0.43%"
"03-07-2017","468.00","468.00","468.00","468.00","","0.21%"
"30-06-2017","467.00","467.00","467.00","467.00","","0.65%"
"29-06-2017","464.00","464.00","464.00","464.00","","1.09%"
"28-06-2017","459.00","459.00","459.00","459.00","","0.22%"
"27-06-2017","458.00","458.00","458.00","458.00","","0.88%"
"26-06-2017","454.00","454.00","454.00","454.00","","0.67%"
"23-06-2017","451.00","451.00","451.00","451.00","","0.89%"
"22-06-2017","447.00","447.00","447.00","447.00","","0.45%"
"21-06-2017","445.00","445.00","445.00","445.00","","0.91%"
"20-06-2017","441.00","441.00","441.00","441.00","","0.92%"
"19-06-2017","437.00","437.00","437.00","437.00","","0.46%"
"16-06-2017","435.00","435.00","435.00","435.00","","0.93%"
"15-06-2017","431.00","431.00","431.00","431.00","","0.94%"
"14-06-2017","427.00","427.00","427.00","427.00","","0.71%"
"13-06-2017","424.00","424.00","424.00","424.00","","0.00%"
"12-06-2017","424.00","424.00","424.00","424.00","","-0.24%"
"09-06-2017","425.00","425.00","425.00","425.00","","0.00%"
"08-06-2017","425.00","425.00","425.00","425.00","","-0.93%"
"07-06-2017","429.00","429.00","429.00","429.00","","-1.15%"
"06-06-2017","434.00","434.00","434.00","434.00","","-1.59%"
"05-06-2017","441.00","441.00","441.00","441.00","","-1.12%"
"02-06-2017","446.00","446.00","446.00","446.00","","-0.67%"
"01-06-2017","449.00","449.00","449.00","449.00","","-1.32%"
"31-05-2017","455.00","455.00","455.00","455.00","","-1.30%"
"30-05-2017","461.00","461.00","461.00","461.00","","-1.71%"
"26-05-2017","469.00","469.00","469.00","469.00","","-0.85%"
"25-05-2017","473.00","473.00","473.00","473.00","","-1.05%"
"24-05-2017","478.00","478.00","478.00","478.00","","-1.65%"
"23-05-2017","486.00","486.00","486.00","486.00","","-2.02%"
"22-05-2017","496.00","496.00","496.00","496.00","","-1.20%"
"19-05-2017","502.00","502.00","502.00","502.00","","-0.40%"
"18-05-2017","504.00","504.00","504.00","504.00","","-0.20%"
"17-05-2017","505.00","505.00","505.00","505.00","","-0.39%"
"16-05-2017","507.00","507.00","507.00","507.00","","-0.20%"
"15-05-2017","508.00","508.00","508.00","508.00","","-0.20%"
"12-05-2017","509.00","509.00","509.00","509.00","","-0.20%"
"11-05-2017","510.00","510.00","510.00","510.00","","0.00%"
"10-05-2017","510.00","510.00","510.00","510.00","","-0.39%"
"09-05-2017","512.00","512.00","512.00","512.00","","-0.97%"
"08-05-2017","517.00","517.00","517.00","517.00","","-1.15%"
"05-05-2017","523.00","523.00","523.00","523.00","","-1.69%"
"04-05-2017","532.00","532.00","532.00","532.00","","-1.48%"
"03-05-2017","540.00","540.00","540.00","540.00","","-1.82%"
"02-05-2017","550.00","550.00","550.00","550.00","","-1.61%"
"28-04-2017","559.00","559.00","559.00","559.00","","-1.76%"
"27-04-2017","569.00","569.00","569.00","569.00","","-1.22%"
"26-04-2017","576.00","576.00","576.00","576.00","","-0.17%"
"25-04-2017","577.00","577.00","577.00","577.00","","0.00%"
"24-04-2017","577.00","577.00","577.00","577.00","","0.35%"
"21-04-2017","575.00","575.00","575.00","575.00","","0.52%"
"20-04-2017","572.00","572.00","572.00","572.00","","0.70%"
"19-04-2017","568.00","568.00","568.00","568.00","","0.89%"
"18-04-2017","563.00","563.00","563.00","563.00","","0.54%"
"13-04-2017","560.00","560.00","560.00","560.00","","1.08%"
"12-04-2017","554.00","554.00","554.00","554.00","","0.36%"
"11-04-2017","552.00","552.00","552.00","552.00","","0.55%"
"10-04-2017","549.00","549.00","549.00","549.00","","0.37%"
"07-04-2017","547.00","547.00","547.00","547.00","","0.37%"
"06-04-2017","545.00","545.00","545.00","545.00","","0.37%"
"05-04-2017","543.00","543.00","543.00","543.00","","0.18%"
"04-04-2017","542.00","542.00","542.00","542.00","","0.18%"
"03-04-2017","541.00","541.00","541.00","541.00","","0.19%"
"31-03-2017","540.00","540.00","540.00","540.00","","0.19%"
"30-03-2017","539.00","539.00","539.00","539.00","","0.19%"
"29-03-2017","538.00","538.00","538.00","538.00","","0.56%"
"28-03-2017","535.00","535.00","535.00","535.00","","0.94%"
"27-03-2017","530.00","530.00","530.00","530.00","","0.76%"
"24-03-2017","526.00","526.00","526.00","526.00","","0.96%"
"23-03-2017","521.00","521.00","521.00","521.00","","0.97%"
"22-03-2017","516.00","516.00","516.00","516.00","","0.78%"
"21-03-2017","512.00","512.00","512.00","512.00","","0.39%"
"20-03-2017","510.00","510.00","510.00","510.00","","0.39%"
"17-03-2017","508.00","508.00","508.00","508.00","","0.00%"
"16-03-2017","508.00","508.00","508.00","508.00","","0.59%"
"15-03-2017","505.00","505.00","505.00","505.00","","0.60%"
"14-03-2017","502.00","502.00","502.00","502.00","","0.60%"
"13-03-2017","499.00","499.00","499.00","499.00","","0.81%"
"10-03-2017","495.00","495.00","495.00","495.00","","0.81%"
"09-03-2017","491.00","491.00","491.00","491.00","","1.24%"
"08-03-2017","485.00","485.00","485.00","485.00","","1.68%"
"07-03-2017","477.00","477.00","477.00","477.00","","1.92%"
"06-03-2017","468.00","468.00","468.00","468.00","","1.30%"
"03-03-2017","462.00","462.00","462.00","462.00","","1.09%"
"02-03-2017","457.00","457.00","457.00","457.00","","1.33%"
"01-03-2017","451.00","451.00","451.00","451.00","","1.58%"
"28-02-2017","444.00","444.00","444.00","444.00","","1.83%"
"27-02-2017","436.00","436.00","436.00","436.00","","1.87%"
"24-02-2017","428.00","428.00","428.00","428.00","","1.90%"
"23-02-2017","420.00","420.00","420.00","420.00","","2.44%"
"22-02-2017","410.00","410.00","410.00","410.00","","1.99%"
"21-02-2017","402.00","402.00","402.00","402.00","","1.52%"
"20-02-2017","396.00","396.00","396.00","396.00","","1.28%"
"17-02-2017","391.00","391.00","391.00","391.00","","1.03%"
"16-02-2017","387.00","387.00","387.00","387.00","","1.31%"
"15-02-2017","382.00","382.00","382.00","382.00","","0.79%"
"14-02-2017","379.00","379.00","379.00","379.00","","0.80%"
"13-02-2017","376.00","376.00","376.00","376.00","","-0.27%"
"10-02-2017","377.00","377.00","377.00","377.00","","0.00%"
"09-02-2017","377.00","377.00","377.00","377.00","","-0.26%"
"08-02-2017","378.00","378.00","378.00","378.00","","0.80%"
"07-02-2017","375.00","375.00","375.00","375.00","","-0.53%"
"06-02-2017","377.00","377.00","377.00","377.00","","-1.31%"
"03-02-2017","382.00","382.00","382.00","382.00","","-1.04%"
"02-02-2017","386.00","386.00","386.00","386.00","","-2.28%"
"01-02-2017","395.00","395.00","395.00","395.00","","-1.74%"
"31-01-2017","402.00","402.00","402.00","402.00","","-3.13%"
"30-01-2017","415.00","415.00","415.00","415.00","","-0.95%"
"27-01-2017","419.00","419.00","419.00","419.00","","-1.18%"
"26-01-2017","424.00","424.00","424.00","424.00","","-0.93%"
"25-01-2017","428.00","428.00","428.00","428.00","","-0.93%"
"24-01-2017","432.00","432.00","432.00","432.00","","-1.14%"
"23-01-2017","437.00","437.00","437.00","437.00","","-0.91%"
"20-01-2017","441.00","441.00","441.00","441.00","","-1.12%"
"19-01-2017","446.00","446.00","446.00","446.00","","-0.45%"
"18-01-2017","448.00","448.00","448.00","448.00","","-0.67%"
"17-01-2017","451.00","451.00","451.00","451.00","","-0.88%"
"16-01-2017","455.00","455.00","455.00","455.00","","-0.87%"
"13-01-2017","459.00","459.00","459.00","459.00","","-1.50%"
"12-01-2017","466.00","466.00","466.00","466.00","","-2.31%"
"11-01-2017","477.00","477.00","477.00","477.00","","-2.45%"
"10-01-2017","489.00","489.00","489.00","489.00","","-1.81%"
"09-01-2017","498.00","498.00","498.00","498.00","","-1.97%"
"06-01-2017","508.00","508.00","508.00","508.00","","-2.50%"
"05-01-2017","521.00","521.00","521.00","521.00","","-3.34%"
"04-01-2017","539.00","539.00","539.00","539.00","","-3.58%"
"03-01-2017","559.00","559.00","559.00","559.00","","-6.37%"
"23-12-2016","597.00","597.00","597.00","597.00","","-0.67%"
"22-12-2016","601.00","601.00","601.00","601.00","","-0.50%"
"21-12-2016","604.00","604.00","604.00","604.00","","-0.17%"
"20-12-2016","605.00","605.00","605.00","605.00","","0.00%"
"19-12-2016","605.00","605.00","605.00","605.00","","0.83%"
"16-12-2016","600.00","600.00","600.00","600.00","","0.67%"
"15-12-2016","596.00","596.00","596.00","596.00","","1.02%"
"14-12-2016","590.00","590.00","590.00","590.00","","1.03%"
"13-12-2016","584.00","584.00","584.00","584.00","","1.39%"
"12-12-2016","576.00","576.00","576.00","576.00","","1.59%"
"09-12-2016","567.00","567.00","567.00","567.00","","0.89%"
"08-12-2016","562.00","562.00","562.00","562.00","","0.90%"
"07-12-2016","557.00","557.00","557.00","557.00","","0.91%"
"06-12-2016","552.00","552.00","552.00","552.00","","0.73%"
"05-12-2016","548.00","548.00","548.00","548.00","","0.92%"
"02-12-2016","543.00","543.00","543.00","543.00","","0.37%"
"01-12-2016","541.00","541.00","541.00","541.00","","0.74%"
"30-11-2016","537.00","537.00","537.00","537.00","","0.94%"
"29-11-2016","532.00","532.00","532.00","532.00","","0.95%"
"28-11-2016","527.00","527.00","527.00","527.00","","1.35%"
"25-11-2016","520.00","520.00","520.00","520.00","","1.56%"
"24-11-2016","512.00","512.00","512.00","512.00","","2.20%"
"23-11-2016","501.00","501.00","501.00","501.00","","3.30%"
"22-11-2016","485.00","485.00","485.00","485.00","","1.68%"
"21-11-2016","477.00","477.00","477.00","477.00","","2.36%"
"18-11-2016","466.00","466.00","466.00","466.00","","2.64%"
"17-11-2016","454.00","454.00","454.00","454.00","","2.48%"
"16-11-2016","443.00","443.00","443.00","443.00","","1.61%"
"15-11-2016","436.00","436.00","436.00","436.00","","0.69%"
"14-11-2016","433.00","433.00","433.00","433.00","","1.17%"
"11-11-2016","428.00","428.00","428.00","428.00","","-0.47%"
"10-11-2016","430.00","430.00","430.00","430.00","","0.23%"
"09-11-2016","429.00","429.00","429.00","429.00","","-0.46%"
"08-11-2016","431.00","431.00","431.00","431.00","","0.00%"
"07-11-2016","431.00","431.00","431.00","431.00","","-0.46%"
"04-11-2016","433.00","433.00","433.00","433.00","","-0.23%"
"03-11-2016","434.00","434.00","434.00","434.00","","0.00%"
"02-11-2016","434.00","434.00","434.00","434.00","","-0.46%"
"01-11-2016","436.00","436.00","436.00","436.00","","0.23%"
"31-10-2016","435.00","435.00","435.00","435.00","","0.46%"
"28-10-2016","433.00","433.00","433.00","433.00","","0.23%"
"27-10-2016","432.00","432.00","432.00","432.00","","0.47%"
"26-10-2016","430.00","430.00","430.00","430.00","","0.00%"
"25-10-2016","430.00","430.00","430.00","430.00","","0.47%"
"24-10-2016","428.00","428.00","428.00","428.00","","0.23%"
"21-10-2016","427.00","427.00","427.00","427.00","","0.71%"
"20-10-2016","424.00","424.00","424.00","424.00","","0.71%"
"19-10-2016","421.00","421.00","421.00","421.00","","0.96%"
"18-10-2016","417.00","417.00","417.00","417.00","","0.97%"
"17-10-2016","413.00","413.00","413.00","413.00","","0.49%"
"14-10-2016","411.00","411.00","411.00","411.00","","0.24%"
"13-10-2016","410.00","410.00","410.00","410.00","","0.49%"
"12-10-2016","408.00","408.00","408.00","408.00","","-0.24%"
"11-10-2016","409.00","409.00","409.00","409.00","","-0.24%"
"10-10-2016","410.00","410.00","410.00","410.00","","-0.24%"
"07-10-2016","411.00","411.00","411.00","411.00","","-0.48%"
"06-10-2016","413.00","413.00","413.00","413.00","","-0.48%"
"05-10-2016","415.00","415.00","415.00","415.00","","-0.48%"
"04-10-2016","417.00","417.00","417.00","417.00","","-0.48%"
"03-10-2016","419.00","419.00","419.00","419.00","","-0.48%"
"30-09-2016","421.00","421.00","421.00","421.00","","-0.24%"
"29-09-2016","422.00","422.00","422.00","422.00","","0.00%"
"28-09-2016","422.00","422.00","422.00","422.00","","0.00%"
"27-09-2016","422.00","422.00","422.00","422.00","","0.00%"
"26-09-2016","422.00","422.00","422.00","422.00","","0.24%"
"23-09-2016","421.00","421.00","421.00","421.00","","0.24%"
"22-09-2016","420.00","420.00","420.00","420.00","","0.48%"
"21-09-2016","418.00","418.00","418.00","418.00","","0.24%"
"20-09-2016","417.00","417.00","417.00","417.00","","0.24%"
"19-09-2016","416.00","416.00","416.00","416.00","","0.24%"
"16-09-2016","415.00","415.00","415.00","415.00","","0.00%"
"15-09-2016","415.00","415.00","415.00","415.00","","0.00%"
"14-09-2016","415.00","415.00","415.00","415.00","","0.00%"
"13-09-2016","415.00","415.00","415.00","415.00","","-0.48%"
"12-09-2016","417.00","417.00","417.00","417.00","","-0.48%"
"09-09-2016","419.00","419.00","419.00","419.00","","-0.24%"
"08-09-2016","420.00","420.00","420.00","420.00","","-0.47%"
"07-09-2016","422.00","422.00","422.00","422.00","","-0.71%"
"06-09-2016","425.00","425.00","425.00","425.00","","-0.93%"
"05-09-2016","429.00","429.00","429.00","429.00","","-0.69%"
"02-09-2016","432.00","432.00","432.00","432.00","","-0.23%"
"01-09-2016","433.00","433.00","433.00","433.00","","0.23%"
"31-08-2016","432.00","432.00","432.00","432.00","","0.00%"
"30-08-2016","432.00","432.00","432.00","432.00","","0.23%"
"26-08-2016","431.00","431.00","431.00","431.00","","0.70%"
"25-08-2016","428.00","428.00","428.00","428.00","","0.71%"
"24-08-2016","425.00","425.00","425.00","425.00","","1.19%"
"23-08-2016","420.00","420.00","420.00","420.00","","0.96%"
"22-08-2016","416.00","416.00","416.00","416.00","","0.97%"
"19-08-2016","412.00","412.00","412.00","412.00","","1.23%"
"18-08-2016","407.00","407.00","407.00","407.00","","0.49%"
"17-08-2016","405.00","405.00","405.00","405.00","","0.50%"
"16-08-2016","403.00","403.00","403.00","403.00","","1.00%"
"15-08-2016","399.00","399.00","399.00","399.00","","0.76%"
"12-08-2016","396.00","396.00","396.00","396.00","","0.51%"
"11-08-2016","394.00","394.00","394.00","394.00","","0.77%"
"10-08-2016","391.00","391.00","391.00","391.00","","0.51%"
"09-08-2016","389.00","389.00","389.00","389.00","","-0.77%"
"08-08-2016","392.00","392.00","392.00","392.00","","-0.51%"
"05-08-2016","394.00","394.00","394.00","394.00","","-0.25%"
"04-08-2016","395.00","395.00","395.00","395.00","","-0.50%"
"03-08-2016","397.00","397.00","397.00","397.00","","-0.75%"
"02-08-2016","400.00","400.00","400.00","400.00","","-0.25%"
"01-08-2016","401.00","401.00","401.00","401.00","","0.50%"
"29-07-2016","399.00","399.00","399.00","399.00","","0.76%"
"28-07-2016","396.00","396.00","396.00","396.00","","1.02%"
"27-07-2016","392.00","392.00","392.00","392.00","","0.51%"
"26-07-2016","390.00","390.00","390.00","390.00","","1.04%"
"25-07-2016","386.00","386.00","386.00","386.00","","0.78%"
"22-07-2016","383.00","383.00","383.00","383.00","","1.06%"
"21-07-2016","379.00","379.00","379.00","379.00","","0.80%"
"20-07-2016","376.00","376.00","376.00","376.00","","1.35%"
"19-07-2016","371.00","371.00","371.00","371.00","","1.37%"
"18-07-2016","366.00","366.00","366.00","366.00","","0.83%"
"15-07-2016","363.00","363.00","363.00","363.00","","0.55%"
"14-07-2016","361.00","361.00","361.00","361.00","","0.28%"
"13-07-2016","360.00","360.00","360.00","360.00","","0.56%"
"12-07-2016","358.00","358.00","358.00","358.00","","0.56%"
"11-07-2016","356.00","356.00","356.00","356.00","","0.56%"
"08-07-2016","354.00","354.00","354.00","354.00","","0.57%"
"07-07-2016","352.00","352.00","352.00","352.00","","0.86%"
"06-07-2016","349.00","349.00","349.00","349.00","","0.00%"
"05-07-2016","349.00","349.00","349.00","349.00","","0.58%"
"04-07-2016","347.00","347.00","347.00","347.00","","0.87%"
"01-07-2016","344.00","344.00","344.00","344.00","","0.58%"
"30-06-2016","342.00","342.00","342.00","342.00","","1.18%"
"29-06-2016","338.00","338.00","338.00","338.00","","0.60%"
"28-06-2016","336.00","336.00","336.00","336.00","","1.51%"
"27-06-2016","331.00","331.00","331.00","331.00","","0.61%"
"24-06-2016","329.00","329.00","329.00","329.00","","2.17%"
"23-06-2016","322.00","322.00","322.00","322.00","","1.26%"
"22-06-2016","318.00","318.00","318.00","318.00","","0.95%"
"21-06-2016","315.00","315.00","315.00","315.00","","0.96%"
"20-06-2016","312.00","312.00","312.00","312.00","","0.32%"
"17-06-2016","311.00","311.00","311.00","311.00","","-0.96%"
"16-06-2016","314.00","314.00","314.00","314.00","","-0.32%"
"15-06-2016","315.00","315.00","315.00","315.00","","-0.63%"
"14-06-2016","317.00","317.00","317.00","317.00","","-1.55%"
"13-06-2016","322.00","322.00","322.00","322.00","","-1.53%"
"10-06-2016","327.00","327.00","327.00","327.00","","-1.51%"
"09-06-2016","332.00","332.00","332.00","332.00","","-1.78%"
"08-06-2016","338.00","338.00","338.00","338.00","","-1.74%"
"07-06-2016","344.00","344.00","344.00","344.00","","-0.29%"
"06-06-2016","345.00","345.00","345.00","345.00","","-1.15%"
"03-06-2016","349.00","349.00","349.00","349.00","","-1.41%"
"02-06-2016","354.00","354.00","354.00","354.00","","-0.28%"
"01-06-2016","355.00","355.00","355.00","355.00","","1.14%"
"31-05-2016","351.00","351.00","351.00","351.00","","1.15%"
"27-05-2016","347.00","347.00","347.00","347.00","","0.00%"
"26-05-2016","347.00","347.00","347.00","347.00","","0.29%"
"25-05-2016","346.00","346.00","346.00","346.00","","0.29%"
"24-05-2016","345.00","345.00","345.00","345.00","","0.29%"
"23-05-2016","344.00","344.00","344.00","344.00","","0.29%"
"20-05-2016","343.00","343.00","343.00","343.00","","0.29%"
"19-05-2016","342.00","342.00","342.00","342.00","","0.00%"
"18-05-2016","342.00","342.00","342.00","342.00","","-0.87%"
"17-05-2016","345.00","345.00","345.00","345.00","","-0.58%"
"16-05-2016","347.00","347.00","347.00","347.00","","0.00%"
"13-05-2016","347.00","347.00","347.00","347.00","","0.00%"
"12-05-2016","347.00","347.00","347.00","347.00","","-0.57%"
"11-05-2016","349.00","349.00","349.00","349.00","","-0.85%"
"10-05-2016","352.00","352.00","352.00","352.00","","-0.85%"
"09-05-2016","355.00","355.00","355.00","355.00","","-1.11%"
"06-05-2016","359.00","359.00","359.00","359.00","","-1.64%"
"05-05-2016","365.00","365.00","365.00","365.00","","0.00%"
"04-05-2016","365.00","365.00","365.00","365.00","","-0.82%"
"03-05-2016","368.00","368.00","368.00","368.00","","0.27%"
"29-04-2016","367.00","367.00","367.00","367.00","","0.55%"
"28-04-2016","365.00","365.00","365.00","365.00","","0.83%"
"27-04-2016","362.00","362.00","362.00","362.00","","1.12%"
"26-04-2016","358.00","358.00","358.00","358.00","","0.56%"
"25-04-2016","356.00","356.00","356.00","356.00","","0.56%"
"22-04-2016","354.00","354.00","354.00","354.00","","1.72%"
"21-04-2016","348.00","348.00","348.00","348.00","","1.75%"
"20-04-2016","342.00","342.00","342.00","342.00","","2.40%"
"19-04-2016","334.00","334.00","334.00","334.00","","1.83%"
"18-04-2016","328.00","328.00","328.00","328.00","","2.18%"
"15-04-2016","321.00","321.00","321.00","321.00","","3.88%"
"14-04-2016","309.00","309.00","309.00","309.00","","4.39%"
"13-04-2016","296.00","296.00","296.00","296.00","","2.07%"
"12-04-2016","290.00","290.00","290.00","290.00","","0.69%"
"11-04-2016","288.00","288.00","288.00","288.00","","0.70%"
"08-04-2016","286.00","286.00","286.00","286.00","","2.14%"
"07-04-2016","280.00","280.00","280.00","280.00","","0.72%"
"06-04-2016","278.00","278.00","278.00","278.00","","1.09%"
"05-04-2016","275.00","275.00","275.00","275.00","","0.36%"
"04-04-2016","274.00","274.00","274.00","274.00","","0.74%"
"01-04-2016","272.00","272.00","272.00","272.00","","0.00%"
"31-03-2016","272.00","272.00","272.00","272.00","","0.37%"
"30-03-2016","271.00","271.00","271.00","271.00","","0.37%"
"29-03-2016","270.00","270.00","270.00","270.00","","0.75%"
"24-03-2016","268.00","268.00","268.00","268.00","","0.75%"
"23-03-2016","266.00","266.00","266.00","266.00","","0.76%"
"22-03-2016","264.00","264.00","264.00","264.00","","0.76%"
"21-03-2016","262.00","262.00","262.00","262.00","","0.77%"
"18-03-2016","260.00","260.00","260.00","260.00","","0.78%"
"17-03-2016","258.00","258.00","258.00","258.00","","0.39%"
"16-03-2016","257.00","257.00","257.00","257.00","","0.78%"
"15-03-2016","255.00","255.00","255.00","255.00","","1.19%"
"14-03-2016","252.00","252.00","252.00","252.00","","1.20%"
"11-03-2016","249.00","249.00","249.00","249.00","","1.22%"
"10-03-2016","246.00","246.00","246.00","246.00","","1.23%"
"09-03-2016","243.00","243.00","243.00","243.00","","1.25%"
"08-03-2016","240.00","240.00","240.00","240.00","","1.27%"
"07-03-2016","237.00","237.00","237.00","237.00","","2.16%"
"04-03-2016","232.00","232.00","232.00","232.00","","2.20%"
"03-03-2016","227.00","227.00","227.00","227.00","","3.18%"
"02-03-2016","220.00","220.00","220.00","220.00","","1.38%"
"01-03-2016","217.00","217.00","217.00","217.00","","1.40%"
"29-02-2016","214.00","214.00","214.00","214.00","","0.94%"
"26-02-2016","212.00","212.00","212.00","212.00","","1.44%"
"25-02-2016","209.00","209.00","209.00","209.00","","1.46%"
"24-02-2016","206.00","206.00","206.00","206.00","","1.48%"
"23-02-2016","203.00","203.00","203.00","203.00","","1.50%"
"22-02-2016","200.00","200.00","200.00","200.00","","1.01%"
"19-02-2016","198.00","198.00","198.00","198.00","","2.59%"
"18-02-2016","193.00","193.00","193.00","193.00","","3.76%"
"17-02-2016","186.00","186.00","186.00","186.00","","1.09%"
"16-02-2016","184.00","184.00","184.00","184.00","","0.55%"
"15-02-2016","183.00","183.00","183.00","183.00","","0.00%"
"12-02-2016","183.00","183.00","183.00","183.00","","-0.54%"
"11-02-2016","184.00","184.00","184.00","184.00","","-1.08%"
"10-02-2016","186.00","186.00","186.00","186.00","","-1.06%"
"09-02-2016","188.00","188.00","188.00","188.00","","-1.05%"
"08-02-2016","190.00","190.00","190.00","190.00","","-2.06%"
"05-02-2016","194.00","194.00","194.00","194.00","","-1.52%"
"04-02-2016","197.00","197.00","197.00","197.00","","-2.96%"
"03-02-2016","203.00","203.00","203.00","203.00","","-4.25%"
"02-02-2016","212.00","212.00","212.00","212.00","","-1.85%"
"01-02-2016","216.00","216.00","216.00","216.00","","-1.37%"
"29-01-2016","219.00","219.00","219.00","219.00","","-1.35%"
"28-01-2016","222.00","222.00","222.00","222.00","","-1.33%"
"27-01-2016","225.00","225.00","225.00","225.00","","-1.75%"
"26-01-2016","229.00","229.00","229.00","229.00","","-0.87%"
"25-01-2016","231.00","231.00","231.00","231.00","","-0.86%"
"22-01-2016","233.00","233.00","233.00","233.00","","-1.69%"
"21-01-2016","237.00","237.00","237.00","237.00","","-0.42%"
"20-01-2016","238.00","238.00","238.00","238.00","","-0.83%"
"19-01-2016","240.00","240.00","240.00","240.00","","-1.23%"