Date,Price,Open,High,Low,Vol.,Change %
31/03/25,"1,501.00","1,501.00","1,501.00","1,501.00",,0.27%
28/03/25,"1,497.00","1,497.00","1,497.00","1,497.00",,10.32%
20/03/25,"1,357.00","1,357.00","1,357.00","1,357.00",,36.79%
06/03/25,992,992,992,992,,-0.80%
05/03/25,"1,000.00","1,000.00","1,000.00","1,000.00",,-2.34%
04/03/25,"1,024.00","1,024.00","1,024.00","1,024.00",,-2.01%
03/03/25,"1,045.00","1,045.00","1,045.00","1,045.00",,-1.69%
28/02/25,"1,063.00","1,063.00","1,063.00","1,063.00",,-2.66%
27/02/25,"1,092.00","1,092.00","1,092.00","1,092.00",,-3.19%
26/02/25,"1,128.00","1,128.00","1,128.00","1,128.00",,-2.42%
25/02/25,"1,156.00","1,156.00","1,156.00","1,156.00",,-1.78%
24/02/25,"1,177.00","1,177.00","1,177.00","1,177.00",,0.60%
21/02/25,"1,170.00","1,170.00","1,170.00","1,170.00",,2.27%
20/02/25,"1,144.00","1,144.00","1,144.00","1,144.00",,3.62%
19/02/25,"1,104.00","1,104.00","1,104.00","1,104.00",,5.95%
18/02/25,"1,042.00","1,042.00","1,042.00","1,042.00",,4.51%
17/02/25,997,997,997,997,,1.73%
14/02/25,980,980,980,980,,0.62%
13/02/25,974,974,974,974,,-0.92%
12/02/25,983,983,983,983,,-2.77%
11/02/25,"1,011.00","1,011.00","1,011.00","1,011.00",,-1.65%
10/02/25,"1,028.00","1,028.00","1,028.00","1,028.00",,-0.68%
07/02/25,"1,035.00","1,035.00","1,035.00","1,035.00",,0.58%
06/02/25,"1,029.00","1,029.00","1,029.00","1,029.00",,4.15%
05/02/25,988,988,988,988,,9.66%
04/02/25,901,901,901,901,,8.55%
03/02/25,830,830,830,830,,3.75%
31/01/25,800,800,800,800,,4.30%
30/01/25,767,767,767,767,,2.13%
29/01/25,751,751,751,751,,0.40%
28/01/25,748,748,748,748,,-1.45%
27/01/25,759,759,759,759,,-1.94%
24/01/25,774,774,774,774,,-3.73%
23/01/25,804,804,804,804,,-4.63%
22/01/25,843,843,843,843,,-3.55%
21/01/25,874,874,874,874,,-2.13%
20/01/25,893,893,893,893,,-0.45%
17/01/25,897,897,897,897,,0.11%
16/01/25,896,896,896,896,,0.22%
15/01/25,894,894,894,894,,-1.32%
14/01/25,906,906,906,906,,-2.16%
13/01/25,926,926,926,926,,-2.83%
10/01/25,953,953,953,953,,-3.93%
09/01/25,992,992,992,992,,-4.34%
08/01/25,"1,037.00","1,037.00","1,037.00","1,037.00",,-2.26%
07/01/25,"1,061.00","1,061.00","1,061.00","1,061.00",,0.00%
06/01/25,"1,061.00","1,061.00","1,061.00","1,061.00",,2.02%
03/01/25,"1,040.00","1,040.00","1,040.00","1,040.00",,4.00%
02/01/25,"1,000.00","1,000.00","1,000.00","1,000.00",,1.21%
24/12/24,988,988,988,988,,0.82%
23/12/24,980,980,980,980,,0.41%
20/12/24,976,976,976,976,,1.24%
19/12/24,964,964,964,964,,0.73%
18/12/24,957,957,957,957,,-0.21%
17/12/24,959,959,959,959,,-1.84%
16/12/24,977,977,977,977,,-1.81%
13/12/24,995,995,995,995,,-2.55%
12/12/24,"1,021.00","1,021.00","1,021.00","1,021.00",,-3.04%
11/12/24,"1,053.00","1,053.00","1,053.00","1,053.00",,-2.23%
10/12/24,"1,077.00","1,077.00","1,077.00","1,077.00",,-0.19%
09/12/24,"1,079.00","1,079.00","1,079.00","1,079.00",,1.12%
06/12/24,"1,067.00","1,067.00","1,067.00","1,067.00",,2.60%
05/12/24,"1,040.00","1,040.00","1,040.00","1,040.00",,2.56%
04/12/24,"1,014.00","1,014.00","1,014.00","1,014.00",,0.90%
03/12/24,"1,005.00","1,005.00","1,005.00","1,005.00",,-0.40%
02/12/24,"1,009.00","1,009.00","1,009.00","1,009.00",,-0.88%
29/11/24,"1,018.00","1,018.00","1,018.00","1,018.00",,-0.97%
28/11/24,"1,028.00","1,028.00","1,028.00","1,028.00",,-1.53%
27/11/24,"1,044.00","1,044.00","1,044.00","1,044.00",,-1.14%
26/11/24,"1,056.00","1,056.00","1,056.00","1,056.00",,-1.12%
25/11/24,"1,068.00","1,068.00","1,068.00","1,068.00",,-1.39%
22/11/24,"1,083.00","1,083.00","1,083.00","1,083.00",,-2.08%
21/11/24,"1,106.00","1,106.00","1,106.00","1,106.00",,-2.81%
20/11/24,"1,138.00","1,138.00","1,138.00","1,138.00",,-2.82%
19/11/24,"1,171.00","1,171.00","1,171.00","1,171.00",,-2.58%
18/11/24,"1,202.00","1,202.00","1,202.00","1,202.00",,-0.83%
15/11/24,"1,212.00","1,212.00","1,212.00","1,212.00",,-0.08%
14/11/24,"1,213.00","1,213.00","1,213.00","1,213.00",,0.41%
13/11/24,"1,208.00","1,208.00","1,208.00","1,208.00",,1.17%
12/11/24,"1,194.00","1,194.00","1,194.00","1,194.00",,1.02%
11/11/24,"1,182.00","1,182.00","1,182.00","1,182.00",,0.51%
08/11/24,"1,176.00","1,176.00","1,176.00","1,176.00",,-0.17%
07/11/24,"1,178.00","1,178.00","1,178.00","1,178.00",,-0.59%
06/11/24,"1,185.00","1,185.00","1,185.00","1,185.00",,-0.50%
05/11/24,"1,191.00","1,191.00","1,191.00","1,191.00",,-0.33%
04/11/24,"1,195.00","1,195.00","1,195.00","1,195.00",,-0.33%
01/11/24,"1,199.00","1,199.00","1,199.00","1,199.00",,-0.42%
31/10/24,"1,204.00","1,204.00","1,204.00","1,204.00",,0.17%
30/10/24,"1,202.00","1,202.00","1,202.00","1,202.00",,0.59%
29/10/24,"1,195.00","1,195.00","1,195.00","1,195.00",,0.42%
28/10/24,"1,190.00","1,190.00","1,190.00","1,190.00",,-0.92%
25/10/24,"1,201.00","1,201.00","1,201.00","1,201.00",,-1.23%
24/10/24,"1,216.00","1,216.00","1,216.00","1,216.00",,-1.78%
23/10/24,"1,238.00","1,238.00","1,238.00","1,238.00",,-1.75%
22/10/24,"1,260.00","1,260.00","1,260.00","1,260.00",,-1.41%
21/10/24,"1,278.00","1,278.00","1,278.00","1,278.00",,-0.54%
18/10/24,"1,285.00","1,285.00","1,285.00","1,285.00",,-0.23%
17/10/24,"1,288.00","1,288.00","1,288.00","1,288.00",,-1.60%
16/10/24,"1,309.00","1,309.00","1,309.00","1,309.00",,-4.03%
15/10/24,"1,364.00","1,364.00","1,364.00","1,364.00",,-3.19%
14/10/24,"1,409.00","1,409.00","1,409.00","1,409.00",,-1.81%
11/10/24,"1,435.00","1,435.00","1,435.00","1,435.00",,-1.37%
10/10/24,"1,455.00","1,455.00","1,455.00","1,455.00",,-0.14%
09/10/24,"1,457.00","1,457.00","1,457.00","1,457.00",,1.11%
08/10/24,"1,441.00","1,441.00","1,441.00","1,441.00",,1.84%
07/10/24,"1,415.00","1,415.00","1,415.00","1,415.00",,1.95%
04/10/24,"1,388.00","1,388.00","1,388.00","1,388.00",,1.54%
03/10/24,"1,367.00","1,367.00","1,367.00","1,367.00",,0.22%
02/10/24,"1,364.00","1,364.00","1,364.00","1,364.00",,-1.59%
01/10/24,"1,386.00","1,386.00","1,386.00","1,386.00",,-1.98%
30/09/24,"1,414.00","1,414.00","1,414.00","1,414.00",,-2.21%
27/09/24,"1,446.00","1,446.00","1,446.00","1,446.00",,-3.47%
26/09/24,"1,498.00","1,498.00","1,498.00","1,498.00",,-2.92%
25/09/24,"1,543.00","1,543.00","1,543.00","1,543.00",,-1.09%
24/09/24,"1,560.00","1,560.00","1,560.00","1,560.00",,0.52%
23/09/24,"1,552.00","1,552.00","1,552.00","1,552.00",,0.91%
20/09/24,"1,538.00","1,538.00","1,538.00","1,538.00",,0.65%
19/09/24,"1,528.00","1,528.00","1,528.00","1,528.00",,1.73%
18/09/24,"1,502.00","1,502.00","1,502.00","1,502.00",,2.46%
17/09/24,"1,466.00","1,466.00","1,466.00","1,466.00",,1.66%
16/09/24,"1,442.00","1,442.00","1,442.00","1,442.00",,0.98%
13/09/24,"1,428.00","1,428.00","1,428.00","1,428.00",,1.85%
12/09/24,"1,402.00","1,402.00","1,402.00","1,402.00",,3.39%
11/09/24,"1,356.00","1,356.00","1,356.00","1,356.00",,2.96%
10/09/24,"1,317.00","1,317.00","1,317.00","1,317.00",,1.15%
09/09/24,"1,302.00","1,302.00","1,302.00","1,302.00",,0.62%
06/09/24,"1,294.00","1,294.00","1,294.00","1,294.00",,0.00%
05/09/24,"1,294.00","1,294.00","1,294.00","1,294.00",,-0.46%
04/09/24,"1,300.00","1,300.00","1,300.00","1,300.00",,0.00%
03/09/24,"1,300.00","1,300.00","1,300.00","1,300.00",,-0.38%
02/09/24,"1,305.00","1,305.00","1,305.00","1,305.00",,-0.84%
30/08/24,"1,316.00","1,316.00","1,316.00","1,316.00",,-1.13%
29/08/24,"1,331.00","1,331.00","1,331.00","1,331.00",,-1.41%
28/08/24,"1,350.00","1,350.00","1,350.00","1,350.00",,-2.24%
27/08/24,"1,381.00","1,381.00","1,381.00","1,381.00",,-2.33%
23/08/24,"1,414.00","1,414.00","1,414.00","1,414.00",,-2.08%
22/08/24,"1,444.00","1,444.00","1,444.00","1,444.00",,-2.89%
21/08/24,"1,487.00","1,487.00","1,487.00","1,487.00",,-2.24%
20/08/24,"1,521.00","1,521.00","1,521.00","1,521.00",,-1.49%
19/08/24,"1,544.00","1,544.00","1,544.00","1,544.00",,-0.52%
16/08/24,"1,552.00","1,552.00","1,552.00","1,552.00",,-0.13%
15/08/24,"1,554.00","1,554.00","1,554.00","1,554.00",,-0.38%
14/08/24,"1,560.00","1,560.00","1,560.00","1,560.00",,-0.19%
13/08/24,"1,563.00","1,563.00","1,563.00","1,563.00",,-1.33%
12/08/24,"1,584.00","1,584.00","1,584.00","1,584.00",,-0.94%
09/08/24,"1,599.00","1,599.00","1,599.00","1,599.00",,-1.30%
08/08/24,"1,620.00","1,620.00","1,620.00","1,620.00",,-1.88%
07/08/24,"1,651.00","1,651.00","1,651.00","1,651.00",,-1.61%
06/08/24,"1,678.00","1,678.00","1,678.00","1,678.00",,-1.12%
05/08/24,"1,697.00","1,697.00","1,697.00","1,697.00",,-0.47%
02/08/24,"1,705.00","1,705.00","1,705.00","1,705.00",,-0.47%
01/08/24,"1,713.00","1,713.00","1,713.00","1,713.00",,-1.50%
31/07/24,"1,739.00","1,739.00","1,739.00","1,739.00",,-1.86%
30/07/24,"1,772.00","1,772.00","1,772.00","1,772.00",,-1.12%
29/07/24,"1,792.00","1,792.00","1,792.00","1,792.00",,0.00%
26/07/24,"1,792.00","1,792.00","1,792.00","1,792.00",,0.39%
25/07/24,"1,785.00","1,785.00","1,785.00","1,785.00",,1.13%
24/07/24,"1,765.00","1,765.00","1,765.00","1,765.00",,2.14%
23/07/24,"1,728.00","1,728.00","1,728.00","1,728.00",,0.93%
22/07/24,"1,712.00","1,712.00","1,712.00","1,712.00",,-0.12%
19/07/24,"1,714.00","1,714.00","1,714.00","1,714.00",,0.00%
18/07/24,"1,714.00","1,714.00","1,714.00","1,714.00",,0.06%
17/07/24,"1,713.00","1,713.00","1,713.00","1,713.00",,0.00%
16/07/24,"1,713.00","1,713.00","1,713.00","1,713.00",,0.65%
15/07/24,"1,702.00","1,702.00","1,702.00","1,702.00",,1.43%
12/07/24,"1,678.00","1,678.00","1,678.00","1,678.00",,2.44%
11/07/24,"1,638.00","1,638.00","1,638.00","1,638.00",,3.74%
10/07/24,"1,579.00","1,579.00","1,579.00","1,579.00",,2.80%
09/07/24,"1,536.00","1,536.00","1,536.00","1,536.00",,0.33%
08/07/24,"1,531.00","1,531.00","1,531.00","1,531.00",,-0.97%
05/07/24,"1,546.00","1,546.00","1,546.00","1,546.00",,-1.40%
04/07/24,"1,568.00","1,568.00","1,568.00","1,568.00",,-2.43%
03/07/24,"1,607.00","1,607.00","1,607.00","1,607.00",,-2.01%
02/07/24,"1,640.00","1,640.00","1,640.00","1,640.00",,-1.32%
01/07/24,"1,662.00","1,662.00","1,662.00","1,662.00",,-0.30%
28/06/24,"1,667.00","1,667.00","1,667.00","1,667.00",,-0.30%
27/06/24,"1,672.00","1,672.00","1,672.00","1,672.00",,-0.65%
26/06/24,"1,683.00","1,683.00","1,683.00","1,683.00",,-3.00%
25/06/24,"1,735.00","1,735.00","1,735.00","1,735.00",,-3.18%
24/06/24,"1,792.00","1,792.00","1,792.00","1,792.00",,-1.92%
21/06/24,"1,827.00","1,827.00","1,827.00","1,827.00",,-2.14%
20/06/24,"1,867.00","1,867.00","1,867.00","1,867.00",,-2.71%
19/06/24,"1,919.00","1,919.00","1,919.00","1,919.00",,-1.79%
18/06/24,"1,954.00","1,954.00","1,954.00","1,954.00",,-0.31%
17/06/24,"1,960.00","1,960.00","1,960.00","1,960.00",,0.51%
14/06/24,"1,950.00","1,950.00","1,950.00","1,950.00",,1.56%
13/06/24,"1,920.00","1,920.00","1,920.00","1,920.00",,3.00%
12/06/24,"1,864.00","1,864.00","1,864.00","1,864.00",,3.15%
11/06/24,"1,807.00","1,807.00","1,807.00","1,807.00",,2.15%
10/06/24,"1,769.00","1,769.00","1,769.00","1,769.00",,1.09%
07/06/24,"1,750.00","1,750.00","1,750.00","1,750.00",,1.10%
06/06/24,"1,731.00","1,731.00","1,731.00","1,731.00",,1.70%
05/06/24,"1,702.00","1,702.00","1,702.00","1,702.00",,1.37%
04/06/24,"1,679.00","1,679.00","1,679.00","1,679.00",,-0.12%
03/06/24,"1,681.00","1,681.00","1,681.00","1,681.00",,-0.71%
31/05/24,"1,693.00","1,693.00","1,693.00","1,693.00",,-1.46%
30/05/24,"1,718.00","1,718.00","1,718.00","1,718.00",,-2.50%
29/05/24,"1,762.00","1,762.00","1,762.00","1,762.00",,-2.17%
28/05/24,"1,801.00","1,801.00","1,801.00","1,801.00",,-1.26%
24/05/24,"1,824.00","1,824.00","1,824.00","1,824.00",,-0.44%
23/05/24,"1,832.00","1,832.00","1,832.00","1,832.00",,0.05%
22/05/24,"1,831.00","1,831.00","1,831.00","1,831.00",,0.49%
21/05/24,"1,822.00","1,822.00","1,822.00","1,822.00",,0.61%
20/05/24,"1,811.00","1,811.00","1,811.00","1,811.00",,-0.77%
17/05/24,"1,825.00","1,825.00","1,825.00","1,825.00",,-1.08%
16/05/24,"1,845.00","1,845.00","1,845.00","1,845.00",,-3.15%
15/05/24,"1,905.00","1,905.00","1,905.00","1,905.00",,-3.69%
14/05/24,"1,978.00","1,978.00","1,978.00","1,978.00",,-1.93%
13/05/24,"2,017.00","2,017.00","2,017.00","2,017.00",,-0.44%
10/05/24,"2,026.00","2,026.00","2,026.00","2,026.00",,0.30%
09/05/24,"2,020.00","2,020.00","2,020.00","2,020.00",,0.75%
08/05/24,"2,005.00","2,005.00","2,005.00","2,005.00",,2.87%
07/05/24,"1,949.00","1,949.00","1,949.00","1,949.00",,3.45%
03/05/24,"1,884.00","1,884.00","1,884.00","1,884.00",,1.13%
02/05/24,"1,863.00","1,863.00","1,863.00","1,863.00",,0.87%
01/05/24,"1,847.00","1,847.00","1,847.00","1,847.00",,0.11%
30/04/24,"1,845.00","1,845.00","1,845.00","1,845.00",,-0.70%
29/04/24,"1,858.00","1,858.00","1,858.00","1,858.00",,-1.06%
26/04/24,"1,878.00","1,878.00","1,878.00","1,878.00",,-0.95%
25/04/24,"1,896.00","1,896.00","1,896.00","1,896.00",,-0.73%
24/04/24,"1,910.00","1,910.00","1,910.00","1,910.00",,-0.21%
23/04/24,"1,914.00","1,914.00","1,914.00","1,914.00",,-0.73%
22/04/24,"1,928.00","1,928.00","1,928.00","1,928.00",,0.63%
19/04/24,"1,916.00","1,916.00","1,916.00","1,916.00",,2.13%
18/04/24,"1,876.00","1,876.00","1,876.00","1,876.00",,3.93%
17/04/24,"1,805.00","1,805.00","1,805.00","1,805.00",,2.91%
16/04/24,"1,754.00","1,754.00","1,754.00","1,754.00",,1.04%
15/04/24,"1,736.00","1,736.00","1,736.00","1,736.00",,1.34%
12/04/24,"1,713.00","1,713.00","1,713.00","1,713.00",,2.15%
11/04/24,"1,677.00","1,677.00","1,677.00","1,677.00",,2.82%
10/04/24,"1,631.00","1,631.00","1,631.00","1,631.00",,-0.12%
09/04/24,"1,633.00","1,633.00","1,633.00","1,633.00",,-2.04%
08/04/24,"1,667.00","1,667.00","1,667.00","1,667.00",,-1.65%
05/04/24,"1,695.00","1,695.00","1,695.00","1,695.00",,-2.19%
04/04/24,"1,733.00","1,733.00","1,733.00","1,733.00",,-2.20%
03/04/24,"1,772.00","1,772.00","1,772.00","1,772.00",,-2.42%
02/04/24,"1,816.00","1,816.00","1,816.00","1,816.00",,-3.35%
28/03/24,"1,879.00","1,879.00","1,879.00","1,879.00",,-3.19%
27/03/24,"1,941.00","1,941.00","1,941.00","1,941.00",,-5.04%
26/03/24,"2,044.00","2,044.00","2,044.00","2,044.00",,-3.58%
25/03/24,"2,120.00","2,120.00","2,120.00","2,120.00",,-2.08%
22/03/24,"2,165.00","2,165.00","2,165.00","2,165.00",,-1.77%
21/03/24,"2,204.00","2,204.00","2,204.00","2,204.00",,-2.09%
20/03/24,"2,251.00","2,251.00","2,251.00","2,251.00",,-2.39%
19/03/24,"2,306.00","2,306.00","2,306.00","2,306.00",,0.35%
18/03/24,"2,298.00","2,298.00","2,298.00","2,298.00",,2.86%
15/03/24,"2,234.00","2,234.00","2,234.00","2,234.00",,4.74%
14/03/24,"2,133.00","2,133.00","2,133.00","2,133.00",,4.41%
13/03/24,"2,043.00","2,043.00","2,043.00","2,043.00",,4.82%
12/03/24,"1,949.00","1,949.00","1,949.00","1,949.00",,2.96%
11/03/24,"1,893.00","1,893.00","1,893.00","1,893.00",,1.72%
08/03/24,"1,861.00","1,861.00","1,861.00","1,861.00",,1.14%
07/03/24,"1,840.00","1,840.00","1,840.00","1,840.00",,0.93%
06/03/24,"1,823.00","1,823.00","1,823.00","1,823.00",,1.00%
05/03/24,"1,805.00","1,805.00","1,805.00","1,805.00",,1.80%
04/03/24,"1,773.00","1,773.00","1,773.00","1,773.00",,2.90%
01/03/24,"1,723.00","1,723.00","1,723.00","1,723.00",,2.50%
29/02/24,"1,681.00","1,681.00","1,681.00","1,681.00",,3.32%
28/02/24,"1,627.00","1,627.00","1,627.00","1,627.00",,2.91%
27/02/24,"1,581.00","1,581.00","1,581.00","1,581.00",,0.19%
26/02/24,"1,578.00","1,578.00","1,578.00","1,578.00",,-1.07%
23/02/24,"1,595.00","1,595.00","1,595.00","1,595.00",,-1.79%
22/02/24,"1,624.00","1,624.00","1,624.00","1,624.00",,-2.93%
21/02/24,"1,673.00","1,673.00","1,673.00","1,673.00",,-1.93%
20/02/24,"1,706.00","1,706.00","1,706.00","1,706.00",,1.49%
19/02/24,"1,681.00","1,681.00","1,681.00","1,681.00",,2.13%
16/02/24,"1,646.00","1,646.00","1,646.00","1,646.00",,1.42%
15/02/24,"1,623.00","1,623.00","1,623.00","1,623.00",,2.59%
14/02/24,"1,582.00","1,582.00","1,582.00","1,582.00",,2.06%
13/02/24,"1,550.00","1,550.00","1,550.00","1,550.00",,1.57%
12/02/24,"1,526.00","1,526.00","1,526.00","1,526.00",,1.13%
09/02/24,"1,509.00","1,509.00","1,509.00","1,509.00",,2.37%
08/02/24,"1,474.00","1,474.00","1,474.00","1,474.00",,2.01%
07/02/24,"1,445.00","1,445.00","1,445.00","1,445.00",,1.19%
06/02/24,"1,428.00","1,428.00","1,428.00","1,428.00",,0.63%
05/02/24,"1,419.00","1,419.00","1,419.00","1,419.00",,-1.73%
02/02/24,"1,444.00","1,444.00","1,444.00","1,444.00",,-3.54%
01/02/24,"1,497.00","1,497.00","1,497.00","1,497.00",,-4.41%
31/01/24,"1,566.00","1,566.00","1,566.00","1,566.00",,-4.28%
30/01/24,"1,636.00","1,636.00","1,636.00","1,636.00",,-2.97%
29/01/24,"1,686.00","1,686.00","1,686.00","1,686.00",,-0.59%
26/01/24,"1,696.00","1,696.00","1,696.00","1,696.00",,0.36%
25/01/24,"1,690.00","1,690.00","1,690.00","1,690.00",,1.62%
24/01/24,"1,663.00","1,663.00","1,663.00","1,663.00",,3.10%
23/01/24,"1,613.00","1,613.00","1,613.00","1,613.00",,2.35%
22/01/24,"1,576.00","1,576.00","1,576.00","1,576.00",,1.68%
19/01/24,"1,550.00","1,550.00","1,550.00","1,550.00",,3.89%
18/01/24,"1,492.00","1,492.00","1,492.00","1,492.00",,3.18%
17/01/24,"1,446.00","1,446.00","1,446.00","1,446.00",,1.76%
16/01/24,"1,421.00","1,421.00","1,421.00","1,421.00",,0.64%
15/01/24,"1,412.00","1,412.00","1,412.00","1,412.00",,0.14%
12/01/24,"1,410.00","1,410.00","1,410.00","1,410.00",,-0.77%
11/01/24,"1,421.00","1,421.00","1,421.00","1,421.00",,-2.94%
10/01/24,"1,464.00","1,464.00","1,464.00","1,464.00",,-4.56%
09/01/24,"1,534.00","1,534.00","1,534.00","1,534.00",,-4.42%
08/01/24,"1,605.00","1,605.00","1,605.00","1,605.00",,-3.66%
05/01/24,"1,666.00","1,666.00","1,666.00","1,666.00",,-3.53%
04/01/24,"1,727.00","1,727.00","1,727.00","1,727.00",,-4.48%
03/01/24,"1,808.00","1,808.00","1,808.00","1,808.00",,-3.42%
02/01/24,"1,872.00","1,872.00","1,872.00","1,872.00",,-1.94%
22/12/23,"1,909.00","1,909.00","1,909.00","1,909.00",,-0.31%
21/12/23,"1,915.00","1,915.00","1,915.00","1,915.00",,-0.10%
20/12/23,"1,917.00","1,917.00","1,917.00","1,917.00",,0.10%
19/12/23,"1,915.00","1,915.00","1,915.00","1,915.00",,0.47%
18/12/23,"1,906.00","1,906.00","1,906.00","1,906.00",,0.32%
15/12/23,"1,900.00","1,900.00","1,900.00","1,900.00",,-0.78%
14/12/23,"1,915.00","1,915.00","1,915.00","1,915.00",,-1.95%
13/12/23,"1,953.00","1,953.00","1,953.00","1,953.00",,-2.15%
12/12/23,"1,996.00","1,996.00","1,996.00","1,996.00",,-2.59%
11/12/23,"2,049.00","2,049.00","2,049.00","2,049.00",,-2.61%
08/12/23,"2,104.00","2,104.00","2,104.00","2,104.00",,-4.23%
07/12/23,"2,197.00","2,197.00","2,197.00","2,197.00",,-4.93%
06/12/23,"2,311.00","2,311.00","2,311.00","2,311.00",,-4.70%
05/12/23,"2,425.00","2,425.00","2,425.00","2,425.00",,-0.66%
04/12/23,"2,441.00","2,441.00","2,441.00","2,441.00",,4.27%
01/12/23,"2,341.00","2,341.00","2,341.00","2,341.00",,5.50%
30/11/23,"2,219.00","2,219.00","2,219.00","2,219.00",,4.13%
29/11/23,"2,131.00","2,131.00","2,131.00","2,131.00",,1.19%
28/11/23,"2,106.00","2,106.00","2,106.00","2,106.00",,0.53%
27/11/23,"2,095.00","2,095.00","2,095.00","2,095.00",,1.50%
24/11/23,"2,064.00","2,064.00","2,064.00","2,064.00",,1.47%
23/11/23,"2,034.00","2,034.00","2,034.00","2,034.00",,1.29%
22/11/23,"2,008.00","2,008.00","2,008.00","2,008.00",,1.98%
21/11/23,"1,969.00","1,969.00","1,969.00","1,969.00",,2.82%
20/11/23,"1,915.00","1,915.00","1,915.00","1,915.00",,2.19%
17/11/23,"1,874.00","1,874.00","1,874.00","1,874.00",,4.11%
16/11/23,"1,800.00","1,800.00","1,800.00","1,800.00",,6.32%
15/11/23,"1,693.00","1,693.00","1,693.00","1,693.00",,5.35%
14/11/23,"1,607.00","1,607.00","1,607.00","1,607.00",,3.81%
13/11/23,"1,548.00","1,548.00","1,548.00","1,548.00",,1.18%
10/11/23,"1,530.00","1,530.00","1,530.00","1,530.00",,2.00%
09/11/23,"1,500.00","1,500.00","1,500.00","1,500.00",,2.04%
08/11/23,"1,470.00","1,470.00","1,470.00","1,470.00",,1.17%
07/11/23,"1,453.00","1,453.00","1,453.00","1,453.00",,0.35%
06/11/23,"1,448.00","1,448.00","1,448.00","1,448.00",,0.00%
03/11/23,"1,448.00","1,448.00","1,448.00","1,448.00",,-0.89%
02/11/23,"1,461.00","1,461.00","1,461.00","1,461.00",,-1.88%
01/11/23,"1,489.00","1,489.00","1,489.00","1,489.00",,-2.93%
31/10/23,"1,534.00","1,534.00","1,534.00","1,534.00",,-2.60%
30/10/23,"1,575.00","1,575.00","1,575.00","1,575.00",,-1.87%
27/10/23,"1,605.00","1,605.00","1,605.00","1,605.00",,-1.41%
26/10/23,"1,628.00","1,628.00","1,628.00","1,628.00",,-1.27%
25/10/23,"1,649.00","1,649.00","1,649.00","1,649.00",,0.06%
24/10/23,"1,648.00","1,648.00","1,648.00","1,648.00",,0.61%
23/10/23,"1,638.00","1,638.00","1,638.00","1,638.00",,0.00%
20/10/23,"1,638.00","1,638.00","1,638.00","1,638.00",,0.18%
19/10/23,"1,635.00","1,635.00","1,635.00","1,635.00",,0.99%
18/10/23,"1,619.00","1,619.00","1,619.00","1,619.00",,3.45%
17/10/23,"1,565.00","1,565.00","1,565.00","1,565.00",,0.77%
16/10/23,"1,553.00","1,553.00","1,553.00","1,553.00",,-0.89%
13/10/23,"1,567.00","1,567.00","1,567.00","1,567.00",,-1.63%
12/10/23,"1,593.00","1,593.00","1,593.00","1,593.00",,-1.30%
11/10/23,"1,614.00","1,614.00","1,614.00","1,614.00",,0.12%
10/10/23,"1,612.00","1,612.00","1,612.00","1,612.00",,1.64%
09/10/23,"1,586.00","1,586.00","1,586.00","1,586.00",,0.89%
06/10/23,"1,572.00","1,572.00","1,572.00","1,572.00",,-1.26%
05/10/23,"1,592.00","1,592.00","1,592.00","1,592.00",,-2.03%
04/10/23,"1,625.00","1,625.00","1,625.00","1,625.00",,-1.87%
03/10/23,"1,656.00","1,656.00","1,656.00","1,656.00",,-1.66%
02/10/23,"1,684.00","1,684.00","1,684.00","1,684.00",,-1.00%
29/09/23,"1,701.00","1,701.00","1,701.00","1,701.00",,-0.47%
28/09/23,"1,709.00","1,709.00","1,709.00","1,709.00",,-0.12%
27/09/23,"1,711.00","1,711.00","1,711.00","1,711.00",,1.00%
26/09/23,"1,694.00","1,694.00","1,694.00","1,694.00",,0.53%
25/09/23,"1,685.00","1,685.00","1,685.00","1,685.00",,0.00%
22/09/23,"1,685.00","1,685.00","1,685.00","1,685.00",,-0.65%
21/09/23,"1,696.00","1,696.00","1,696.00","1,696.00",,-0.64%
20/09/23,"1,707.00","1,707.00","1,707.00","1,707.00",,0.83%
19/09/23,"1,693.00","1,693.00","1,693.00","1,693.00",,1.62%
18/09/23,"1,666.00","1,666.00","1,666.00","1,666.00",,0.60%
15/09/23,"1,656.00","1,656.00","1,656.00","1,656.00",,0.85%
14/09/23,"1,642.00","1,642.00","1,642.00","1,642.00",,1.17%
13/09/23,"1,623.00","1,623.00","1,623.00","1,623.00",,3.05%
12/09/23,"1,575.00","1,575.00","1,575.00","1,575.00",,4.44%
11/09/23,"1,508.00","1,508.00","1,508.00","1,508.00",,1.28%
08/09/23,"1,489.00","1,489.00","1,489.00","1,489.00",,1.09%
07/09/23,"1,473.00","1,473.00","1,473.00","1,473.00",,0.48%
06/09/23,"1,466.00","1,466.00","1,466.00","1,466.00",,-1.01%
05/09/23,"1,481.00","1,481.00","1,481.00","1,481.00",,0.20%
04/09/23,"1,478.00","1,478.00","1,478.00","1,478.00",,0.00%
01/09/23,"1,478.00","1,478.00","1,478.00","1,478.00",,-1.66%
31/08/23,"1,503.00","1,503.00","1,503.00","1,503.00",,-1.18%
30/08/23,"1,521.00","1,521.00","1,521.00","1,521.00",,1.54%
29/08/23,"1,498.00","1,498.00","1,498.00","1,498.00",,3.38%
25/08/23,"1,449.00","1,449.00","1,449.00","1,449.00",,-0.48%
24/08/23,"1,456.00","1,456.00","1,456.00","1,456.00",,-1.22%
23/08/23,"1,474.00","1,474.00","1,474.00","1,474.00",,-2.77%
22/08/23,"1,516.00","1,516.00","1,516.00","1,516.00",,-1.62%
21/08/23,"1,541.00","1,541.00","1,541.00","1,541.00",,-0.06%
18/08/23,"1,542.00","1,542.00","1,542.00","1,542.00",,1.31%
17/08/23,"1,522.00","1,522.00","1,522.00","1,522.00",,2.42%
16/08/23,"1,486.00","1,486.00","1,486.00","1,486.00",,5.24%
15/08/23,"1,412.00","1,412.00","1,412.00","1,412.00",,3.44%
14/08/23,"1,365.00","1,365.00","1,365.00","1,365.00",,2.09%
11/08/23,"1,337.00","1,337.00","1,337.00","1,337.00",,3.48%
10/08/23,"1,292.00","1,292.00","1,292.00","1,292.00",,4.79%
09/08/23,"1,233.00","1,233.00","1,233.00","1,233.00",,3.18%
08/08/23,"1,195.00","1,195.00","1,195.00","1,195.00",,3.64%
07/08/23,"1,153.00","1,153.00","1,153.00","1,153.00",,1.77%
04/08/23,"1,133.00","1,133.00","1,133.00","1,133.00",,1.89%
03/08/23,"1,112.00","1,112.00","1,112.00","1,112.00",,2.77%
02/08/23,"1,082.00","1,082.00","1,082.00","1,082.00",,4.64%
01/08/23,"1,034.00","1,034.00","1,034.00","1,034.00",,3.82%
31/07/23,996,996,996,996,,2.15%
28/07/23,975,975,975,975,,2.09%
27/07/23,955,955,955,955,,4.26%
26/07/23,916,916,916,916,,2.35%
25/07/23,895,895,895,895,,-1.65%
24/07/23,910,910,910,910,,-1.52%
21/07/23,924,924,924,924,,-2.22%
20/07/23,945,945,945,945,,-4.83%
19/07/23,993,993,993,993,,-5.61%
18/07/23,"1,052.00","1,052.00","1,052.00","1,052.00",,-2.95%
17/07/23,"1,084.00","1,084.00","1,084.00","1,084.00",,-1.00%
14/07/23,"1,095.00","1,095.00","1,095.00","1,095.00",,-0.54%
13/07/23,"1,101.00","1,101.00","1,101.00","1,101.00",,1.38%
12/07/23,"1,086.00","1,086.00","1,086.00","1,086.00",,5.74%
11/07/23,"1,027.00","1,027.00","1,027.00","1,027.00",,3.11%
10/07/23,996,996,996,996,,1.22%
07/07/23,984,984,984,984,,1.34%
06/07/23,971,971,971,971,,0.21%
05/07/23,969,969,969,969,,-1.92%
04/07/23,988,988,988,988,,-2.56%
03/07/23,"1,014.00","1,014.00","1,014.00","1,014.00",,-1.55%
30/06/23,"1,030.00","1,030.00","1,030.00","1,030.00",,-1.06%
29/06/23,"1,041.00","1,041.00","1,041.00","1,041.00",,-1.61%
28/06/23,"1,058.00","1,058.00","1,058.00","1,058.00",,-2.85%
27/06/23,"1,089.00","1,089.00","1,089.00","1,089.00",,-2.16%
26/06/23,"1,113.00","1,113.00","1,113.00","1,113.00",,-1.24%
23/06/23,"1,127.00","1,127.00","1,127.00","1,127.00",,-1.14%
22/06/23,"1,140.00","1,140.00","1,140.00","1,140.00",,-1.47%
21/06/23,"1,157.00","1,157.00","1,157.00","1,157.00",,-1.45%
20/06/23,"1,174.00","1,174.00","1,174.00","1,174.00",,-1.59%
19/06/23,"1,193.00","1,193.00","1,193.00","1,193.00",,0.00%
16/06/23,"1,193.00","1,193.00","1,193.00","1,193.00",,0.76%
15/06/23,"1,184.00","1,184.00","1,184.00","1,184.00",,1.81%
14/06/23,"1,163.00","1,163.00","1,163.00","1,163.00",,1.66%
13/06/23,"1,144.00","1,144.00","1,144.00","1,144.00",,0.00%
12/06/23,"1,144.00","1,144.00","1,144.00","1,144.00",,-0.17%
09/06/23,"1,146.00","1,146.00","1,146.00","1,146.00",,0.00%
08/06/23,"1,146.00","1,146.00","1,146.00","1,146.00",,0.61%
07/06/23,"1,139.00","1,139.00","1,139.00","1,139.00",,2.80%
06/06/23,"1,108.00","1,108.00","1,108.00","1,108.00",,5.73%
05/06/23,"1,048.00","1,048.00","1,048.00","1,048.00",,1.75%
02/06/23,"1,030.00","1,030.00","1,030.00","1,030.00",,0.00%
01/06/23,"1,030.00","1,030.00","1,030.00","1,030.00",,-1.44%
31/05/23,"1,045.00","1,045.00","1,045.00","1,045.00",,-4.13%
30/05/23,"1,090.00","1,090.00","1,090.00","1,090.00",,-2.59%
26/05/23,"1,119.00","1,119.00","1,119.00","1,119.00",,-1.93%
25/05/23,"1,141.00","1,141.00","1,141.00","1,141.00",,-3.63%
24/05/23,"1,184.00","1,184.00","1,184.00","1,184.00",,-2.31%
23/05/23,"1,212.00","1,212.00","1,212.00","1,212.00",,-0.66%
22/05/23,"1,220.00","1,220.00","1,220.00","1,220.00",,-0.16%
19/05/23,"1,222.00","1,222.00","1,222.00","1,222.00",,-1.05%
18/05/23,"1,235.00","1,235.00","1,235.00","1,235.00",,-1.98%
17/05/23,"1,260.00","1,260.00","1,260.00","1,260.00",,-4.11%
16/05/23,"1,314.00","1,314.00","1,314.00","1,314.00",,-3.81%
15/05/23,"1,366.00","1,366.00","1,366.00","1,366.00",,-2.57%
12/05/23,"1,402.00","1,402.00","1,402.00","1,402.00",,-2.98%
11/05/23,"1,445.00","1,445.00","1,445.00","1,445.00",,-2.43%
10/05/23,"1,481.00","1,481.00","1,481.00","1,481.00",,-0.87%
09/05/23,"1,494.00","1,494.00","1,494.00","1,494.00",,-0.47%
05/05/23,"1,501.00","1,501.00","1,501.00","1,501.00",,-0.86%
04/05/23,"1,514.00","1,514.00","1,514.00","1,514.00",,-1.69%
03/05/23,"1,540.00","1,540.00","1,540.00","1,540.00",,-1.47%
02/05/23,"1,563.00","1,563.00","1,563.00","1,563.00",,-1.45%
28/04/23,"1,586.00","1,586.00","1,586.00","1,586.00",,-1.61%
27/04/23,"1,612.00","1,612.00","1,612.00","1,612.00",,-1.71%
26/04/23,"1,640.00","1,640.00","1,640.00","1,640.00",,-1.62%
25/04/23,"1,667.00","1,667.00","1,667.00","1,667.00",,-1.19%
24/04/23,"1,687.00","1,687.00","1,687.00","1,687.00",,-0.30%
21/04/23,"1,692.00","1,692.00","1,692.00","1,692.00",,0.89%
20/04/23,"1,677.00","1,677.00","1,677.00","1,677.00",,1.21%
19/04/23,"1,657.00","1,657.00","1,657.00","1,657.00",,0.79%
18/04/23,"1,644.00","1,644.00","1,644.00","1,644.00",,-1.85%
17/04/23,"1,675.00","1,675.00","1,675.00","1,675.00",,-1.59%
14/04/23,"1,702.00","1,702.00","1,702.00","1,702.00",,-2.58%
13/04/23,"1,747.00","1,747.00","1,747.00","1,747.00",,-3.59%
12/04/23,"1,812.00","1,812.00","1,812.00","1,812.00",,-2.16%
11/04/23,"1,852.00","1,852.00","1,852.00","1,852.00",,0.05%
06/04/23,"1,851.00","1,851.00","1,851.00","1,851.00",,2.10%
05/04/23,"1,813.00","1,813.00","1,813.00","1,813.00",,5.16%
04/04/23,"1,724.00","1,724.00","1,724.00","1,724.00",,3.61%
03/04/23,"1,664.00","1,664.00","1,664.00","1,664.00",,1.77%
31/03/23,"1,635.00","1,635.00","1,635.00","1,635.00",,0.62%
30/03/23,"1,625.00","1,625.00","1,625.00","1,625.00",,1.69%
29/03/23,"1,598.00","1,598.00","1,598.00","1,598.00",,2.37%
28/03/23,"1,561.00","1,561.00","1,561.00","1,561.00",,-0.26%
27/03/23,"1,565.00","1,565.00","1,565.00","1,565.00",,-0.45%
24/03/23,"1,572.00","1,572.00","1,572.00","1,572.00",,-0.76%
23/03/23,"1,584.00","1,584.00","1,584.00","1,584.00",,-1.37%
22/03/23,"1,606.00","1,606.00","1,606.00","1,606.00",,-3.14%
21/03/23,"1,658.00","1,658.00","1,658.00","1,658.00",,-2.30%
20/03/23,"1,697.00","1,697.00","1,697.00","1,697.00",,-1.51%
17/03/23,"1,723.00","1,723.00","1,723.00","1,723.00",,-1.32%
16/03/23,"1,746.00","1,746.00","1,746.00","1,746.00",,-1.24%
15/03/23,"1,768.00","1,768.00","1,768.00","1,768.00",,1.43%
14/03/23,"1,743.00","1,743.00","1,743.00","1,743.00",,3.75%
13/03/23,"1,680.00","1,680.00","1,680.00","1,680.00",,1.57%
10/03/23,"1,654.00","1,654.00","1,654.00","1,654.00",,1.85%
09/03/23,"1,624.00","1,624.00","1,624.00","1,624.00",,2.01%
08/03/23,"1,592.00","1,592.00","1,592.00","1,592.00",,0.76%
07/03/23,"1,580.00","1,580.00","1,580.00","1,580.00",,-0.13%
06/03/23,"1,582.00","1,582.00","1,582.00","1,582.00",,1.09%
03/03/23,"1,565.00","1,565.00","1,565.00","1,565.00",,0.58%
02/03/23,"1,556.00","1,556.00","1,556.00","1,556.00",,2.71%
01/03/23,"1,515.00","1,515.00","1,515.00","1,515.00",,6.62%
28/02/23,"1,421.00","1,421.00","1,421.00","1,421.00",,7.90%
27/02/23,"1,317.00","1,317.00","1,317.00","1,317.00",,3.62%
24/02/23,"1,271.00","1,271.00","1,271.00","1,271.00",,8.73%
23/02/23,"1,169.00","1,169.00","1,169.00","1,169.00",,22.92%
22/02/23,951,951,951,951,,12.81%
21/02/23,843,843,843,843,,4.20%
20/02/23,809,809,809,809,,-0.25%
17/02/23,811,811,811,811,,-0.86%
16/02/23,818,818,818,818,,-1.45%
15/02/23,830,830,830,830,,-2.12%
14/02/23,848,848,848,848,,-1.74%
13/02/23,863,863,863,863,,-0.12%
10/02/23,864,864,864,864,,0.35%
09/02/23,861,861,861,861,,0.58%
08/02/23,856,856,856,856,,-1.27%
07/02/23,867,867,867,867,,-4.41%
06/02/23,907,907,907,907,,-3.51%
03/02/23,940,940,940,940,,-4.86%
02/02/23,988,988,988,988,,-3.98%
01/02/23,"1,029.00","1,029.00","1,029.00","1,029.00",,-2.19%
31/01/23,"1,052.00","1,052.00","1,052.00","1,052.00",,-0.75%
30/01/23,"1,060.00","1,060.00","1,060.00","1,060.00",,0.57%
27/01/23,"1,054.00","1,054.00","1,054.00","1,054.00",,0.86%
26/01/23,"1,045.00","1,045.00","1,045.00","1,045.00",,0.97%
25/01/23,"1,035.00","1,035.00","1,035.00","1,035.00",,0.00%
24/01/23,"1,035.00","1,035.00","1,035.00","1,035.00",,-1.24%
23/01/23,"1,048.00","1,048.00","1,048.00","1,048.00",,-1.13%
20/01/23,"1,060.00","1,060.00","1,060.00","1,060.00",,-1.03%
19/01/23,"1,071.00","1,071.00","1,071.00","1,071.00",,-0.37%
18/01/23,"1,075.00","1,075.00","1,075.00","1,075.00",,-0.28%
17/01/23,"1,078.00","1,078.00","1,078.00","1,078.00",,0.65%
16/01/23,"1,071.00","1,071.00","1,071.00","1,071.00",,0.19%
13/01/23,"1,069.00","1,069.00","1,069.00","1,069.00",,-1.38%
12/01/23,"1,084.00","1,084.00","1,084.00","1,084.00",,-3.73%
11/01/23,"1,126.00","1,126.00","1,126.00","1,126.00",,-5.30%
10/01/23,"1,189.00","1,189.00","1,189.00","1,189.00",,-4.88%
09/01/23,"1,250.00","1,250.00","1,250.00","1,250.00",,-3.77%
06/01/23,"1,299.00","1,299.00","1,299.00","1,299.00",,-2.48%
05/01/23,"1,332.00","1,332.00","1,332.00","1,332.00",,-3.34%
04/01/23,"1,378.00","1,378.00","1,378.00","1,378.00",,-4.17%
03/01/23,"1,438.00","1,438.00","1,438.00","1,438.00",,-6.32%
23/12/22,"1,535.00","1,535.00","1,535.00","1,535.00",,-1.79%
22/12/22,"1,563.00","1,563.00","1,563.00","1,563.00",,-2.19%
21/12/22,"1,598.00","1,598.00","1,598.00","1,598.00",,-1.48%
20/12/22,"1,622.00","1,622.00","1,622.00","1,622.00",,-1.40%
19/12/22,"1,645.00","1,645.00","1,645.00","1,645.00",,-0.42%
16/12/22,"1,652.00","1,652.00","1,652.00","1,652.00",,-0.36%
15/12/22,"1,658.00","1,658.00","1,658.00","1,658.00",,0.91%
14/12/22,"1,643.00","1,643.00","1,643.00","1,643.00",,0.61%
13/12/22,"1,633.00","1,633.00","1,633.00","1,633.00",,-0.61%
12/12/22,"1,643.00","1,643.00","1,643.00","1,643.00",,-0.96%
09/12/22,"1,659.00",0,0,0,,-0.12%
08/12/22,"1,661.00","1,661.00","1,661.00","1,661.00",,0.12%
07/12/22,"1,659.00","1,659.00","1,659.00","1,659.00",,0.12%
06/12/22,"1,657.00","1,657.00","1,657.00","1,657.00",,1.16%
05/12/22,"1,638.00","1,638.00","1,638.00","1,638.00",,1.24%
02/12/22,"1,618.00","1,618.00","1,618.00","1,618.00",,1.00%
01/12/22,"1,602.00","1,602.00","1,602.00","1,602.00",,2.17%
30/11/22,"1,568.00","1,568.00","1,568.00","1,568.00",,2.89%
29/11/22,"1,524.00","1,524.00","1,524.00","1,524.00",,1.87%
28/11/22,"1,496.00","1,496.00","1,496.00","1,496.00",,1.15%
25/11/22,"1,479.00","1,479.00","1,479.00","1,479.00",,0.89%
24/11/22,"1,466.00","1,466.00","1,466.00","1,466.00",,0.14%
23/11/22,"1,464.00","1,464.00","1,464.00","1,464.00",,-2.14%
22/11/22,"1,496.00","1,496.00","1,496.00","1,496.00",,-3.42%
21/11/22,"1,549.00","1,549.00","1,549.00","1,549.00",,-2.82%
18/11/22,"1,594.00","1,594.00","1,594.00","1,594.00",,-3.39%
17/11/22,"1,650.00","1,650.00","1,650.00","1,650.00",,-2.25%
16/11/22,"1,688.00","1,688.00","1,688.00","1,688.00",,0.42%
15/11/22,"1,681.00","1,681.00","1,681.00","1,681.00",,0.84%
14/11/22,"1,667.00","1,667.00","1,667.00","1,667.00",,1.83%
11/11/22,"1,637.00","1,637.00","1,637.00","1,637.00",,1.11%
10/11/22,"1,619.00","1,619.00","1,619.00","1,619.00",,-1.34%
09/11/22,"1,641.00","1,641.00","1,641.00","1,641.00",,-1.68%
08/11/22,"1,669.00","1,669.00","1,669.00","1,669.00",,-1.59%
07/11/22,"1,696.00","1,696.00","1,696.00","1,696.00",,-0.24%
04/11/22,"1,700.00","1,700.00","1,700.00","1,700.00",,0.06%
03/11/22,"1,699.00","1,699.00","1,699.00","1,699.00",,0.95%
02/11/22,"1,683.00","1,683.00","1,683.00","1,683.00",,-0.77%
01/11/22,"1,696.00","1,696.00","1,696.00","1,696.00",,-2.81%
31/10/22,"1,745.00","1,745.00","1,745.00","1,745.00",,-3.96%
28/10/22,"1,817.00","1,817.00","1,817.00","1,817.00",,-4.37%
27/10/22,"1,900.00","1,900.00","1,900.00","1,900.00",,-5.33%
26/10/22,"2,007.00","2,007.00","2,007.00","2,007.00",,-3.18%
25/10/22,"2,073.00","2,073.00","2,073.00","2,073.00",,-1.89%
24/10/22,"2,113.00","2,113.00","2,113.00","2,113.00",,-1.45%
21/10/22,"2,144.00","2,144.00","2,144.00","2,144.00",,-0.79%
20/10/22,"2,161.00","2,161.00","2,161.00","2,161.00",,-0.14%
19/10/22,"2,164.00","2,164.00","2,164.00","2,164.00",,1.31%
18/10/22,"2,136.00","2,136.00","2,136.00","2,136.00",,2.30%
17/10/22,"2,088.00","2,088.00","2,088.00","2,088.00",,0.34%
14/10/22,"2,081.00","2,081.00","2,081.00","2,081.00",,-0.34%
13/10/22,"2,088.00","2,088.00","2,088.00","2,088.00",,-2.75%
12/10/22,"2,147.00","2,147.00","2,147.00","2,147.00",,-2.23%
11/10/22,"2,196.00","2,196.00","2,196.00","2,196.00",,-1.44%
10/10/22,"2,228.00","2,228.00","2,228.00","2,228.00",,-0.31%
07/10/22,"2,235.00","2,235.00","2,235.00","2,235.00",,0.13%
06/10/22,"2,232.00","2,232.00","2,232.00","2,232.00",,1.22%
05/10/22,"2,205.00","2,205.00","2,205.00","2,205.00",,4.50%
04/10/22,"2,110.00","2,110.00","2,110.00","2,110.00",,1.34%
03/10/22,"2,082.00","2,082.00","2,082.00","2,082.00",,0.00%
30/09/22,"2,082.00","2,082.00","2,082.00","2,082.00",,0.92%
29/09/22,"2,063.00","2,063.00","2,063.00","2,063.00",,2.03%
28/09/22,"2,022.00","2,022.00","2,022.00","2,022.00",,1.20%
27/09/22,"1,998.00","1,998.00","1,998.00","1,998.00",,0.30%
26/09/22,"1,992.00","1,992.00","1,992.00","1,992.00",,-0.15%
23/09/22,"1,995.00","1,995.00","1,995.00","1,995.00",,-0.15%
22/09/22,"1,998.00","1,998.00","1,998.00","1,998.00",,-1.14%
21/09/22,"2,021.00","2,021.00","2,021.00","2,021.00",,-0.10%
20/09/22,"2,023.00","2,023.00","2,023.00","2,023.00",,1.66%
16/09/22,"1,990.00","1,990.00","1,990.00","1,990.00",,-4.78%
15/09/22,"2,090.00","2,090.00","2,090.00","2,090.00",,-2.56%
14/09/22,"2,145.00","2,145.00","2,145.00","2,145.00",,3.42%
13/09/22,"2,074.00","2,074.00","2,074.00","2,074.00",,7.91%
12/09/22,"1,922.00","1,922.00","1,922.00","1,922.00",,3.06%
09/09/22,"1,865.00","1,865.00","1,865.00","1,865.00",,6.15%
08/09/22,"1,757.00","1,757.00","1,757.00","1,757.00",,11.41%
07/09/22,"1,577.00","1,577.00","1,577.00","1,577.00",,11.61%
06/09/22,"1,413.00","1,413.00","1,413.00","1,413.00",,6.48%
05/09/22,"1,327.00","1,327.00","1,327.00","1,327.00",,4.41%
02/09/22,"1,271.00","1,271.00","1,271.00","1,271.00",,3.33%
01/09/22,"1,230.00","1,230.00","1,230.00","1,230.00",,1.07%
31/08/22,"1,217.00","1,217.00","1,217.00","1,217.00",,-5.22%
30/08/22,"1,284.00","1,284.00","1,284.00","1,284.00",,-6.41%
26/08/22,"1,372.00","1,372.00","1,372.00","1,372.00",,-3.65%
25/08/22,"1,424.00","1,424.00","1,424.00","1,424.00",,-4.49%
24/08/22,"1,491.00","1,491.00","1,491.00","1,491.00",,-5.15%
23/08/22,"1,572.00","1,572.00","1,572.00","1,572.00",,-4.44%
22/08/22,"1,645.00","1,645.00","1,645.00","1,645.00",,-2.55%
19/08/22,"1,688.00",0,0,0,,-3.49%
18/08/22,"1,749.00","1,749.00","1,749.00","1,749.00",,-3.10%
17/08/22,"1,805.00","1,805.00","1,805.00","1,805.00",,-2.43%
16/08/22,"1,850.00","1,850.00","1,850.00","1,850.00",,-1.86%
15/08/22,"1,885.00","1,885.00","1,885.00","1,885.00",,-1.15%
12/08/22,"1,907.00","1,907.00","1,907.00","1,907.00",,-1.04%
11/08/22,"1,927.00","1,927.00","1,927.00","1,927.00",,-0.26%
10/08/22,"1,932.00","1,932.00","1,932.00","1,932.00",,-0.31%
09/08/22,"1,938.00","1,938.00","1,938.00","1,938.00",,-1.02%
08/08/22,"1,958.00","1,958.00","1,958.00","1,958.00",,-0.46%
05/08/22,"1,967.00","1,967.00","1,967.00","1,967.00",,-0.81%
04/08/22,"1,983.00","1,983.00","1,983.00","1,983.00",,-1.10%
03/08/22,"2,005.00","2,005.00","2,005.00","2,005.00",,-1.04%
02/08/22,"2,026.00","2,026.00","2,026.00","2,026.00",,-0.88%
01/08/22,"2,044.00","2,044.00","2,044.00","2,044.00",,-0.34%
29/07/22,"2,051.00","2,051.00","2,051.00","2,051.00",,-0.68%
28/07/22,"2,065.00","2,065.00","2,065.00","2,065.00",,-0.53%
27/07/22,"2,076.00","2,076.00","2,076.00","2,076.00",,-0.57%
26/07/22,"2,088.00","2,088.00","2,088.00","2,088.00",,-0.57%
25/07/22,"2,100.00","2,100.00","2,100.00","2,100.00",,0.33%
22/07/22,"2,093.00","2,093.00","2,093.00","2,093.00",,2.05%
21/07/22,"2,051.00","2,051.00","2,051.00","2,051.00",,4.01%
20/07/22,"1,972.00","1,972.00","1,972.00","1,972.00",,4.39%
19/07/22,"1,889.00","1,889.00","1,889.00","1,889.00",,0.91%
18/07/22,"1,872.00","1,872.00","1,872.00","1,872.00",,-0.69%
15/07/22,"1,885.00","1,885.00","1,885.00","1,885.00",,-1.82%
14/07/22,"1,920.00","1,920.00","1,920.00","1,920.00",,-4.38%
13/07/22,"2,008.00","2,008.00","2,008.00","2,008.00",,-4.20%
12/07/22,"2,096.00","2,096.00","2,096.00","2,096.00",,-3.50%
11/07/22,"2,172.00","2,172.00","2,172.00","2,172.00",,-2.29%
08/07/22,"2,223.00","2,223.00","2,223.00","2,223.00",,-2.41%
07/07/22,"2,278.00","2,278.00","2,278.00","2,278.00",,-3.60%
06/07/22,"2,363.00","2,363.00","2,363.00","2,363.00",,-3.20%
05/07/22,"2,441.00","2,441.00","2,441.00","2,441.00",,-1.13%
04/07/22,"2,469.00","2,469.00","2,469.00","2,469.00",,-0.32%
01/07/22,"2,477.00","2,477.00","2,477.00","2,477.00",,-0.32%
30/06/22,"2,485.00","2,485.00","2,485.00","2,485.00",,-1.00%
29/06/22,"2,510.00","2,510.00","2,510.00","2,510.00",,-2.18%
28/06/22,"2,566.00","2,566.00","2,566.00","2,566.00",,-3.24%
27/06/22,"2,652.00","2,652.00","2,652.00","2,652.00",,-1.60%
24/06/22,"2,695.00","2,695.00","2,695.00","2,695.00",,-1.35%
23/06/22,"2,732.00","2,732.00","2,732.00","2,732.00",,-2.32%
22/06/22,"2,797.00","2,797.00","2,797.00","2,797.00",,-1.89%
21/06/22,"2,851.00","2,851.00","2,851.00","2,851.00",,-0.73%
20/06/22,"2,872.00","2,872.00","2,872.00","2,872.00",,0.35%
17/06/22,"2,862.00","2,862.00","2,862.00","2,862.00",,2.58%
16/06/22,"2,790.00","2,790.00","2,790.00","2,790.00",,3.10%
15/06/22,"2,706.00","2,706.00","2,706.00","2,706.00",,2.93%
14/06/22,"2,629.00","2,629.00","2,629.00","2,629.00",,1.12%
13/06/22,"2,600.00","2,600.00","2,600.00","2,600.00",,-1.10%
10/06/22,"2,629.00","2,629.00","2,629.00","2,629.00",,-1.68%
09/06/22,"2,674.00","2,674.00","2,674.00","2,674.00",,-2.66%
08/06/22,"2,747.00","2,747.00","2,747.00","2,747.00",,-2.42%
07/06/22,"2,815.00","2,815.00","2,815.00","2,815.00",,-0.92%
06/06/22,"2,841.00","2,841.00","2,841.00","2,841.00",,-0.35%
01/06/22,"2,851.00","2,851.00","2,851.00","2,851.00",,-0.77%
31/05/22,"2,873.00","2,873.00","2,873.00","2,873.00",,-2.41%
30/05/22,"2,944.00","2,944.00","2,944.00","2,944.00",,-3.41%
27/05/22,"3,048.00","3,048.00","3,048.00","3,048.00",,-2.93%
26/05/22,"3,140.00","3,140.00","3,140.00","3,140.00",,-2.42%
25/05/22,"3,218.00","3,218.00","3,218.00","3,218.00",,-3.10%
24/05/22,"3,321.00","3,321.00","3,321.00","3,321.00",,-1.66%
23/05/22,"3,377.00","3,377.00","3,377.00","3,377.00",,-0.15%
20/05/22,"3,382.00","3,382.00","3,382.00","3,382.00",,0.36%
19/05/22,"3,370.00","3,370.00","3,370.00","3,370.00",,1.29%
18/05/22,"3,327.00","3,327.00","3,327.00","3,327.00",,2.24%
17/05/22,"3,254.00","3,254.00","3,254.00","3,254.00",,0.40%
16/05/22,"3,241.00","3,241.00","3,241.00","3,241.00",,-1.28%
13/05/22,"3,283.00","3,283.00","3,283.00","3,283.00",,-0.82%
12/05/22,"3,310.00","3,310.00","3,310.00","3,310.00",,-0.18%
11/05/22,"3,316.00","3,316.00","3,316.00","3,316.00",,1.19%
10/05/22,"3,277.00","3,277.00","3,277.00","3,277.00",,1.36%
09/05/22,"3,233.00","3,233.00","3,233.00","3,233.00",,1.83%
06/05/22,"3,175.00","3,175.00","3,175.00","3,175.00",,2.09%
05/05/22,"3,110.00","3,110.00","3,110.00","3,110.00",,3.22%
04/05/22,"3,013.00","3,013.00","3,013.00","3,013.00",,1.96%
03/05/22,"2,955.00","2,955.00","2,955.00","2,955.00",,0.58%
29/04/22,"2,938.00","2,938.00","2,938.00","2,938.00",,0.82%
28/04/22,"2,914.00","2,914.00","2,914.00","2,914.00",,0.34%
27/04/22,"2,904.00","2,904.00","2,904.00","2,904.00",,-0.51%
26/04/22,"2,919.00","2,919.00","2,919.00","2,919.00",,-1.62%
25/04/22,"2,967.00","2,967.00","2,967.00","2,967.00",,-1.23%
22/04/22,"3,004.00","3,004.00","3,004.00","3,004.00",,-1.41%
21/04/22,"3,047.00","3,047.00","3,047.00","3,047.00",,-1.30%
20/04/22,"3,087.00","3,087.00","3,087.00","3,087.00",,0.26%
19/04/22,"3,079.00","3,079.00","3,079.00","3,079.00",,1.22%
14/04/22,"3,042.00","3,042.00","3,042.00","3,042.00",,2.49%
13/04/22,"2,968.00","2,968.00","2,968.00","2,968.00",,3.70%
12/04/22,"2,862.00","2,862.00","2,862.00","2,862.00",,2.76%
11/04/22,"2,785.00","2,785.00","2,785.00","2,785.00",,0.29%
08/04/22,"2,777.00","2,777.00","2,777.00","2,777.00",,-0.04%
07/04/22,"2,778.00","2,778.00","2,778.00","2,778.00",,-3.14%
06/04/22,"2,868.00","2,868.00","2,868.00","2,868.00",,-2.81%
05/04/22,"2,951.00","2,951.00","2,951.00","2,951.00",,-2.12%
04/04/22,"3,015.00","3,015.00","3,015.00","3,015.00",,-1.89%
01/04/22,"3,073.00","3,073.00","3,073.00","3,073.00",,-2.16%
31/03/22,"3,141.00","3,141.00","3,141.00","3,141.00",,-2.94%
30/03/22,"3,236.00","3,236.00","3,236.00","3,236.00",,-3.03%
29/03/22,"3,337.00","3,337.00","3,337.00","3,337.00",,-2.31%
28/03/22,"3,416.00","3,416.00","3,416.00","3,416.00",,0.09%
25/03/22,"3,413.00","3,413.00","3,413.00","3,413.00",,1.01%
24/03/22,"3,379.00","3,379.00","3,379.00","3,379.00",,3.27%
23/03/22,"3,272.00","3,272.00","3,272.00","3,272.00",,5.18%
22/03/22,"3,111.00","3,111.00","3,111.00","3,111.00",,5.42%
21/03/22,"2,951.00","2,951.00","2,951.00","2,951.00",,2.68%
18/03/22,"2,874.00","2,874.00","2,874.00","2,874.00",,0.84%
17/03/22,"2,850.00","2,850.00","2,850.00","2,850.00",,0.11%
16/03/22,"2,847.00","2,847.00","2,847.00","2,847.00",,-3.36%
15/03/22,"2,946.00","2,946.00","2,946.00","2,946.00",,-4.72%
14/03/22,"3,092.00","3,092.00","3,092.00","3,092.00",,-2.98%
11/03/22,"3,187.00","3,187.00","3,187.00","3,187.00",,-1.42%
10/03/22,"3,233.00","3,233.00","3,233.00","3,233.00",,1.22%
09/03/22,"3,194.00","3,194.00","3,194.00","3,194.00",,5.03%
08/03/22,"3,041.00","3,041.00","3,041.00","3,041.00",,4.83%
07/03/22,"2,901.00","2,901.00","2,901.00","2,901.00",,4.17%
04/03/22,"2,785.00","2,785.00","2,785.00","2,785.00",,3.19%
03/03/22,"2,699.00","2,699.00","2,699.00","2,699.00",,2.47%
02/03/22,"2,634.00","2,634.00","2,634.00","2,634.00",,1.27%
01/03/22,"2,601.00","2,601.00","2,601.00","2,601.00",,0.08%
28/02/22,"2,599.00","2,599.00","2,599.00","2,599.00",,-2.22%
25/02/22,"2,658.00","2,658.00","2,658.00","2,658.00",,-1.15%
24/02/22,"2,689.00","2,689.00","2,689.00","2,689.00",,-0.37%
23/02/22,"2,699.00","2,699.00","2,699.00","2,699.00",,3.97%
22/02/22,"2,596.00","2,596.00","2,596.00","2,596.00",,6.35%
21/02/22,"2,441.00","2,441.00","2,441.00","2,441.00",,2.78%
18/02/22,"2,375.00","2,375.00","2,375.00","2,375.00",,0.42%
17/02/22,"2,365.00","2,365.00","2,365.00","2,365.00",,-0.42%
16/02/22,"2,375.00","2,375.00","2,375.00","2,375.00",,-1.04%
15/02/22,"2,400.00","2,400.00","2,400.00","2,400.00",,-0.74%
14/02/22,"2,418.00","2,418.00","2,418.00","2,418.00",,0.62%
11/02/22,"2,403.00","2,403.00","2,403.00","2,403.00",,3.00%
10/02/22,"2,333.00","2,333.00","2,333.00","2,333.00",,8.36%
09/02/22,"2,153.00","2,153.00","2,153.00","2,153.00",,9.23%
08/02/22,"1,971.00","1,971.00","1,971.00","1,971.00",,6.25%
07/02/22,"1,855.00","1,855.00","1,855.00","1,855.00",,3.29%
04/02/22,"1,796.00","1,796.00","1,796.00","1,796.00",,1.41%
03/02/22,"1,771.00","1,771.00","1,771.00","1,771.00",,0.34%
02/02/22,"1,765.00","1,765.00","1,765.00","1,765.00",,-2.54%
01/02/22,"1,811.00","1,811.00","1,811.00","1,811.00",,-0.93%
31/01/22,"1,828.00","1,828.00","1,828.00","1,828.00",,-0.65%
28/01/22,"1,840.00","1,840.00","1,840.00","1,840.00",,-0.33%
27/01/22,"1,846.00","1,846.00","1,846.00","1,846.00",,-3.55%
26/01/22,"1,914.00","1,914.00","1,914.00","1,914.00",,-3.72%
25/01/22,"1,988.00","1,988.00","1,988.00","1,988.00",,-1.24%
24/01/22,"2,013.00","2,013.00","2,013.00","2,013.00",,0.15%
21/01/22,"2,010.00","2,010.00","2,010.00","2,010.00",,-0.69%
20/01/22,"2,024.00","2,024.00","2,024.00","2,024.00",,-3.39%
19/01/22,"2,095.00","2,095.00","2,095.00","2,095.00",,-5.76%
18/01/22,"2,223.00","2,223.00","2,223.00","2,223.00",,-4.43%
17/01/22,"2,326.00","2,326.00","2,326.00","2,326.00",,-2.06%
14/01/22,"2,375.00","2,375.00","2,375.00","2,375.00",,-3.14%
13/01/22,"2,452.00","2,452.00","2,452.00","2,452.00",,-4.41%
12/01/22,"2,565.00","2,565.00","2,565.00","2,565.00",,-5.52%
11/01/22,"2,715.00","2,715.00","2,715.00","2,715.00",,-4.70%
10/01/22,"2,849.00","2,849.00","2,849.00","2,849.00",,-3.65%
07/01/22,"2,957.00","2,957.00","2,957.00","2,957.00",,-1.86%
06/01/22,"3,013.00","3,013.00","3,013.00","3,013.00",,0.33%
05/01/22,"3,003.00","3,003.00","3,003.00","3,003.00",,4.49%
04/01/22,"2,874.00","2,874.00","2,874.00","2,874.00",,11.70%
24/12/21,"2,573.00","2,573.00","2,573.00","2,573.00",,2.31%
23/12/21,"2,515.00","2,515.00","2,515.00","2,515.00",,5.49%
22/12/21,"2,384.00","2,384.00","2,384.00","2,384.00",,3.16%
21/12/21,"2,311.00","2,311.00","2,311.00","2,311.00",,-1.91%
20/12/21,"2,356.00","2,356.00","2,356.00","2,356.00",,-3.60%
17/12/21,"2,444.00","2,444.00","2,444.00","2,444.00",,-6.93%
16/12/21,"2,626.00","2,626.00","2,626.00","2,626.00",,-4.30%
15/12/21,"2,744.00","2,744.00","2,744.00","2,744.00",,-4.69%
14/12/21,"2,879.00","2,879.00","2,879.00","2,879.00",,-3.87%
13/12/21,"2,995.00","2,995.00","2,995.00","2,995.00",,-2.38%
10/12/21,"3,068.00","3,068.00","3,068.00","3,068.00",,-2.45%
09/12/21,"3,145.00","3,145.00","3,145.00","3,145.00",,-2.36%
08/12/21,"3,221.00","3,221.00","3,221.00","3,221.00",,-0.98%
07/12/21,"3,253.00","3,253.00","3,253.00","3,253.00",,1.28%
06/12/21,"3,212.00","3,212.00","3,212.00","3,212.00",,2.69%
03/12/21,"3,128.00","3,128.00","3,128.00","3,128.00",,3.23%
02/12/21,"3,030.00","3,030.00","3,030.00","3,030.00",,4.59%
01/12/21,"2,897.00","2,897.00","2,897.00","2,897.00",,3.06%
30/11/21,"2,811.00","2,811.00","2,811.00","2,811.00",,2.78%
29/11/21,"2,735.00","2,735.00","2,735.00","2,735.00",,4.35%
26/11/21,"2,621.00","2,621.00","2,621.00","2,621.00",,5.30%
25/11/21,"2,489.00","2,489.00","2,489.00","2,489.00",,4.67%
24/11/21,"2,378.00","2,378.00","2,378.00","2,378.00",,1.93%
23/11/21,"2,333.00","2,333.00","2,333.00","2,333.00",,1.83%
22/11/21,"2,291.00","2,291.00","2,291.00","2,291.00",,0.39%
19/11/21,"2,282.00","2,282.00","2,282.00","2,282.00",,-2.31%
18/11/21,"2,336.00","2,336.00","2,336.00","2,336.00",,-5.62%
17/11/21,"2,475.00","2,475.00","2,475.00","2,475.00",,-7.48%
16/11/21,"2,675.00","2,675.00","2,675.00","2,675.00",,-6.14%
15/11/21,"2,850.00","2,850.00","2,850.00","2,850.00",,-2.73%
12/11/21,"2,930.00","2,930.00","2,930.00","2,930.00",,-3.17%
11/11/21,"3,026.00","3,026.00","3,026.00","3,026.00",,-1.72%
10/11/21,"3,079.00","3,079.00","3,079.00","3,079.00",,-0.16%
09/11/21,"3,084.00","3,084.00","3,084.00","3,084.00",,0.69%
08/11/21,"3,063.00","3,063.00","3,063.00","3,063.00",,-0.26%
05/11/21,"3,071.00","3,071.00","3,071.00","3,071.00",,-3.00%
04/11/21,"3,166.00","3,166.00","3,166.00","3,166.00",,-5.63%
03/11/21,"3,355.00","3,355.00","3,355.00","3,355.00",,-7.93%
02/11/21,"3,644.00","3,644.00","3,644.00","3,644.00",,-4.48%
01/11/21,"3,815.00","3,815.00","3,815.00","3,815.00",,-2.08%
29/10/21,"3,896.00","3,896.00","3,896.00","3,896.00",,-1.74%
28/10/21,"3,965.00","3,965.00","3,965.00","3,965.00",,-2.89%
27/10/21,"4,083.00","4,083.00","4,083.00","4,083.00",,-3.50%
26/10/21,"4,231.00","4,231.00","4,231.00","4,231.00",,-2.24%
25/10/21,"4,328.00","4,328.00","4,328.00","4,328.00",,0.02%
22/10/21,"4,327.00","4,327.00","4,327.00","4,327.00",,0.53%
21/10/21,"4,304.00","4,304.00","4,304.00","4,304.00",,1.61%
20/10/21,"4,236.00","4,236.00","4,236.00","4,236.00",,1.68%
19/10/21,"4,166.00","4,166.00","4,166.00","4,166.00",,1.83%
18/10/21,"4,091.00","4,091.00","4,091.00","4,091.00",,0.64%
15/10/21,"4,065.00","4,065.00","4,065.00","4,065.00",,1.04%
14/10/21,"4,023.00","4,023.00","4,023.00","4,023.00",,1.64%
13/10/21,"3,958.00","3,958.00","3,958.00","3,958.00",,1.33%
12/10/21,"3,906.00","3,906.00","3,906.00","3,906.00",,0.75%
11/10/21,"3,877.00","3,877.00","3,877.00","3,877.00",,0.28%
08/10/21,"3,866.00","3,866.00","3,866.00","3,866.00",,-0.46%
07/10/21,"3,884.00","3,884.00","3,884.00","3,884.00",,-0.49%
06/10/21,"3,903.00","3,903.00","3,903.00","3,903.00",,-0.38%
05/10/21,"3,918.00","3,918.00","3,918.00","3,918.00",,-1.09%
04/10/21,"3,961.00","3,961.00","3,961.00","3,961.00",,-0.78%
01/10/21,"3,992.00","3,992.00","3,992.00","3,992.00",,-0.52%
30/09/21,"4,013.00","4,013.00","4,013.00","4,013.00",,-0.59%
29/09/21,"4,037.00","4,037.00","4,037.00","4,037.00",,0.17%
28/09/21,"4,030.00","4,030.00","4,030.00","4,030.00",,0.25%
27/09/21,"4,020.00","4,020.00","4,020.00","4,020.00",,0.20%
24/09/21,"4,012.00","4,012.00","4,012.00","4,012.00",,0.45%
23/09/21,"3,994.00","3,994.00","3,994.00","3,994.00",,0.83%
22/09/21,"3,961.00","3,961.00","3,961.00","3,961.00",,0.79%
21/09/21,"3,930.00","3,930.00","3,930.00","3,930.00",,0.36%
20/09/21,"3,916.00","3,916.00","3,916.00","3,916.00",,0.31%
17/09/21,"3,904.00","3,904.00","3,904.00","3,904.00",,1.35%
16/09/21,"3,852.00","3,852.00","3,852.00","3,852.00",,1.37%
15/09/21,"3,800.00","3,800.00","3,800.00","3,800.00",,1.17%
14/09/21,"3,756.00","3,756.00","3,756.00","3,756.00",,1.68%
13/09/21,"3,694.00","3,694.00","3,694.00","3,694.00",,2.75%
10/09/21,"3,595.00","3,595.00","3,595.00","3,595.00",,2.42%
09/09/21,"3,510.00","3,510.00","3,510.00","3,510.00",,1.07%
08/09/21,"3,473.00","3,473.00","3,473.00","3,473.00",,-0.66%
07/09/21,"3,496.00","3,496.00","3,496.00","3,496.00",,-1.35%
06/09/21,"3,544.00","3,544.00","3,544.00","3,544.00",,-1.69%
03/09/21,"3,605.00","3,605.00","3,605.00","3,605.00",,-1.21%
02/09/21,"3,649.00","3,649.00","3,649.00","3,649.00",,-1.54%
01/09/21,"3,706.00","3,706.00","3,706.00","3,706.00",,-1.98%
31/08/21,"3,781.00","3,781.00","3,781.00","3,781.00",,-2.40%
27/08/21,"3,874.00","3,874.00","3,874.00","3,874.00",,-0.95%
26/08/21,"3,911.00","3,911.00","3,911.00","3,911.00",,0.67%
25/08/21,"3,885.00","3,885.00","3,885.00","3,885.00",,1.01%
24/08/21,"3,846.00","3,846.00","3,846.00","3,846.00",,0.97%
23/08/21,"3,809.00","3,809.00","3,809.00","3,809.00",,0.63%
20/08/21,"3,785.00","3,785.00","3,785.00","3,785.00",,0.83%
19/08/21,"3,754.00","3,754.00","3,754.00","3,754.00",,1.27%
18/08/21,"3,707.00","3,707.00","3,707.00","3,707.00",,2.49%
17/08/21,"3,617.00","3,617.00","3,617.00","3,617.00",,0.92%
16/08/21,"3,584.00","3,584.00","3,584.00","3,584.00",,0.50%
13/08/21,"3,566.00","3,566.00","3,566.00","3,566.00",,0.45%
12/08/21,"3,550.00","3,550.00","3,550.00","3,550.00",,0.97%
11/08/21,"3,516.00","3,516.00","3,516.00","3,516.00",,1.15%
10/08/21,"3,476.00","3,476.00","3,476.00","3,476.00",,0.52%
09/08/21,"3,458.00","3,458.00","3,458.00","3,458.00",,0.26%
06/08/21,"3,449.00","3,449.00","3,449.00","3,449.00",,0.91%
05/08/21,"3,418.00","3,418.00","3,418.00","3,418.00",,1.79%
04/08/21,"3,358.00","3,358.00","3,358.00","3,358.00",,1.54%
03/08/21,"3,307.00","3,307.00","3,307.00","3,307.00",,0.52%
02/08/21,"3,290.00","3,290.00","3,290.00","3,290.00",,-0.42%
30/07/21,"3,304.00","3,304.00","3,304.00","3,304.00",,-1.14%
29/07/21,"3,342.00","3,342.00","3,342.00","3,342.00",,-1.82%
28/07/21,"3,404.00","3,404.00","3,404.00","3,404.00",,-1.82%
27/07/21,"3,467.00","3,467.00","3,467.00","3,467.00",,-1.31%
26/07/21,"3,513.00","3,513.00","3,513.00","3,513.00",,-0.43%
23/07/21,"3,528.00","3,528.00","3,528.00","3,528.00",,-0.90%
22/07/21,"3,560.00","3,560.00","3,560.00","3,560.00",,-0.48%
21/07/21,"3,577.00","3,577.00","3,577.00","3,577.00",,-0.64%
20/07/21,"3,600.00","3,600.00","3,600.00","3,600.00",,-0.63%
19/07/21,"3,623.00","3,623.00","3,623.00","3,623.00",,-0.33%
16/07/21,"3,635.00","3,635.00","3,635.00","3,635.00",,-1.97%
15/07/21,"3,708.00","3,708.00","3,708.00","3,708.00",,-3.64%
14/07/21,"3,848.00","3,848.00","3,848.00","3,848.00",,-3.07%
13/07/21,"3,970.00","3,970.00","3,970.00","3,970.00",,-2.46%
12/07/21,"4,070.00","4,070.00","4,070.00","4,070.00",,-0.76%
09/07/21,"4,101.00","4,101.00","4,101.00","4,101.00",,-0.65%
08/07/21,"4,128.00","4,128.00","4,128.00","4,128.00",,-0.53%
07/07/21,"4,150.00","4,150.00","4,150.00","4,150.00",,-0.24%
06/07/21,"4,160.00","4,160.00","4,160.00","4,160.00",,-1.91%
05/07/21,"4,241.00","4,241.00","4,241.00","4,241.00",,-0.66%
02/07/21,"4,269.00","4,269.00","4,269.00","4,269.00",,0.76%
01/07/21,"4,237.00","4,237.00","4,237.00","4,237.00",,2.86%
30/06/21,"4,119.00","4,119.00","4,119.00","4,119.00",,2.72%
29/06/21,"4,010.00","4,010.00","4,010.00","4,010.00",,4.78%
28/06/21,"3,827.00","3,827.00","3,827.00","3,827.00",,5.08%
25/06/21,"3,642.00","3,642.00","3,642.00","3,642.00",,3.61%
24/06/21,"3,515.00","3,515.00","3,515.00","3,515.00",,2.84%
23/06/21,"3,418.00","3,418.00","3,418.00","3,418.00",,-0.41%
22/06/21,"3,432.00","3,432.00","3,432.00","3,432.00",,-2.08%
21/06/21,"3,505.00","3,505.00","3,505.00","3,505.00",,-1.10%
18/06/21,"3,544.00","3,544.00","3,544.00","3,544.00",,-0.39%
17/06/21,"3,558.00","3,558.00","3,558.00","3,558.00",,1.11%
16/06/21,"3,519.00","3,519.00","3,519.00","3,519.00",,3.29%
15/06/21,"3,407.00","3,407.00","3,407.00","3,407.00",,1.91%
14/06/21,"3,343.00","3,343.00","3,343.00","3,343.00",,1.24%
11/06/21,"3,302.00","3,302.00","3,302.00","3,302.00",,3.06%
10/06/21,"3,204.00","3,204.00","3,204.00","3,204.00",,4.54%
09/06/21,"3,065.00","3,065.00","3,065.00","3,065.00",,2.41%
08/06/21,"2,993.00","2,993.00","2,993.00","2,993.00",,1.32%
07/06/21,"2,954.00","2,954.00","2,954.00","2,954.00",,0.72%
04/06/21,"2,933.00","2,933.00","2,933.00","2,933.00",,1.28%
03/06/21,"2,896.00","2,896.00","2,896.00","2,896.00",,1.44%
02/06/21,"2,855.00","2,855.00","2,855.00","2,855.00",,1.93%
01/06/21,"2,801.00","2,801.00","2,801.00","2,801.00",,1.49%
28/05/21,"2,760.00","2,760.00","2,760.00","2,760.00",,0.91%
27/05/21,"2,735.00","2,735.00","2,735.00","2,735.00",,-1.16%
26/05/21,"2,767.00","2,767.00","2,767.00","2,767.00",,-1.50%
25/05/21,"2,809.00","2,809.00","2,809.00","2,809.00",,-1.09%
24/05/21,"2,840.00","2,840.00","2,840.00","2,840.00",,-0.53%
21/05/21,"2,855.00","2,855.00","2,855.00","2,855.00",,-0.52%
20/05/21,"2,870.00","2,870.00","2,870.00","2,870.00",,0.46%
19/05/21,"2,857.00","2,857.00","2,857.00","2,857.00",,0.11%
18/05/21,"2,854.00","2,854.00","2,854.00","2,854.00",,-1.89%
17/05/21,"2,909.00","2,909.00","2,909.00","2,909.00",,-1.76%
14/05/21,"2,961.00","2,961.00","2,961.00","2,961.00",,-1.86%
13/05/21,"3,017.00","3,017.00","3,017.00","3,017.00",,-1.63%
12/05/21,"3,067.00","3,067.00","3,067.00","3,067.00",,-0.49%
11/05/21,"3,082.00","3,082.00","3,082.00","3,082.00",,2.26%
10/05/21,"3,014.00","3,014.00","3,014.00","3,014.00",,2.00%
07/05/21,"2,955.00","2,955.00","2,955.00","2,955.00",,1.58%
06/05/21,"2,909.00","2,909.00","2,909.00","2,909.00",,2.14%
05/05/21,"2,848.00","2,848.00","2,848.00","2,848.00",,4.55%
04/05/21,"2,724.00","2,724.00","2,724.00","2,724.00",,1.95%
30/04/21,"2,672.00","2,672.00","2,672.00","2,672.00",,1.10%
29/04/21,"2,643.00","2,643.00","2,643.00","2,643.00",,2.28%
28/04/21,"2,584.00","2,584.00","2,584.00","2,584.00",,1.33%
27/04/21,"2,550.00","2,550.00","2,550.00","2,550.00",,-1.39%
26/04/21,"2,586.00","2,586.00","2,586.00","2,586.00",,-1.67%
23/04/21,"2,630.00","2,630.00","2,630.00","2,630.00",,-2.08%
22/04/21,"2,686.00","2,686.00","2,686.00","2,686.00",,-0.15%
21/04/21,"2,690.00","2,690.00","2,690.00","2,690.00",,5.20%
20/04/21,"2,557.00","2,557.00","2,557.00","2,557.00",,4.75%
19/04/21,"2,441.00","2,441.00","2,441.00","2,441.00",,4.01%
16/04/21,"2,347.00","2,347.00","2,347.00","2,347.00",,5.06%
15/04/21,"2,234.00","2,234.00","2,234.00","2,234.00",,10.76%
14/04/21,"2,017.00","2,017.00","2,017.00","2,017.00",,6.27%
13/04/21,"1,898.00","1,898.00","1,898.00","1,898.00",,-1.56%
12/04/21,"1,928.00","1,928.00","1,928.00","1,928.00",,-3.74%
09/04/21,"2,003.00","2,003.00","2,003.00","2,003.00",,-7.27%
08/04/21,"2,160.00","2,160.00","2,160.00","2,160.00",,-8.40%
07/04/21,"2,358.00","2,358.00","2,358.00","2,358.00",,-3.00%
06/04/21,"2,431.00","2,431.00","2,431.00","2,431.00",,-2.13%
01/04/21,"2,484.00","2,484.00","2,484.00","2,484.00",,-3.57%
31/03/21,"2,576.00","2,576.00","2,576.00","2,576.00",,-5.40%
30/03/21,"2,723.00","2,723.00","2,723.00","2,723.00",,-3.17%
29/03/21,"2,812.00","2,812.00","2,812.00","2,812.00",,-0.53%
26/03/21,"2,827.00","2,827.00","2,827.00","2,827.00",,-0.25%
25/03/21,"2,834.00","2,834.00","2,834.00","2,834.00",,-0.84%
24/03/21,"2,858.00","2,858.00","2,858.00","2,858.00",,-4.19%
23/03/21,"2,983.00","2,983.00","2,983.00","2,983.00",,-2.45%
22/03/21,"3,058.00","3,058.00","3,058.00","3,058.00",,2.79%
19/03/21,"2,975.00","2,975.00","2,975.00","2,975.00",,5.42%
18/03/21,"2,822.00","2,822.00","2,822.00","2,822.00",,9.25%
17/03/21,"2,583.00","2,583.00","2,583.00","2,583.00",,8.90%
16/03/21,"2,372.00","2,372.00","2,372.00","2,372.00",,4.40%
15/03/21,"2,272.00","2,272.00","2,272.00","2,272.00",,1.34%
12/03/21,"2,242.00","2,242.00","2,242.00","2,242.00",,1.13%
11/03/21,"2,217.00","2,217.00","2,217.00","2,217.00",,-0.05%
10/03/21,"2,218.00","2,218.00","2,218.00","2,218.00",,-0.89%
09/03/21,"2,238.00","2,238.00","2,238.00","2,238.00",,-0.89%
08/03/21,"2,258.00","2,258.00","2,258.00","2,258.00",,0.76%
05/03/21,"2,241.00","2,241.00","2,241.00","2,241.00",,1.31%
04/03/21,"2,212.00","2,212.00","2,212.00","2,212.00",,2.36%
03/03/21,"2,161.00","2,161.00","2,161.00","2,161.00",,2.90%
02/03/21,"2,100.00","2,100.00","2,100.00","2,100.00",,0.67%
01/03/21,"2,086.00","2,086.00","2,086.00","2,086.00",,-2.52%
26/02/21,"2,140.00","2,140.00","2,140.00","2,140.00",,-3.08%
25/02/21,"2,208.00","2,208.00","2,208.00","2,208.00",,-2.99%
24/02/21,"2,276.00","2,276.00","2,276.00","2,276.00",,-1.30%
23/02/21,"2,306.00","2,306.00","2,306.00","2,306.00",,-0.65%
22/02/21,"2,321.00","2,321.00","2,321.00","2,321.00",,-0.47%
19/02/21,"2,332.00","2,332.00","2,332.00","2,332.00",,-5.63%
18/02/21,"2,471.00","2,471.00","2,471.00","2,471.00",,-1.87%
17/02/21,"2,518.00","2,518.00","2,518.00","2,518.00",,15.93%
16/02/21,"2,172.00","2,172.00","2,172.00","2,172.00",,8.76%
15/02/21,"1,997.00","1,997.00","1,997.00","1,997.00",,2.73%
12/02/21,"1,944.00","1,944.00","1,944.00","1,944.00",,3.90%
11/02/21,"1,871.00","1,871.00","1,871.00","1,871.00",,4.12%
10/02/21,"1,797.00","1,797.00","1,797.00","1,797.00",,3.28%
09/02/21,"1,740.00","1,740.00","1,740.00","1,740.00",,3.02%
08/02/21,"1,689.00","1,689.00","1,689.00","1,689.00",,1.62%
05/02/21,"1,662.00","1,662.00","1,662.00","1,662.00",,2.03%
04/02/21,"1,629.00","1,629.00","1,629.00","1,629.00",,0.37%
03/02/21,"1,623.00","1,623.00","1,623.00","1,623.00",,-0.06%
02/02/21,"1,624.00","1,624.00","1,624.00","1,624.00",,-0.37%
01/02/21,"1,630.00","1,630.00","1,630.00","1,630.00",,-0.18%
29/01/21,"1,633.00","1,633.00","1,633.00","1,633.00",,0.12%
28/01/21,"1,631.00","1,631.00","1,631.00","1,631.00",,-0.85%
27/01/21,"1,645.00","1,645.00","1,645.00","1,645.00",,-0.90%
26/01/21,"1,660.00","1,660.00","1,660.00","1,660.00",,-0.30%
25/01/21,"1,665.00","1,665.00","1,665.00","1,665.00",,0.36%
22/01/21,"1,659.00","1,659.00","1,659.00","1,659.00",,1.22%
21/01/21,"1,639.00","1,639.00","1,639.00","1,639.00",,1.36%
20/01/21,"1,617.00","1,617.00","1,617.00","1,617.00",,0.31%
19/01/21,"1,612.00","1,612.00","1,612.00","1,612.00",,-0.37%
18/01/21,"1,618.00","1,618.00","1,618.00","1,618.00",,0.12%
15/01/21,"1,616.00","1,616.00","1,616.00","1,616.00",,-0.12%
14/01/21,"1,618.00","1,618.00","1,618.00","1,618.00",,-1.64%
13/01/21,"1,645.00","1,645.00","1,645.00","1,645.00",,0.00%
12/01/21,"1,645.00","1,645.00","1,645.00","1,645.00",,1.54%
11/01/21,"1,620.00","1,620.00","1,620.00","1,620.00",,3.91%
08/01/21,"1,559.00","1,559.00","1,559.00","1,559.00",,3.66%
07/01/21,"1,504.00","1,504.00","1,504.00","1,504.00",,2.80%
06/01/21,"1,463.00","1,463.00","1,463.00","1,463.00",,2.88%
05/01/21,"1,422.00","1,422.00","1,422.00","1,422.00",,4.25%
04/01/21,"1,364.00","1,364.00","1,364.00","1,364.00",,2.94%
24/12/20,"1,325.00","1,325.00","1,325.00","1,325.00",,-0.60%
23/12/20,"1,333.00","1,333.00","1,333.00","1,333.00",,-1.41%
22/12/20,"1,352.00","1,352.00","1,352.00","1,352.00",,-1.82%
21/12/20,"1,377.00","1,377.00","1,377.00","1,377.00",,-1.78%
18/12/20,"1,402.00","1,402.00","1,402.00","1,402.00",,-2.16%
17/12/20,"1,433.00","1,433.00","1,433.00","1,433.00",,-2.25%
16/12/20,"1,466.00","1,466.00","1,466.00","1,466.00",,-1.68%
15/12/20,"1,491.00","1,491.00","1,491.00","1,491.00",,0.40%
14/12/20,"1,485.00","1,485.00","1,485.00","1,485.00",,1.37%
11/12/20,"1,465.00","1,465.00","1,465.00","1,465.00",,2.66%
10/12/20,"1,427.00","1,427.00","1,427.00","1,427.00",,2.81%
09/12/20,"1,388.00","1,388.00","1,388.00","1,388.00",,3.27%
08/12/20,"1,344.00","1,344.00","1,344.00","1,344.00",,1.43%
07/12/20,"1,325.00","1,325.00","1,325.00","1,325.00",,-0.45%
04/12/20,"1,331.00","1,331.00","1,331.00","1,331.00",,-1.04%
03/12/20,"1,345.00","1,345.00","1,345.00","1,345.00",,-2.47%
02/12/20,"1,379.00","1,379.00","1,379.00","1,379.00",,-2.20%
01/12/20,"1,410.00","1,410.00","1,410.00","1,410.00",,-1.19%
30/11/20,"1,427.00","1,427.00","1,427.00","1,427.00",,-0.14%
27/11/20,"1,429.00","1,429.00","1,429.00","1,429.00",,0.21%
26/11/20,"1,426.00","1,426.00","1,426.00","1,426.00",,0.92%
25/11/20,"1,413.00","1,413.00","1,413.00","1,413.00",,1.07%
24/11/20,"1,398.00","1,398.00","1,398.00","1,398.00",,1.01%
23/11/20,"1,384.00","1,384.00","1,384.00","1,384.00",,2.29%
20/11/20,"1,353.00","1,353.00","1,353.00","1,353.00",,2.04%
19/11/20,"1,326.00","1,326.00","1,326.00","1,326.00",,2.71%
18/11/20,"1,291.00","1,291.00","1,291.00","1,291.00",,3.12%
17/11/20,"1,252.00","1,252.00","1,252.00","1,252.00",,3.13%
16/11/20,"1,214.00","1,214.00","1,214.00","1,214.00",,1.34%
13/11/20,"1,198.00","1,198.00","1,198.00","1,198.00",,1.78%
12/11/20,"1,177.00","1,177.00","1,177.00","1,177.00",,1.03%
11/11/20,"1,165.00","1,165.00","1,165.00","1,165.00",,-0.43%
10/11/20,"1,170.00","1,170.00","1,170.00","1,170.00",,-0.93%
09/11/20,"1,181.00","1,181.00","1,181.00","1,181.00",,-0.76%
06/11/20,"1,190.00","1,190.00","1,190.00","1,190.00",,-1.57%
05/11/20,"1,209.00","1,209.00","1,209.00","1,209.00",,-1.79%
04/11/20,"1,231.00","1,231.00","1,231.00","1,231.00",,-1.52%
03/11/20,"1,250.00","1,250.00","1,250.00","1,250.00",,-1.96%
02/11/20,"1,275.00","1,275.00","1,275.00","1,275.00",,-1.09%
30/10/20,"1,289.00","1,289.00","1,289.00","1,289.00",,-0.62%
29/10/20,"1,297.00","1,297.00","1,297.00","1,297.00",,-0.23%
28/10/20,"1,300.00","1,300.00","1,300.00","1,300.00",,0.39%
27/10/20,"1,295.00","1,295.00","1,295.00","1,295.00",,0.31%
26/10/20,"1,291.00","1,291.00","1,291.00","1,291.00",,1.33%
23/10/20,"1,274.00","1,274.00","1,274.00","1,274.00",,1.51%
22/10/20,"1,255.00","1,255.00","1,255.00","1,255.00",,-0.16%
21/10/20,"1,257.00","1,257.00","1,257.00","1,257.00",,-1.26%
20/10/20,"1,273.00","1,273.00","1,273.00","1,273.00",,-1.93%
19/10/20,"1,298.00","1,298.00","1,298.00","1,298.00",,-1.89%
16/10/20,"1,323.00","1,323.00","1,323.00","1,323.00",,-3.08%
15/10/20,"1,365.00","1,365.00","1,365.00","1,365.00",,-3.40%
14/10/20,"1,413.00","1,413.00","1,413.00","1,413.00",,-1.60%
13/10/20,"1,436.00","1,436.00","1,436.00","1,436.00",,-0.49%
12/10/20,"1,443.00","1,443.00","1,443.00","1,443.00",,0.28%
09/10/20,"1,439.00","1,439.00","1,439.00","1,439.00",,0.77%
08/10/20,"1,428.00","1,428.00","1,428.00","1,428.00",,1.28%
07/10/20,"1,410.00","1,410.00","1,410.00","1,410.00",,1.15%
06/10/20,"1,394.00","1,394.00","1,394.00","1,394.00",,0.80%
05/10/20,"1,383.00","1,383.00","1,383.00","1,383.00",,0.73%
02/10/20,"1,373.00","1,373.00","1,373.00","1,373.00",,0.66%
01/10/20,"1,364.00","1,364.00","1,364.00","1,364.00",,-0.73%
30/09/20,"1,374.00","1,374.00","1,374.00","1,374.00",,-1.22%
29/09/20,"1,391.00","1,391.00","1,391.00","1,391.00",,0.07%
28/09/20,"1,390.00","1,390.00","1,390.00","1,390.00",,0.72%
25/09/20,"1,380.00","1,380.00","1,380.00","1,380.00",,1.40%
24/09/20,"1,361.00","1,361.00","1,361.00","1,361.00",,1.64%
23/09/20,"1,339.00","1,339.00","1,339.00","1,339.00",,0.98%
22/09/20,"1,326.00","1,326.00","1,326.00","1,326.00",,0.38%
21/09/20,"1,321.00","1,321.00","1,321.00","1,321.00",,0.46%
18/09/20,"1,315.00","1,315.00","1,315.00","1,315.00",,0.77%
17/09/20,"1,305.00","1,305.00","1,305.00","1,305.00",,0.46%
16/09/20,"1,299.00","1,299.00","1,299.00","1,299.00",,0.23%
15/09/20,"1,296.00","1,296.00","1,296.00","1,296.00",,-0.31%
14/09/20,"1,300.00","1,300.00","1,300.00","1,300.00",,-0.99%
11/09/20,"1,313.00","1,313.00","1,313.00","1,313.00",,-1.80%
10/09/20,"1,337.00","1,337.00","1,337.00","1,337.00",,-2.41%
09/09/20,"1,370.00","1,370.00","1,370.00","1,370.00",,-3.11%
08/09/20,"1,414.00","1,414.00","1,414.00","1,414.00",,-2.42%
07/09/20,"1,449.00","1,449.00","1,449.00","1,449.00",,-1.63%
04/09/20,"1,473.00","1,473.00","1,473.00","1,473.00",,-2.77%
03/09/20,"1,515.00","1,515.00","1,515.00","1,515.00",,-3.38%
02/09/20,"1,568.00","1,568.00","1,568.00","1,568.00",,-2.24%
01/09/20,"1,604.00","1,604.00","1,604.00","1,604.00",,-0.80%
28/08/20,"1,617.00","1,617.00","1,617.00","1,617.00",,-0.12%
27/08/20,"1,619.00","1,619.00","1,619.00","1,619.00",,0.19%
26/08/20,"1,616.00","1,616.00","1,616.00","1,616.00",,-0.80%
25/08/20,"1,629.00","1,629.00","1,629.00","1,629.00",,-0.18%
24/08/20,"1,632.00","1,632.00","1,632.00","1,632.00",,-1.27%
21/08/20,"1,653.00","1,653.00","1,653.00","1,653.00",,-2.76%
20/08/20,"1,700.00","1,700.00","1,700.00","1,700.00",,-3.24%
19/08/20,"1,757.00","1,757.00","1,757.00","1,757.00",,-2.28%
18/08/20,"1,798.00","1,798.00","1,798.00","1,798.00",,-1.15%
17/08/20,"1,819.00","1,819.00","1,819.00","1,819.00",,-0.27%
14/08/20,"1,824.00","1,824.00","1,824.00","1,824.00",,1.50%
13/08/20,"1,797.00","1,797.00","1,797.00","1,797.00",,2.86%
12/08/20,"1,747.00","1,747.00","1,747.00","1,747.00",,4.55%
11/08/20,"1,671.00","1,671.00","1,671.00","1,671.00",,4.44%
10/08/20,"1,600.00","1,600.00","1,600.00","1,600.00",,2.37%
07/08/20,"1,563.00","1,563.00","1,563.00","1,563.00",,4.62%
06/08/20,"1,494.00","1,494.00","1,494.00","1,494.00",,5.96%
05/08/20,"1,410.00","1,410.00","1,410.00","1,410.00",,7.14%
04/08/20,"1,316.00","1,316.00","1,316.00","1,316.00",,4.94%
03/08/20,"1,254.00","1,254.00","1,254.00","1,254.00",,2.20%
31/07/20,"1,227.00","1,227.00","1,227.00","1,227.00",,2.00%
30/07/20,"1,203.00","1,203.00","1,203.00","1,203.00",,3.17%
29/07/20,"1,166.00","1,166.00","1,166.00","1,166.00",,2.64%
28/07/20,"1,136.00","1,136.00","1,136.00","1,136.00",,-2.15%
27/07/20,"1,161.00","1,161.00","1,161.00","1,161.00",,-3.09%
24/07/20,"1,198.00","1,198.00","1,198.00","1,198.00",,-5.15%
23/07/20,"1,263.00","1,263.00","1,263.00","1,263.00",,-5.39%
22/07/20,"1,335.00","1,335.00","1,335.00","1,335.00",,-5.65%
21/07/20,"1,415.00","1,415.00","1,415.00","1,415.00",,-3.41%
20/07/20,"1,465.00","1,465.00","1,465.00","1,465.00",,-2.59%
17/07/20,"1,504.00","1,504.00","1,504.00","1,504.00",,-2.59%
16/07/20,"1,544.00","1,544.00","1,544.00","1,544.00",,-2.22%
15/07/20,"1,579.00","1,579.00","1,579.00","1,579.00",,-1.13%
14/07/20,"1,597.00","1,597.00","1,597.00","1,597.00",,0.00%
13/07/20,"1,597.00","1,597.00","1,597.00","1,597.00",,0.63%
10/07/20,"1,587.00","1,587.00","1,587.00","1,587.00",,1.93%
09/07/20,"1,557.00","1,557.00","1,557.00","1,557.00",,2.64%
08/07/20,"1,517.00","1,517.00","1,517.00","1,517.00",,4.12%
07/07/20,"1,457.00","1,457.00","1,457.00","1,457.00",,5.89%
06/07/20,"1,376.00","1,376.00","1,376.00","1,376.00",,4.56%
03/07/20,"1,316.00","1,316.00","1,316.00","1,316.00",,4.69%
02/07/20,"1,257.00","1,257.00","1,257.00","1,257.00",,0.16%
01/07/20,"1,255.00","1,255.00","1,255.00","1,255.00",,-0.16%
30/06/20,"1,257.00","1,257.00","1,257.00","1,257.00",,0.08%
29/06/20,"1,256.00","1,256.00","1,256.00","1,256.00",,0.00%
26/06/20,"1,256.00","1,256.00","1,256.00","1,256.00",,0.24%
25/06/20,"1,253.00","1,253.00","1,253.00","1,253.00",,0.64%
24/06/20,"1,245.00","1,245.00","1,245.00","1,245.00",,1.88%
23/06/20,"1,222.00","1,222.00","1,222.00","1,222.00",,1.50%
22/06/20,"1,204.00","1,204.00","1,204.00","1,204.00",,2.21%
19/06/20,"1,178.00","1,178.00","1,178.00","1,178.00",,5.46%
18/06/20,"1,117.00","1,117.00","1,117.00","1,117.00",,9.62%
17/06/20,"1,019.00","1,019.00","1,019.00","1,019.00",,7.38%
16/06/20,949,949,949,949,,7.35%
15/06/20,884,884,884,884,,3.76%
12/06/20,852,852,852,852,,3.78%
11/06/20,821,821,821,821,,3.14%
10/06/20,796,796,796,796,,-0.38%
09/06/20,799,799,799,799,,-1.24%
08/06/20,809,809,809,809,,-0.61%
05/06/20,814,814,814,814,,-0.12%
04/06/20,815,815,815,815,,0.74%
03/06/20,809,809,809,809,,1.76%
02/06/20,795,795,795,795,,2.32%
01/06/20,777,777,777,777,,3.05%
29/05/20,754,754,754,754,,4.72%
28/05/20,720,720,720,720,,4.50%
27/05/20,689,689,689,689,,5.03%
26/05/20,656,656,656,656,,3.31%
22/05/20,635,635,635,635,,1.93%
21/05/20,623,623,623,623,,2.64%
20/05/20,607,607,607,607,,1.34%
19/05/20,599,599,599,599,,0.00%
18/05/20,599,599,599,599,,-0.66%
15/05/20,603,603,603,603,,-1.79%
14/05/20,614,614,614,614,,-2.23%
13/05/20,628,628,628,628,,-2.64%
12/05/20,645,645,645,645,,-1.98%
11/05/20,658,658,658,658,,-1.35%
07/05/20,667,667,667,667,,-1.62%
06/05/20,678,678,678,678,,-2.02%
05/05/20,692,692,692,692,,-1.42%
04/05/20,702,702,702,702,,-0.28%
01/05/20,704,704,704,704,,-0.98%
30/04/20,711,711,711,711,,-1.25%
29/04/20,720,720,720,720,,-1.50%
28/04/20,731,731,731,731,,-1.35%
27/04/20,741,741,741,741,,-0.80%
24/04/20,747,747,747,747,,-1.58%
23/04/20,759,759,759,759,,-2.44%
22/04/20,778,778,778,778,,-3.23%
21/04/20,804,804,804,804,,-2.19%
20/04/20,822,822,822,822,,-0.36%
17/04/20,825,825,825,825,,0.49%
16/04/20,821,821,821,821,,0.12%
15/04/20,820,820,820,820,,0.24%
14/04/20,818,818,818,818,,0.62%
09/04/20,813,813,813,813,,0.99%
08/04/20,805,805,805,805,,0.63%
07/04/20,800,800,800,800,,-0.12%
06/04/20,801,801,801,801,,0.50%
03/04/20,797,797,797,797,,0.63%
02/04/20,792,792,792,792,,1.15%
01/04/20,783,783,783,783,,3.43%
31/03/20,757,757,757,757,,3.42%
30/03/20,732,732,732,732,,0.41%
27/03/20,729,729,729,729,,1.96%
26/03/20,715,715,715,715,,-0.69%
25/03/20,720,720,720,720,,-3.49%
24/03/20,746,746,746,746,,-3.62%
23/03/20,774,774,774,774,,-4.09%
20/03/20,807,807,807,807,,-5.06%
19/03/20,850,850,850,850,,-4.06%
18/03/20,886,886,886,886,,-4.73%
17/03/20,930,930,930,930,,-4.12%
16/03/20,970,970,970,970,,-3.67%
13/03/20,"1,007.00","1,007.00","1,007.00","1,007.00",,-2.71%
12/03/20,"1,035.00","1,035.00","1,035.00","1,035.00",,-2.08%
11/03/20,"1,057.00","1,057.00","1,057.00","1,057.00",,-0.66%
10/03/20,"1,064.00","1,064.00","1,064.00","1,064.00",,-0.28%
09/03/20,"1,067.00","1,067.00","1,067.00","1,067.00",,-0.09%
06/03/20,"1,068.00","1,068.00","1,068.00","1,068.00",,4.09%
05/03/20,"1,026.00","1,026.00","1,026.00","1,026.00",,6.76%
04/03/20,961,961,961,961,,2.78%
03/03/20,935,935,935,935,,2.19%
02/03/20,915,915,915,915,,1.10%
28/02/20,905,905,905,905,,2.14%
27/02/20,886,886,886,886,,3.14%
26/02/20,859,859,859,859,,3.49%
25/02/20,830,830,830,830,,2.34%
24/02/20,811,811,811,811,,3.05%
21/02/20,787,787,787,787,,4.24%
20/02/20,755,755,755,755,,4.57%
19/02/20,722,722,722,722,,4.64%
18/02/20,690,690,690,690,,5.02%
17/02/20,657,657,657,657,,3.30%
14/02/20,636,636,636,636,,3.92%
13/02/20,612,612,612,612,,5.15%
12/02/20,582,582,582,582,,4.49%
11/02/20,557,557,557,557,,2.01%
10/02/20,546,546,546,546,,0.92%
07/02/20,541,541,541,541,,2.08%
06/02/20,530,530,530,530,,1.92%
05/02/20,520,520,520,520,,-1.14%
04/02/20,526,526,526,526,,-3.66%
03/02/20,546,546,546,546,,-4.88%
31/01/20,574,574,574,574,,-3.53%
30/01/20,595,595,595,595,,-5.10%
29/01/20,627,627,627,627,,-3.69%
28/01/20,651,651,651,651,,-3.27%
27/01/20,673,673,673,673,,-2.60%
24/01/20,691,691,691,691,,-3.22%
23/01/20,714,714,714,714,,-6.05%
22/01/20,760,760,760,760,,-7.77%
21/01/20,824,824,824,824,,-4.85%
20/01/20,866,866,866,866,,-0.46%
17/01/20,870,870,870,870,,1.28%
16/01/20,859,859,859,859,,4.12%
15/01/20,825,825,825,825,,7.56%
14/01/20,767,767,767,767,,1.05%
13/01/20,759,759,759,759,,-1.56%
10/01/20,771,771,771,771,,-1.78%
09/01/20,785,785,785,785,,-2.24%
08/01/20,803,803,803,803,,-4.97%
07/01/20,845,845,845,845,,-5.06%
06/01/20,890,890,890,890,,-6.22%
03/01/20,949,949,949,949,,-5.38%
02/01/20,"1,003.00","1,003.00","1,003.00","1,003.00",,-10.21%
24/12/19,"1,117.00","1,117.00","1,117.00","1,117.00",,-3.21%
23/12/19,"1,154.00","1,154.00","1,154.00","1,154.00",,-3.91%
20/12/19,"1,201.00","1,201.00","1,201.00","1,201.00",,-5.06%
19/12/19,"1,265.00","1,265.00","1,265.00","1,265.00",,-5.60%
18/12/19,"1,340.00","1,340.00","1,340.00","1,340.00",,-5.70%
17/12/19,"1,421.00","1,421.00","1,421.00","1,421.00",,-3.00%
16/12/19,"1,465.00","1,465.00","1,465.00","1,465.00",,-0.14%
13/12/19,"1,467.00","1,467.00","1,467.00","1,467.00",,0.55%
12/12/19,"1,459.00","1,459.00","1,459.00","1,459.00",,1.11%
11/12/19,"1,443.00","1,443.00","1,443.00","1,443.00",,3.44%
10/12/19,"1,395.00","1,395.00","1,395.00","1,395.00",,2.65%
09/12/19,"1,359.00","1,359.00","1,359.00","1,359.00",,0.89%
06/12/19,"1,347.00","1,347.00","1,347.00","1,347.00",,0.82%
05/12/19,"1,336.00","1,336.00","1,336.00","1,336.00",,0.75%
04/12/19,"1,326.00","1,326.00","1,326.00","1,326.00",,0.84%
03/12/19,"1,315.00","1,315.00","1,315.00","1,315.00",,2.57%
02/12/19,"1,282.00","1,282.00","1,282.00","1,282.00",,4.65%
29/11/19,"1,225.00","1,225.00","1,225.00","1,225.00",,4.97%
28/11/19,"1,167.00","1,167.00","1,167.00","1,167.00",,4.10%
27/11/19,"1,121.00","1,121.00","1,121.00","1,121.00",,0.90%
26/11/19,"1,111.00","1,111.00","1,111.00","1,111.00",,-0.71%
25/11/19,"1,119.00","1,119.00","1,119.00","1,119.00",,-0.89%
22/11/19,"1,129.00","1,129.00","1,129.00","1,129.00",,0.00%
21/11/19,"1,129.00","1,129.00","1,129.00","1,129.00",,0.18%
20/11/19,"1,127.00","1,127.00","1,127.00","1,127.00",,0.99%
19/11/19,"1,116.00","1,116.00","1,116.00","1,116.00",,0.36%
18/11/19,"1,112.00","1,112.00","1,112.00","1,112.00",,-0.54%
15/11/19,"1,118.00","1,118.00","1,118.00","1,118.00",,-1.67%
14/11/19,"1,137.00","1,137.00","1,137.00","1,137.00",,-2.82%
13/11/19,"1,170.00","1,170.00","1,170.00","1,170.00",,-3.07%
12/11/19,"1,207.00","1,207.00","1,207.00","1,207.00",,-3.13%
11/11/19,"1,246.00","1,246.00","1,246.00","1,246.00",,-3.41%
08/11/19,"1,290.00","1,290.00","1,290.00","1,290.00",,-3.73%
07/11/19,"1,340.00","1,340.00","1,340.00","1,340.00",,-3.25%
06/11/19,"1,385.00","1,385.00","1,385.00","1,385.00",,-3.55%
05/11/19,"1,436.00","1,436.00","1,436.00","1,436.00",,-2.78%
04/11/19,"1,477.00","1,477.00","1,477.00","1,477.00",,-2.38%
01/11/19,"1,513.00","1,513.00","1,513.00","1,513.00",,-1.94%
31/10/19,"1,543.00","1,543.00","1,543.00","1,543.00",,-1.97%
30/10/19,"1,574.00","1,574.00","1,574.00","1,574.00",,-2.11%
29/10/19,"1,608.00","1,608.00","1,608.00","1,608.00",,-2.31%
28/10/19,"1,646.00","1,646.00","1,646.00","1,646.00",,-2.89%
25/10/19,"1,695.00","1,695.00","1,695.00","1,695.00",,-3.03%
24/10/19,"1,748.00","1,748.00","1,748.00","1,748.00",,-1.24%
23/10/19,"1,770.00","1,770.00","1,770.00","1,770.00",,-1.39%
22/10/19,"1,795.00","1,795.00","1,795.00","1,795.00",,-1.32%
21/10/19,"1,819.00","1,819.00","1,819.00","1,819.00",,-1.14%
18/10/19,"1,840.00","1,840.00","1,840.00","1,840.00",,-1.13%
17/10/19,"1,861.00","1,861.00","1,861.00","1,861.00",,-1.43%
16/10/19,"1,888.00","1,888.00","1,888.00","1,888.00",,-1.56%
15/10/19,"1,918.00","1,918.00","1,918.00","1,918.00",,-0.52%
14/10/19,"1,928.00","1,928.00","1,928.00","1,928.00",,0.63%
11/10/19,"1,916.00","1,916.00","1,916.00","1,916.00",,0.90%
10/10/19,"1,899.00","1,899.00","1,899.00","1,899.00",,2.54%
09/10/19,"1,852.00","1,852.00","1,852.00","1,852.00",,2.66%
08/10/19,"1,804.00","1,804.00","1,804.00","1,804.00",,3.20%
07/10/19,"1,748.00","1,748.00","1,748.00","1,748.00",,0.98%
04/10/19,"1,731.00","1,731.00","1,731.00","1,731.00",,0.52%
03/10/19,"1,722.00","1,722.00","1,722.00","1,722.00",,-0.17%
02/10/19,"1,725.00","1,725.00","1,725.00","1,725.00",,-1.15%
01/10/19,"1,745.00","1,745.00","1,745.00","1,745.00",,-1.19%
30/09/19,"1,766.00","1,766.00","1,766.00","1,766.00",,-2.11%
27/09/19,"1,804.00","1,804.00","1,804.00","1,804.00",,-2.28%
26/09/19,"1,846.00","1,846.00","1,846.00","1,846.00",,-2.84%
25/09/19,"1,900.00","1,900.00","1,900.00","1,900.00",,-2.01%
24/09/19,"1,939.00","1,939.00","1,939.00","1,939.00",,-1.97%
23/09/19,"1,978.00","1,978.00","1,978.00","1,978.00",,-1.74%
20/09/19,"2,013.00","2,013.00","2,013.00","2,013.00",,-1.90%
19/09/19,"2,052.00","2,052.00","2,052.00","2,052.00",,-1.77%
18/09/19,"2,089.00","2,089.00","2,089.00","2,089.00",,-1.51%
17/09/19,"2,121.00","2,121.00","2,121.00","2,121.00",,-0.56%
16/09/19,"2,133.00","2,133.00","2,133.00","2,133.00",,0.00%
13/09/19,"2,133.00","2,133.00","2,133.00","2,133.00",,0.19%
12/09/19,"2,129.00","2,129.00","2,129.00","2,129.00",,-0.70%
11/09/19,"2,144.00","2,144.00","2,144.00","2,144.00",,-0.79%
10/09/19,"2,161.00","2,161.00","2,161.00","2,161.00",,-1.37%
09/09/19,"2,191.00","2,191.00","2,191.00","2,191.00",,-1.13%
06/09/19,"2,216.00","2,216.00","2,216.00","2,216.00",,-0.81%
05/09/19,"2,234.00","2,234.00","2,234.00","2,234.00",,-0.71%
04/09/19,"2,250.00","2,250.00","2,250.00","2,250.00",,-0.49%
03/09/19,"2,261.00","2,261.00","2,261.00","2,261.00",,-0.04%
02/09/19,"2,262.00","2,262.00","2,262.00","2,262.00",,0.09%
30/08/19,"2,260.00","2,260.00","2,260.00","2,260.00",,0.49%
29/08/19,"2,249.00","2,249.00","2,249.00","2,249.00",,0.63%
28/08/19,"2,235.00","2,235.00","2,235.00","2,235.00",,0.77%
27/08/19,"2,218.00","2,218.00","2,218.00","2,218.00",,1.00%
23/08/19,"2,196.00","2,196.00","2,196.00","2,196.00",,0.69%
22/08/19,"2,181.00","2,181.00","2,181.00","2,181.00",,0.83%
21/08/19,"2,163.00","2,163.00","2,163.00","2,163.00",,0.09%
20/08/19,"2,161.00","2,161.00","2,161.00","2,161.00",,-0.60%
19/08/19,"2,174.00","2,174.00","2,174.00","2,174.00",,0.23%
16/08/19,"2,169.00","2,169.00","2,169.00","2,169.00",,0.88%
15/08/19,"2,150.00","2,150.00","2,150.00","2,150.00",,2.92%
14/08/19,"2,089.00","2,089.00","2,089.00","2,089.00",,4.50%
13/08/19,"1,999.00","1,999.00","1,999.00","1,999.00",,3.47%
12/08/19,"1,932.00","1,932.00","1,932.00","1,932.00",,1.79%
09/08/19,"1,898.00","1,898.00","1,898.00","1,898.00",,3.21%
08/08/19,"1,839.00","1,839.00","1,839.00","1,839.00",,2.68%
07/08/19,"1,791.00","1,791.00","1,791.00","1,791.00",,1.82%
06/08/19,"1,759.00","1,759.00","1,759.00","1,759.00",,0.34%
05/08/19,"1,753.00","1,753.00","1,753.00","1,753.00",,-1.46%
02/08/19,"1,779.00","1,779.00","1,779.00","1,779.00",,-2.15%
01/08/19,"1,818.00","1,818.00","1,818.00","1,818.00",,-3.86%
31/07/19,"1,891.00","1,891.00","1,891.00","1,891.00",,-3.96%
30/07/19,"1,969.00","1,969.00","1,969.00","1,969.00",,-3.95%
29/07/19,"2,050.00","2,050.00","2,050.00","2,050.00",,-2.80%
26/07/19,"2,109.00","2,109.00","2,109.00","2,109.00",,-3.26%
25/07/19,"2,180.00","2,180.00","2,180.00","2,180.00",,-1.31%
24/07/19,"2,209.00","2,209.00","2,209.00","2,209.00",,-0.45%
23/07/19,"2,219.00","2,219.00","2,219.00","2,219.00",,0.82%
22/07/19,"2,201.00","2,201.00","2,201.00","2,201.00",,1.43%
19/07/19,"2,170.00","2,170.00","2,170.00","2,170.00",,1.69%
18/07/19,"2,134.00","2,134.00","2,134.00","2,134.00",,2.35%
17/07/19,"2,085.00","2,085.00","2,085.00","2,085.00",,1.61%
16/07/19,"2,052.00","2,052.00","2,052.00","2,052.00",,3.01%
15/07/19,"1,992.00","1,992.00","1,992.00","1,992.00",,2.42%
12/07/19,"1,945.00","1,945.00","1,945.00","1,945.00",,3.40%
11/07/19,"1,881.00","1,881.00","1,881.00","1,881.00",,5.03%
10/07/19,"1,791.00","1,791.00","1,791.00","1,791.00",,2.99%
09/07/19,"1,739.00","1,739.00","1,739.00","1,739.00",,2.60%
08/07/19,"1,695.00","1,695.00","1,695.00","1,695.00",,1.80%
05/07/19,"1,665.00","1,665.00","1,665.00","1,665.00",,6.12%
04/07/19,"1,569.00","1,569.00","1,569.00","1,569.00",,9.49%
03/07/19,"1,433.00","1,433.00","1,433.00","1,433.00",,4.60%
02/07/19,"1,370.00","1,370.00","1,370.00","1,370.00",,4.02%
01/07/19,"1,317.00","1,317.00","1,317.00","1,317.00",,2.41%
28/06/19,"1,286.00","1,286.00","1,286.00","1,286.00",,3.46%
27/06/19,"1,243.00","1,243.00","1,243.00","1,243.00",,4.37%
26/06/19,"1,191.00","1,191.00","1,191.00","1,191.00",,3.57%
25/06/19,"1,150.00","1,150.00","1,150.00","1,150.00",,3.51%
24/06/19,"1,111.00","1,111.00","1,111.00","1,111.00",,1.37%
21/06/19,"1,096.00","1,096.00","1,096.00","1,096.00",,-0.45%
20/06/19,"1,101.00","1,101.00","1,101.00","1,101.00",,-0.81%
19/06/19,"1,110.00","1,110.00","1,110.00","1,110.00",,-0.63%
18/06/19,"1,117.00","1,117.00","1,117.00","1,117.00",,-0.71%
17/06/19,"1,125.00","1,125.00","1,125.00","1,125.00",,-0.53%
14/06/19,"1,131.00","1,131.00","1,131.00","1,131.00",,-0.53%
13/06/19,"1,137.00","1,137.00","1,137.00","1,137.00",,-1.04%
12/06/19,"1,149.00","1,149.00","1,149.00","1,149.00",,-1.46%
11/06/19,"1,166.00","1,166.00","1,166.00","1,166.00",,-1.77%
10/06/19,"1,187.00","1,187.00","1,187.00","1,187.00",,-2.14%
07/06/19,"1,213.00","1,213.00","1,213.00","1,213.00",,-2.65%
06/06/19,"1,246.00","1,246.00","1,246.00","1,246.00",,-3.04%
05/06/19,"1,285.00","1,285.00","1,285.00","1,285.00",,-1.46%
04/06/19,"1,304.00","1,304.00","1,304.00","1,304.00",,-1.58%
03/06/19,"1,325.00","1,325.00","1,325.00","1,325.00",,-0.75%
31/05/19,"1,335.00","1,335.00","1,335.00","1,335.00",,-0.37%
30/05/19,"1,340.00","1,340.00","1,340.00","1,340.00",,0.22%
29/05/19,"1,337.00","1,337.00","1,337.00","1,337.00",,1.13%
28/05/19,"1,322.00","1,322.00","1,322.00","1,322.00",,1.38%
24/05/19,"1,304.00","1,304.00","1,304.00","1,304.00",,1.32%
23/05/19,"1,287.00","1,287.00","1,287.00","1,287.00",,1.50%
22/05/19,"1,268.00","1,268.00","1,268.00","1,268.00",,0.79%
21/05/19,"1,258.00","1,258.00","1,258.00","1,258.00",,0.16%
20/05/19,"1,256.00","1,256.00","1,256.00","1,256.00",,0.08%
17/05/19,"1,255.00","1,255.00","1,255.00","1,255.00",,0.24%
16/05/19,"1,252.00","1,252.00","1,252.00","1,252.00",,0.72%
15/05/19,"1,243.00","1,243.00","1,243.00","1,243.00",,1.14%
14/05/19,"1,229.00","1,229.00","1,229.00","1,229.00",,1.49%
13/05/19,"1,211.00","1,211.00","1,211.00","1,211.00",,1.09%
10/05/19,"1,198.00","1,198.00","1,198.00","1,198.00",,0.42%
09/05/19,"1,193.00","1,193.00","1,193.00","1,193.00",,0.42%
08/05/19,"1,188.00","1,188.00","1,188.00","1,188.00",,-0.08%
07/05/19,"1,189.00","1,189.00","1,189.00","1,189.00",,-0.08%
03/05/19,"1,190.00","1,190.00","1,190.00","1,190.00",,0.08%
02/05/19,"1,189.00","1,189.00","1,189.00","1,189.00",,0.17%
01/05/19,"1,187.00","1,187.00","1,187.00","1,187.00",,-0.08%
30/04/19,"1,188.00","1,188.00","1,188.00","1,188.00",,-0.08%
29/04/19,"1,189.00","1,189.00","1,189.00","1,189.00",,0.25%
26/04/19,"1,186.00","1,186.00","1,186.00","1,186.00",,0.34%
25/04/19,"1,182.00","1,182.00","1,182.00","1,182.00",,0.42%
24/04/19,"1,177.00","1,177.00","1,177.00","1,177.00",,0.51%
23/04/19,"1,171.00","1,171.00","1,171.00","1,171.00",,0.77%
18/04/19,"1,162.00","1,162.00","1,162.00","1,162.00",,1.31%
17/04/19,"1,147.00","1,147.00","1,147.00","1,147.00",,2.50%
16/04/19,"1,119.00","1,119.00","1,119.00","1,119.00",,2.47%
15/04/19,"1,092.00","1,092.00","1,092.00","1,092.00",,1.77%
12/04/19,"1,073.00","1,073.00","1,073.00","1,073.00",,0.19%
11/04/19,"1,071.00","1,071.00","1,071.00","1,071.00",,-0.28%
10/04/19,"1,074.00","1,074.00","1,074.00","1,074.00",,-1.01%
09/04/19,"1,085.00","1,085.00","1,085.00","1,085.00",,-1.45%
08/04/19,"1,101.00","1,101.00","1,101.00","1,101.00",,-1.17%
05/04/19,"1,114.00","1,114.00","1,114.00","1,114.00",,-0.89%
04/04/19,"1,124.00","1,124.00","1,124.00","1,124.00",,-0.27%
03/04/19,"1,127.00","1,127.00","1,127.00","1,127.00",,0.63%
02/04/19,"1,120.00","1,120.00","1,120.00","1,120.00",,0.90%
01/04/19,"1,110.00","1,110.00","1,110.00","1,110.00",,0.73%
29/03/19,"1,102.00","1,102.00","1,102.00","1,102.00",,1.38%
28/03/19,"1,087.00","1,087.00","1,087.00","1,087.00",,2.94%
27/03/19,"1,056.00","1,056.00","1,056.00","1,056.00",,0.28%
26/03/19,"1,053.00","1,053.00","1,053.00","1,053.00",,1.64%
25/03/19,"1,036.00","1,036.00","1,036.00","1,036.00",,0.88%
22/03/19,"1,027.00","1,027.00","1,027.00","1,027.00",,1.78%
21/03/19,"1,009.00","1,009.00","1,009.00","1,009.00",,4.89%
20/03/19,962,962,962,962,,4.34%
19/03/19,922,922,922,922,,1.88%
18/03/19,905,905,905,905,,2.49%
15/03/19,883,883,883,883,,4.99%
14/03/19,841,841,841,841,,2.19%
13/03/19,823,823,823,823,,-1.91%
12/03/19,839,839,839,839,,-3.12%
11/03/19,866,866,866,866,,-3.13%
08/03/19,894,894,894,894,,-3.46%
07/03/19,926,926,926,926,,-1.28%
06/03/19,938,938,938,938,,1.52%
05/03/19,924,924,924,924,,2.67%
04/03/19,900,900,900,900,,4.29%
01/03/19,863,863,863,863,,6.15%
28/02/19,813,813,813,813,,8.11%
27/02/19,752,752,752,752,,5.47%
26/02/19,713,713,713,713,,4.09%
25/02/19,685,685,685,685,,2.85%
22/02/19,666,666,666,666,,1.37%
21/02/19,657,657,657,657,,1.23%
20/02/19,649,649,649,649,,1.56%
19/02/19,639,639,639,639,,1.75%
18/02/19,628,628,628,628,,0.64%
15/02/19,624,624,624,624,,0.81%
14/02/19,619,619,619,619,,1.31%
13/02/19,611,611,611,611,,1.83%
12/02/19,600,600,600,600,,2.39%
11/02/19,586,586,586,586,,2.09%
08/02/19,574,574,574,574,,2.32%
07/02/19,561,561,561,561,,1.45%
06/02/19,553,553,553,553,,0.00%
05/02/19,553,553,553,553,,0.18%
04/02/19,552,552,552,552,,-1.43%
01/02/19,560,560,560,560,,-2.44%
31/01/19,574,574,574,574,,-6.21%
30/01/19,612,612,612,612,,-4.97%
29/01/19,644,644,644,644,,-6.26%
28/01/19,687,687,687,687,,-8.16%
25/01/19,748,748,748,748,,-9.66%
24/01/19,828,828,828,828,,-7.28%
23/01/19,893,893,893,893,,-6.00%
22/01/19,950,950,950,950,,-4.14%
21/01/19,991,991,991,991,,-2.65%
18/01/19,"1,018.00","1,018.00","1,018.00","1,018.00",,-2.58%
17/01/19,"1,045.00","1,045.00","1,045.00","1,045.00",,-3.15%
16/01/19,"1,079.00","1,079.00","1,079.00","1,079.00",,-2.26%
15/01/19,"1,104.00","1,104.00","1,104.00","1,104.00",,-1.25%
14/01/19,"1,118.00","1,118.00","1,118.00","1,118.00",,-1.67%
11/01/19,"1,137.00","1,137.00","1,137.00","1,137.00",,-2.82%
10/01/19,"1,170.00","1,170.00","1,170.00","1,170.00",,-3.94%
09/01/19,"1,218.00","1,218.00","1,218.00","1,218.00",,-3.10%
08/01/19,"1,257.00","1,257.00","1,257.00","1,257.00",,-3.31%
07/01/19,"1,300.00","1,300.00","1,300.00","1,300.00",,-2.33%
04/01/19,"1,331.00","1,331.00","1,331.00","1,331.00",,-2.49%
03/01/19,"1,365.00","1,365.00","1,365.00","1,365.00",,-1.87%
02/01/19,"1,391.00","1,391.00","1,391.00","1,391.00",,-2.11%
24/12/18,"1,421.00","1,421.00","1,421.00","1,421.00",,-1.11%
21/12/18,"1,437.00","1,437.00","1,437.00","1,437.00",,-2.44%
20/12/18,"1,473.00","1,473.00","1,473.00","1,473.00",,-1.27%
19/12/18,"1,492.00","1,492.00","1,492.00","1,492.00",,-0.13%
18/12/18,"1,494.00","1,494.00","1,494.00","1,494.00",,0.27%
17/12/18,"1,490.00","1,490.00","1,490.00","1,490.00",,0.81%
14/12/18,"1,478.00","1,478.00","1,478.00","1,478.00",,1.30%
13/12/18,"1,459.00","1,459.00","1,459.00","1,459.00",,0.97%
12/12/18,"1,445.00","1,445.00","1,445.00","1,445.00",,-0.62%
11/12/18,"1,454.00","1,454.00","1,454.00","1,454.00",,-0.68%
10/12/18,"1,464.00","1,464.00","1,464.00","1,464.00",,-0.34%
07/12/18,"1,469.00","1,469.00","1,469.00","1,469.00",,-0.27%
06/12/18,"1,473.00","1,473.00","1,473.00","1,473.00",,0.07%
05/12/18,"1,472.00","1,472.00","1,472.00","1,472.00",,-0.14%
04/12/18,"1,474.00","1,474.00","1,474.00","1,474.00",,0.34%
03/12/18,"1,469.00","1,469.00","1,469.00","1,469.00",,0.41%
30/11/18,"1,463.00","1,463.00","1,463.00","1,463.00",,0.55%
29/11/18,"1,455.00","1,455.00","1,455.00","1,455.00",,0.76%
28/11/18,"1,444.00","1,444.00","1,444.00","1,444.00",,1.98%
27/11/18,"1,416.00","1,416.00","1,416.00","1,416.00",,1.94%
26/11/18,"1,389.00","1,389.00","1,389.00","1,389.00",,0.94%
23/11/18,"1,376.00","1,376.00","1,376.00","1,376.00",,-0.15%
22/11/18,"1,378.00","1,378.00","1,378.00","1,378.00",,-1.08%
21/11/18,"1,393.00","1,393.00","1,393.00","1,393.00",,-1.62%
20/11/18,"1,416.00","1,416.00","1,416.00","1,416.00",,-1.46%
19/11/18,"1,437.00","1,437.00","1,437.00","1,437.00",,-1.10%
16/11/18,"1,453.00","1,453.00","1,453.00","1,453.00",,-0.89%
15/11/18,"1,466.00","1,466.00","1,466.00","1,466.00",,-1.21%
14/11/18,"1,484.00","1,484.00","1,484.00","1,484.00",,-0.93%
13/11/18,"1,498.00","1,498.00","1,498.00","1,498.00",,0.13%
12/11/18,"1,496.00","1,496.00","1,496.00","1,496.00",,0.07%
09/11/18,"1,495.00","1,495.00","1,495.00","1,495.00",,-0.07%
08/11/18,"1,496.00","1,496.00","1,496.00","1,496.00",,-0.99%
07/11/18,"1,511.00","1,511.00","1,511.00","1,511.00",,-1.11%
06/11/18,"1,528.00","1,528.00","1,528.00","1,528.00",,-0.20%
05/11/18,"1,531.00","1,531.00","1,531.00","1,531.00",,0.07%
02/11/18,"1,530.00","1,530.00","1,530.00","1,530.00",,0.26%
01/11/18,"1,526.00","1,526.00","1,526.00","1,526.00",,0.13%
31/10/18,"1,524.00","1,524.00","1,524.00","1,524.00",,-0.39%
30/10/18,"1,530.00","1,530.00","1,530.00","1,530.00",,-1.67%
29/10/18,"1,556.00","1,556.00","1,556.00","1,556.00",,-1.71%
26/10/18,"1,583.00","1,583.00","1,583.00","1,583.00",,-2.40%
25/10/18,"1,622.00","1,622.00","1,622.00","1,622.00",,-2.82%
24/10/18,"1,669.00","1,669.00","1,669.00","1,669.00",,-2.68%
23/10/18,"1,715.00","1,715.00","1,715.00","1,715.00",,-2.33%
22/10/18,"1,756.00","1,756.00","1,756.00","1,756.00",,-1.07%
19/10/18,"1,775.00","1,775.00","1,775.00","1,775.00",,-0.78%
18/10/18,"1,789.00","1,789.00","1,789.00","1,789.00",,-0.39%
17/10/18,"1,796.00","1,796.00","1,796.00","1,796.00",,0.17%
16/10/18,"1,793.00","1,793.00","1,793.00","1,793.00",,0.79%
15/10/18,"1,779.00","1,779.00","1,779.00","1,779.00",,0.23%
12/10/18,"1,775.00","1,775.00","1,775.00","1,775.00",,0.68%
11/10/18,"1,763.00","1,763.00","1,763.00","1,763.00",,0.80%
10/10/18,"1,749.00","1,749.00","1,749.00","1,749.00",,0.11%
09/10/18,"1,747.00","1,747.00","1,747.00","1,747.00",,-0.11%
08/10/18,"1,749.00","1,749.00","1,749.00","1,749.00",,1.27%
05/10/18,"1,727.00","1,727.00","1,727.00","1,727.00",,1.23%
04/10/18,"1,706.00","1,706.00","1,706.00","1,706.00",,1.61%
03/10/18,"1,679.00","1,679.00","1,679.00","1,679.00",,0.06%
02/10/18,"1,678.00","1,678.00","1,678.00","1,678.00",,-0.83%
01/10/18,"1,692.00","1,692.00","1,692.00","1,692.00",,-0.18%
28/09/18,"1,695.00","1,695.00","1,695.00","1,695.00",,0.36%
27/09/18,"1,689.00","1,689.00","1,689.00","1,689.00",,0.72%
26/09/18,"1,677.00","1,677.00","1,677.00","1,677.00",,2.32%
25/09/18,"1,639.00","1,639.00","1,639.00","1,639.00",,1.86%
24/09/18,"1,609.00","1,609.00","1,609.00","1,609.00",,1.45%
21/09/18,"1,586.00","1,586.00","1,586.00","1,586.00",,1.86%
20/09/18,"1,557.00","1,557.00","1,557.00","1,557.00",,1.76%
19/09/18,"1,530.00","1,530.00","1,530.00","1,530.00",,0.33%
18/09/18,"1,525.00","1,525.00","1,525.00","1,525.00",,0.46%
17/09/18,"1,518.00","1,518.00","1,518.00","1,518.00",,-0.33%
14/09/18,"1,523.00","1,523.00","1,523.00","1,523.00",,-0.72%
13/09/18,"1,534.00","1,534.00","1,534.00","1,534.00",,-1.03%
12/09/18,"1,550.00","1,550.00","1,550.00","1,550.00",,-0.39%
11/09/18,"1,556.00","1,556.00","1,556.00","1,556.00",,0.78%
10/09/18,"1,544.00","1,544.00","1,544.00","1,544.00",,1.05%
07/09/18,"1,528.00","1,528.00","1,528.00","1,528.00",,0.79%
06/09/18,"1,516.00","1,516.00","1,516.00","1,516.00",,0.80%
05/09/18,"1,504.00","1,504.00","1,504.00","1,504.00",,-0.86%
04/09/18,"1,517.00","1,517.00","1,517.00","1,517.00",,-1.49%
03/09/18,"1,540.00","1,540.00","1,540.00","1,540.00",,-1.97%
31/08/18,"1,571.00","1,571.00","1,571.00","1,571.00",,-2.30%
30/08/18,"1,608.00","1,608.00","1,608.00","1,608.00",,-1.89%
29/08/18,"1,639.00","1,639.00","1,639.00","1,639.00",,-0.24%
28/08/18,"1,643.00","1,643.00","1,643.00","1,643.00",,0.80%
24/08/18,"1,630.00","1,630.00","1,630.00","1,630.00",,1.43%
23/08/18,"1,607.00","1,607.00","1,607.00","1,607.00",,3.01%
22/08/18,"1,560.00","1,560.00","1,560.00","1,560.00",,1.96%
21/08/18,"1,530.00","1,530.00","1,530.00","1,530.00",,1.59%
20/08/18,"1,506.00","1,506.00","1,506.00","1,506.00",,1.41%
17/08/18,"1,485.00","1,485.00","1,485.00","1,485.00",,2.63%
16/08/18,"1,447.00","1,447.00","1,447.00","1,447.00",,3.14%
15/08/18,"1,403.00","1,403.00","1,403.00","1,403.00",,3.01%
14/08/18,"1,362.00","1,362.00","1,362.00","1,362.00",,1.72%
13/08/18,"1,339.00","1,339.00","1,339.00","1,339.00",,0.00%
10/08/18,"1,339.00","1,339.00","1,339.00","1,339.00",,-0.74%
09/08/18,"1,349.00","1,349.00","1,349.00","1,349.00",,-1.17%
08/08/18,"1,365.00","1,365.00","1,365.00","1,365.00",,-1.52%
07/08/18,"1,386.00","1,386.00","1,386.00","1,386.00",,-2.39%
06/08/18,"1,420.00","1,420.00","1,420.00","1,420.00",,-1.87%
03/08/18,"1,447.00","1,447.00","1,447.00","1,447.00",,-2.95%
02/08/18,"1,491.00","1,491.00","1,491.00","1,491.00",,-3.12%
01/08/18,"1,539.00","1,539.00","1,539.00","1,539.00",,-1.97%
31/07/18,"1,570.00","1,570.00","1,570.00","1,570.00",,-1.07%
30/07/18,"1,587.00","1,587.00","1,587.00","1,587.00",,-0.06%
27/07/18,"1,588.00","1,588.00","1,588.00","1,588.00",,0.32%
26/07/18,"1,583.00","1,583.00","1,583.00","1,583.00",,-0.31%
25/07/18,"1,588.00","1,588.00","1,588.00","1,588.00",,0.44%
24/07/18,"1,581.00","1,581.00","1,581.00","1,581.00",,0.96%
23/07/18,"1,566.00","1,566.00","1,566.00","1,566.00",,0.58%
20/07/18,"1,557.00","1,557.00","1,557.00","1,557.00",,1.24%
19/07/18,"1,538.00","1,538.00","1,538.00","1,538.00",,0.59%
18/07/18,"1,529.00","1,529.00","1,529.00","1,529.00",,-0.07%
17/07/18,"1,530.00","1,530.00","1,530.00","1,530.00",,0.07%
16/07/18,"1,529.00","1,529.00","1,529.00","1,529.00",,0.13%
13/07/18,"1,527.00","1,527.00","1,527.00","1,527.00",,0.66%
12/07/18,"1,517.00","1,517.00","1,517.00","1,517.00",,1.27%
11/07/18,"1,498.00","1,498.00","1,498.00","1,498.00",,4.68%
10/07/18,"1,431.00","1,431.00","1,431.00","1,431.00",,4.68%
09/07/18,"1,367.00","1,367.00","1,367.00","1,367.00",,1.48%
06/07/18,"1,347.00","1,347.00","1,347.00","1,347.00",,0.60%
05/07/18,"1,339.00","1,339.00","1,339.00","1,339.00",,0.37%
04/07/18,"1,334.00","1,334.00","1,334.00","1,334.00",,-0.15%
03/07/18,"1,336.00","1,336.00","1,336.00","1,336.00",,-0.15%
02/07/18,"1,338.00","1,338.00","1,338.00","1,338.00",,0.15%
29/06/18,"1,336.00","1,336.00","1,336.00","1,336.00",,0.38%
28/06/18,"1,331.00","1,331.00","1,331.00","1,331.00",,0.53%
27/06/18,"1,324.00","1,324.00","1,324.00","1,324.00",,0.23%
26/06/18,"1,321.00","1,321.00","1,321.00","1,321.00",,-1.34%
25/06/18,"1,339.00","1,339.00","1,339.00","1,339.00",,-1.18%
22/06/18,"1,355.00","1,355.00","1,355.00","1,355.00",,-1.95%
21/06/18,"1,382.00","1,382.00","1,382.00","1,382.00",,-2.61%
20/06/18,"1,419.00","1,419.00","1,419.00","1,419.00",,-2.67%
19/06/18,"1,458.00","1,458.00","1,458.00","1,458.00",,-1.62%
18/06/18,"1,482.00","1,482.00","1,482.00","1,482.00",,-0.87%
15/06/18,"1,495.00","1,495.00","1,495.00","1,495.00",,-0.20%
14/06/18,"1,498.00","1,498.00","1,498.00","1,498.00",,0.67%
13/06/18,"1,488.00","1,488.00","1,488.00","1,488.00",,0.95%
12/06/18,"1,474.00","1,474.00","1,474.00","1,474.00",,1.59%
11/06/18,"1,451.00","1,451.00","1,451.00","1,451.00",,2.33%
08/06/18,"1,418.00","1,418.00","1,418.00","1,418.00",,5.51%
07/06/18,"1,344.00","1,344.00","1,344.00","1,344.00",,4.19%
06/06/18,"1,290.00","1,290.00","1,290.00","1,290.00",,3.20%
05/06/18,"1,250.00","1,250.00","1,250.00","1,250.00",,2.71%
04/06/18,"1,217.00","1,217.00","1,217.00","1,217.00",,2.10%
01/06/18,"1,192.00","1,192.00","1,192.00","1,192.00",,2.76%
31/05/18,"1,160.00","1,160.00","1,160.00","1,160.00",,0.96%
30/05/18,"1,149.00","1,149.00","1,149.00","1,149.00",,-1.20%
29/05/18,"1,163.00","1,163.00","1,163.00","1,163.00",,-2.02%
25/05/18,"1,187.00","1,187.00","1,187.00","1,187.00",,-1.25%
24/05/18,"1,202.00","1,202.00","1,202.00","1,202.00",,-1.64%
23/05/18,"1,222.00","1,222.00","1,222.00","1,222.00",,-1.37%
22/05/18,"1,239.00","1,239.00","1,239.00","1,239.00",,-0.32%
21/05/18,"1,243.00","1,243.00","1,243.00","1,243.00",,0.16%
18/05/18,"1,241.00","1,241.00","1,241.00","1,241.00",,0.16%
17/05/18,"1,239.00","1,239.00","1,239.00","1,239.00",,0.16%
16/05/18,"1,237.00","1,237.00","1,237.00","1,237.00",,0.00%
15/05/18,"1,237.00","1,237.00","1,237.00","1,237.00",,-0.24%
14/05/18,"1,240.00","1,240.00","1,240.00","1,240.00",,-0.40%
11/05/18,"1,245.00","1,245.00","1,245.00","1,245.00",,-0.08%
10/05/18,"1,246.00","1,246.00","1,246.00","1,246.00",,-0.56%
09/05/18,"1,253.00","1,253.00","1,253.00","1,253.00",,-0.32%
08/05/18,"1,257.00","1,257.00","1,257.00","1,257.00",,-0.63%
04/05/18,"1,265.00","1,265.00","1,265.00","1,265.00",,-0.08%
03/05/18,"1,266.00","1,266.00","1,266.00","1,266.00",,-0.39%
02/05/18,"1,271.00","1,271.00","1,271.00","1,271.00",,0.00%
01/05/18,"1,271.00","1,271.00","1,271.00","1,271.00",,-0.39%
30/04/18,"1,276.00","1,276.00","1,276.00","1,276.00",,0.08%
27/04/18,"1,275.00","1,275.00","1,275.00","1,275.00",,0.24%
26/04/18,"1,272.00","1,272.00","1,272.00","1,272.00",,0.63%
25/04/18,"1,264.00","1,264.00","1,264.00","1,264.00",,-0.39%
24/04/18,"1,269.00","1,269.00","1,269.00","1,269.00",,-0.94%
23/04/18,"1,281.00","1,281.00","1,281.00","1,281.00",,-0.62%
20/04/18,"1,289.00","1,289.00","1,289.00","1,289.00",,-1.30%
19/04/18,"1,306.00","1,306.00","1,306.00","1,306.00",,-1.73%
18/04/18,"1,329.00","1,329.00","1,329.00","1,329.00",,-1.77%
17/04/18,"1,353.00","1,353.00","1,353.00","1,353.00",,-0.44%
16/04/18,"1,359.00","1,359.00","1,359.00","1,359.00",,0.59%
13/04/18,"1,351.00","1,351.00","1,351.00","1,351.00",,1.20%
12/04/18,"1,335.00","1,335.00","1,335.00","1,335.00",,0.75%
11/04/18,"1,325.00","1,325.00","1,325.00","1,325.00",,0.45%
10/04/18,"1,319.00","1,319.00","1,319.00","1,319.00",,0.30%
09/04/18,"1,315.00","1,315.00","1,315.00","1,315.00",,-0.15%
06/04/18,"1,317.00","1,317.00","1,317.00","1,317.00",,-1.94%
05/04/18,"1,343.00","1,343.00","1,343.00","1,343.00",,-3.87%
04/04/18,"1,397.00","1,397.00","1,397.00","1,397.00",,-3.99%
03/04/18,"1,455.00","1,455.00","1,455.00","1,455.00",,-2.68%
29/03/18,"1,495.00","1,495.00","1,495.00","1,495.00",,-1.64%
28/03/18,"1,520.00","1,520.00","1,520.00","1,520.00",,-2.06%
27/03/18,"1,552.00","1,552.00","1,552.00","1,552.00",,-1.46%
26/03/18,"1,575.00","1,575.00","1,575.00","1,575.00",,-0.76%
23/03/18,"1,587.00","1,587.00","1,587.00","1,587.00",,-0.38%
22/03/18,"1,593.00","1,593.00","1,593.00","1,593.00",,-0.81%
21/03/18,"1,606.00","1,606.00","1,606.00","1,606.00",,-0.56%
20/03/18,"1,615.00","1,615.00","1,615.00","1,615.00",,-0.37%
19/03/18,"1,621.00","1,621.00","1,621.00","1,621.00",,0.19%
16/03/18,"1,618.00","1,618.00","1,618.00","1,618.00",,-0.06%
15/03/18,"1,619.00","1,619.00","1,619.00","1,619.00",,-0.25%
14/03/18,"1,623.00","1,623.00","1,623.00","1,623.00",,0.00%
13/03/18,"1,623.00","1,623.00","1,623.00","1,623.00",,-0.06%
12/03/18,"1,624.00","1,624.00","1,624.00","1,624.00",,0.56%
09/03/18,"1,615.00","1,615.00","1,615.00","1,615.00",,1.57%
08/03/18,"1,590.00","1,590.00","1,590.00","1,590.00",,2.38%
07/03/18,"1,553.00","1,553.00","1,553.00","1,553.00",,1.64%
06/03/18,"1,528.00","1,528.00","1,528.00","1,528.00",,1.73%
05/03/18,"1,502.00","1,502.00","1,502.00","1,502.00",,0.13%
02/03/18,"1,500.00","1,500.00","1,500.00","1,500.00",,-0.33%
01/03/18,"1,505.00","1,505.00","1,505.00","1,505.00",,-0.53%
28/02/18,"1,513.00","1,513.00","1,513.00","1,513.00",,0.00%
27/02/18,"1,513.00","1,513.00","1,513.00","1,513.00",,0.60%
26/02/18,"1,504.00","1,504.00","1,504.00","1,504.00",,1.55%
23/02/18,"1,481.00","1,481.00","1,481.00","1,481.00",,2.99%
22/02/18,"1,438.00","1,438.00","1,438.00","1,438.00",,3.60%
21/02/18,"1,388.00","1,388.00","1,388.00","1,388.00",,4.13%
20/02/18,"1,333.00","1,333.00","1,333.00","1,333.00",,3.01%
19/02/18,"1,294.00","1,294.00","1,294.00","1,294.00",,1.65%
16/02/18,"1,273.00","1,273.00","1,273.00","1,273.00",,1.76%
15/02/18,"1,251.00","1,251.00","1,251.00","1,251.00",,1.62%
14/02/18,"1,231.00","1,231.00","1,231.00","1,231.00",,0.24%
13/02/18,"1,228.00","1,228.00","1,228.00","1,228.00",,-0.73%
12/02/18,"1,237.00","1,237.00","1,237.00","1,237.00",,-1.04%
09/02/18,"1,250.00","1,250.00","1,250.00","1,250.00",,-1.03%
08/02/18,"1,263.00","1,263.00","1,263.00","1,263.00",,-2.32%
07/02/18,"1,293.00","1,293.00","1,293.00","1,293.00",,-1.75%
06/02/18,"1,316.00","1,316.00","1,316.00","1,316.00",,-1.72%
05/02/18,"1,339.00","1,339.00","1,339.00","1,339.00",,-1.47%
02/02/18,"1,359.00","1,359.00","1,359.00","1,359.00",,-1.38%
01/02/18,"1,378.00","1,378.00","1,378.00","1,378.00",,-2.34%
31/01/18,"1,411.00","1,411.00","1,411.00","1,411.00",,-2.69%
30/01/18,"1,450.00","1,450.00","1,450.00","1,450.00",,-2.36%
29/01/18,"1,485.00","1,485.00","1,485.00","1,485.00",,-0.47%
26/01/18,"1,492.00","1,492.00","1,492.00","1,492.00",,0.74%
25/01/18,"1,481.00","1,481.00","1,481.00","1,481.00",,1.72%
24/01/18,"1,456.00","1,456.00","1,456.00","1,456.00",,3.70%
23/01/18,"1,404.00","1,404.00","1,404.00","1,404.00",,3.08%
22/01/18,"1,362.00","1,362.00","1,362.00","1,362.00",,2.18%
19/01/18,"1,333.00","1,333.00","1,333.00","1,333.00",,1.68%
18/01/18,"1,311.00","1,311.00","1,311.00","1,311.00",,-0.46%
17/01/18,"1,317.00","1,317.00","1,317.00","1,317.00",,-0.90%
16/01/18,"1,329.00","1,329.00","1,329.00","1,329.00",,-0.82%
15/01/18,"1,340.00","1,340.00","1,340.00","1,340.00",,-0.59%
12/01/18,"1,348.00","1,348.00","1,348.00","1,348.00",,-1.68%
11/01/18,"1,371.00","1,371.00","1,371.00","1,371.00",,-2.35%
10/01/18,"1,404.00","1,404.00","1,404.00","1,404.00",,-1.68%
09/01/18,"1,428.00","1,428.00","1,428.00","1,428.00",,0.28%
08/01/18,"1,424.00","1,424.00","1,424.00","1,424.00",,1.71%
05/01/18,"1,400.00","1,400.00","1,400.00","1,400.00",,2.56%
04/01/18,"1,365.00","1,365.00","1,365.00","1,365.00",,2.48%
03/01/18,"1,332.00","1,332.00","1,332.00","1,332.00",,-0.60%
02/01/18,"1,340.00","1,340.00","1,340.00","1,340.00",,-3.94%
22/12/17,"1,395.00","1,395.00","1,395.00","1,395.00",,-3.46%
21/12/17,"1,445.00","1,445.00","1,445.00","1,445.00",,-6.53%
20/12/17,"1,546.00","1,546.00","1,546.00","1,546.00",,-2.95%
19/12/17,"1,593.00","1,593.00","1,593.00","1,593.00",,-3.04%
18/12/17,"1,643.00","1,643.00","1,643.00","1,643.00",,-2.03%
15/12/17,"1,677.00","1,677.00","1,677.00","1,677.00",,-2.16%
14/12/17,"1,714.00","1,714.00","1,714.00","1,714.00",,-0.23%
13/12/17,"1,718.00","1,718.00","1,718.00","1,718.00",,2.75%
12/12/17,"1,672.00","1,672.00","1,672.00","1,672.00",,2.96%
11/12/17,"1,624.00","1,624.00","1,624.00","1,624.00",,2.27%
08/12/17,"1,588.00","1,588.00","1,588.00","1,588.00",,1.53%
07/12/17,"1,564.00","1,564.00","1,564.00","1,564.00",,0.06%
06/12/17,"1,563.00","1,563.00","1,563.00","1,563.00",,-0.51%
05/12/17,"1,571.00","1,571.00","1,571.00","1,571.00",,0.77%
04/12/17,"1,559.00","1,559.00","1,559.00","1,559.00",,4.35%
01/12/17,"1,494.00","1,494.00","1,494.00","1,494.00",,4.26%
30/11/17,"1,433.00","1,433.00","1,433.00","1,433.00",,4.75%
29/11/17,"1,368.00","1,368.00","1,368.00","1,368.00",,3.64%
28/11/17,"1,320.00","1,320.00","1,320.00","1,320.00",,1.62%
27/11/17,"1,299.00","1,299.00","1,299.00","1,299.00",,0.31%
24/11/17,"1,295.00","1,295.00","1,295.00","1,295.00",,0.86%
23/11/17,"1,284.00","1,284.00","1,284.00","1,284.00",,0.23%
22/11/17,"1,281.00","1,281.00","1,281.00","1,281.00",,0.47%
21/11/17,"1,275.00","1,275.00","1,275.00","1,275.00",,-0.39%
20/11/17,"1,280.00","1,280.00","1,280.00","1,280.00",,-0.39%
17/11/17,"1,285.00","1,285.00","1,285.00","1,285.00",,-1.00%
16/11/17,"1,298.00","1,298.00","1,298.00","1,298.00",,-1.67%
15/11/17,"1,320.00","1,320.00","1,320.00","1,320.00",,-1.93%
14/11/17,"1,346.00","1,346.00","1,346.00","1,346.00",,-2.96%
13/11/17,"1,387.00","1,387.00","1,387.00","1,387.00",,-2.19%
10/11/17,"1,418.00","1,418.00","1,418.00","1,418.00",,-3.41%
09/11/17,"1,468.00","1,468.00","1,468.00","1,468.00",,-3.10%
08/11/17,"1,515.00","1,515.00","1,515.00","1,515.00",,-2.76%
07/11/17,"1,558.00","1,558.00","1,558.00","1,558.00",,-0.57%
06/11/17,"1,567.00","1,567.00","1,567.00","1,567.00",,0.32%
03/11/17,"1,562.00","1,562.00","1,562.00","1,562.00",,1.49%
02/11/17,"1,539.00","1,539.00","1,539.00","1,539.00",,2.40%
01/11/17,"1,503.00","1,503.00","1,503.00","1,503.00",,0.74%
31/10/17,"1,492.00","1,492.00","1,492.00","1,492.00",,-0.40%
30/10/17,"1,498.00","1,498.00","1,498.00","1,498.00",,-1.25%
27/10/17,"1,517.00","1,517.00","1,517.00","1,517.00",,-2.32%
26/10/17,"1,553.00","1,553.00","1,553.00","1,553.00",,-2.45%
25/10/17,"1,592.00","1,592.00","1,592.00","1,592.00",,-2.09%
24/10/17,"1,626.00","1,626.00","1,626.00","1,626.00",,-0.97%
23/10/17,"1,642.00","1,642.00","1,642.00","1,642.00",,-0.06%
20/10/17,"1,643.00","1,643.00","1,643.00","1,643.00",,-0.30%
19/10/17,"1,648.00","1,648.00","1,648.00","1,648.00",,0.12%
18/10/17,"1,646.00","1,646.00","1,646.00","1,646.00",,-0.30%
17/10/17,"1,651.00","1,651.00","1,651.00","1,651.00",,0.86%
16/10/17,"1,637.00","1,637.00","1,637.00","1,637.00",,1.93%
13/10/17,"1,606.00","1,606.00","1,606.00","1,606.00",,3.21%
12/10/17,"1,556.00","1,556.00","1,556.00","1,556.00",,3.46%
11/10/17,"1,504.00","1,504.00","1,504.00","1,504.00",,2.66%
10/10/17,"1,465.00","1,465.00","1,465.00","1,465.00",,1.88%
09/10/17,"1,438.00","1,438.00","1,438.00","1,438.00",,2.28%
06/10/17,"1,406.00","1,406.00","1,406.00","1,406.00",,4.54%
05/10/17,"1,345.00","1,345.00","1,345.00","1,345.00",,5.41%
04/10/17,"1,276.00","1,276.00","1,276.00","1,276.00",,2.33%
03/10/17,"1,247.00","1,247.00","1,247.00","1,247.00",,-1.66%
02/10/17,"1,268.00","1,268.00","1,268.00","1,268.00",,-3.06%
29/09/17,"1,308.00","1,308.00","1,308.00","1,308.00",,-3.25%
28/09/17,"1,352.00","1,352.00","1,352.00","1,352.00",,-3.84%
27/09/17,"1,406.00","1,406.00","1,406.00","1,406.00",,-2.77%
26/09/17,"1,446.00","1,446.00","1,446.00","1,446.00",,-1.90%
25/09/17,"1,474.00","1,474.00","1,474.00","1,474.00",,-1.27%
22/09/17,"1,493.00","1,493.00","1,493.00","1,493.00",,-1.39%
21/09/17,"1,514.00","1,514.00","1,514.00","1,514.00",,-1.11%
20/09/17,"1,531.00","1,531.00","1,531.00","1,531.00",,-0.33%
19/09/17,"1,536.00","1,536.00","1,536.00","1,536.00",,0.46%
18/09/17,"1,529.00","1,529.00","1,529.00","1,529.00",,0.53%
15/09/17,"1,521.00","1,521.00","1,521.00","1,521.00",,1.47%
14/09/17,"1,499.00","1,499.00","1,499.00","1,499.00",,2.39%
13/09/17,"1,464.00","1,464.00","1,464.00","1,464.00",,2.45%
12/09/17,"1,429.00","1,429.00","1,429.00","1,429.00",,2.51%
11/09/17,"1,394.00","1,394.00","1,394.00","1,394.00",,1.38%
08/09/17,"1,375.00","1,375.00","1,375.00","1,375.00",,1.78%
07/09/17,"1,351.00","1,351.00","1,351.00","1,351.00",,2.82%
06/09/17,"1,314.00","1,314.00","1,314.00","1,314.00",,3.06%
05/09/17,"1,275.00","1,275.00","1,275.00","1,275.00",,3.91%
04/09/17,"1,227.00","1,227.00","1,227.00","1,227.00",,2.42%
01/09/17,"1,198.00","1,198.00","1,198.00","1,198.00",,0.76%
31/08/17,"1,189.00","1,189.00","1,189.00","1,189.00",,-0.50%
30/08/17,"1,195.00","1,195.00","1,195.00","1,195.00",,-1.65%
29/08/17,"1,215.00","1,215.00","1,215.00","1,215.00",,-1.62%
25/08/17,"1,235.00","1,235.00","1,235.00","1,235.00",,-1.91%
24/08/17,"1,259.00","1,259.00","1,259.00","1,259.00",,-3.97%
23/08/17,"1,311.00","1,311.00","1,311.00","1,311.00",,-2.53%
22/08/17,"1,345.00","1,345.00","1,345.00","1,345.00",,-0.30%
21/08/17,"1,349.00","1,349.00","1,349.00","1,349.00",,0.30%
18/08/17,"1,345.00","1,345.00","1,345.00","1,345.00",,0.67%
17/08/17,"1,336.00","1,336.00","1,336.00","1,336.00",,1.98%
16/08/17,"1,310.00","1,310.00","1,310.00","1,310.00",,1.63%
15/08/17,"1,289.00","1,289.00","1,289.00","1,289.00",,1.34%
14/08/17,"1,272.00","1,272.00","1,272.00","1,272.00",,1.27%
11/08/17,"1,256.00","1,256.00","1,256.00","1,256.00",,2.28%
10/08/17,"1,228.00","1,228.00","1,228.00","1,228.00",,3.02%
09/08/17,"1,192.00","1,192.00","1,192.00","1,192.00",,1.88%
08/08/17,"1,170.00","1,170.00","1,170.00","1,170.00",,1.04%
07/08/17,"1,158.00","1,158.00","1,158.00","1,158.00",,0.43%
04/08/17,"1,153.00","1,153.00","1,153.00","1,153.00",,0.87%
03/08/17,"1,143.00","1,143.00","1,143.00","1,143.00",,2.24%
02/08/17,"1,118.00","1,118.00","1,118.00","1,118.00",,1.82%
01/08/17,"1,098.00","1,098.00","1,098.00","1,098.00",,0.27%
31/07/17,"1,095.00","1,095.00","1,095.00","1,095.00",,-1.26%
28/07/17,"1,109.00","1,109.00","1,109.00","1,109.00",,-3.23%
27/07/17,"1,146.00","1,146.00","1,146.00","1,146.00",,-3.86%
26/07/17,"1,192.00","1,192.00","1,192.00","1,192.00",,-2.69%
25/07/17,"1,225.00","1,225.00","1,225.00","1,225.00",,-1.84%
24/07/17,"1,248.00","1,248.00","1,248.00","1,248.00",,-0.79%
21/07/17,"1,258.00","1,258.00","1,258.00","1,258.00",,-0.16%
20/07/17,"1,260.00","1,260.00","1,260.00","1,260.00",,0.64%
19/07/17,"1,252.00","1,252.00","1,252.00","1,252.00",,2.12%
18/07/17,"1,226.00","1,226.00","1,226.00","1,226.00",,2.00%
17/07/17,"1,202.00","1,202.00","1,202.00","1,202.00",,2.47%
14/07/17,"1,173.00","1,173.00","1,173.00","1,173.00",,2.80%
13/07/17,"1,141.00","1,141.00","1,141.00","1,141.00",,3.92%
12/07/17,"1,098.00","1,098.00","1,098.00","1,098.00",,2.71%
11/07/17,"1,069.00","1,069.00","1,069.00","1,069.00",,0.75%
10/07/17,"1,061.00","1,061.00","1,061.00","1,061.00",,-0.09%
07/07/17,"1,062.00","1,062.00","1,062.00","1,062.00",,-0.09%
06/07/17,"1,063.00","1,063.00","1,063.00","1,063.00",,0.28%
05/07/17,"1,060.00","1,060.00","1,060.00","1,060.00",,-0.19%
04/07/17,"1,062.00","1,062.00","1,062.00","1,062.00",,-0.56%
03/07/17,"1,068.00","1,068.00","1,068.00","1,068.00",,-2.11%
30/06/17,"1,091.00","1,091.00","1,091.00","1,091.00",,-2.50%
29/06/17,"1,119.00","1,119.00","1,119.00","1,119.00",,-2.70%
28/06/17,"1,150.00","1,150.00","1,150.00","1,150.00",,-0.09%
27/06/17,"1,151.00","1,151.00","1,151.00","1,151.00",,0.52%
26/06/17,"1,145.00","1,145.00","1,145.00","1,145.00",,0.62%
23/06/17,"1,138.00","1,138.00","1,138.00","1,138.00",,2.61%
22/06/17,"1,109.00","1,109.00","1,109.00","1,109.00",,3.64%
21/06/17,"1,070.00","1,070.00","1,070.00","1,070.00",,5.21%
20/06/17,"1,017.00","1,017.00","1,017.00","1,017.00",,3.35%
19/06/17,984,984,984,984,,2.07%
16/06/17,964,964,964,964,,2.77%
15/06/17,938,938,938,938,,3.88%
14/06/17,903,903,903,903,,4.39%
13/06/17,865,865,865,865,,3.84%
12/06/17,833,833,833,833,,2.46%
09/06/17,813,813,813,813,,2.52%
08/06/17,793,793,793,793,,1.28%
07/06/17,783,783,783,783,,0.00%
06/06/17,783,783,783,783,,-0.76%
05/06/17,789,789,789,789,,-0.38%
02/06/17,792,792,792,792,,-2.22%
01/06/17,810,810,810,810,,-2.29%
31/05/17,829,829,829,829,,-1.54%
30/05/17,842,842,842,842,,-0.36%
26/05/17,845,845,845,845,,-0.35%
25/05/17,848,848,848,848,,-0.12%
24/05/17,849,849,849,849,,-0.12%
23/05/17,850,850,850,850,,-0.47%
22/05/17,854,854,854,854,,-1.84%
19/05/17,870,870,870,870,,-2.68%
18/05/17,894,894,894,894,,-3.35%
17/05/17,925,925,925,925,,-3.24%
16/05/17,956,956,956,956,,-2.25%
15/05/17,978,978,978,978,,-1.41%
12/05/17,992,992,992,992,,-1.39%
11/05/17,"1,006.00","1,006.00","1,006.00","1,006.00",,-0.49%
10/05/17,"1,011.00","1,011.00","1,011.00","1,011.00",,0.40%
09/05/17,"1,007.00","1,007.00","1,007.00","1,007.00",,-0.20%
08/05/17,"1,009.00","1,009.00","1,009.00","1,009.00",,-1.37%
05/05/17,"1,023.00","1,023.00","1,023.00","1,023.00",,-2.39%
04/05/17,"1,048.00","1,048.00","1,048.00","1,048.00",,-4.38%
03/05/17,"1,096.00","1,096.00","1,096.00","1,096.00",,-3.86%
02/05/17,"1,140.00","1,140.00","1,140.00","1,140.00",,-3.96%
28/04/17,"1,187.00","1,187.00","1,187.00","1,187.00",,-5.79%
27/04/17,"1,260.00","1,260.00","1,260.00","1,260.00",,-4.55%
26/04/17,"1,320.00","1,320.00","1,320.00","1,320.00",,-3.72%
25/04/17,"1,371.00","1,371.00","1,371.00","1,371.00",,-4.06%
24/04/17,"1,429.00","1,429.00","1,429.00","1,429.00",,-4.35%
21/04/17,"1,494.00","1,494.00","1,494.00","1,494.00",,-3.80%
20/04/17,"1,553.00","1,553.00","1,553.00","1,553.00",,-3.66%
19/04/17,"1,612.00","1,612.00","1,612.00","1,612.00",,-0.56%
18/04/17,"1,621.00","1,621.00","1,621.00","1,621.00",,0.62%
13/04/17,"1,611.00","1,611.00","1,611.00","1,611.00",,1.77%
12/04/17,"1,583.00","1,583.00","1,583.00","1,583.00",,3.26%
11/04/17,"1,533.00","1,533.00","1,533.00","1,533.00",,4.57%
10/04/17,"1,466.00","1,466.00","1,466.00","1,466.00",,2.73%
07/04/17,"1,427.00","1,427.00","1,427.00","1,427.00",,2.88%
06/04/17,"1,387.00","1,387.00","1,387.00","1,387.00",,1.17%
05/04/17,"1,371.00","1,371.00","1,371.00","1,371.00",,-0.44%
04/04/17,"1,377.00","1,377.00","1,377.00","1,377.00",,-0.15%
03/04/17,"1,379.00","1,379.00","1,379.00","1,379.00",,0.36%
31/03/17,"1,374.00","1,374.00","1,374.00","1,374.00",,0.59%
30/03/17,"1,366.00","1,366.00","1,366.00","1,366.00",,1.49%
29/03/17,"1,346.00","1,346.00","1,346.00","1,346.00",,3.06%
28/03/17,"1,306.00","1,306.00","1,306.00","1,306.00",,4.23%
27/03/17,"1,253.00","1,253.00","1,253.00","1,253.00",,2.87%
24/03/17,"1,218.00","1,218.00","1,218.00","1,218.00",,4.10%
23/03/17,"1,170.00","1,170.00","1,170.00","1,170.00",,4.56%
22/03/17,"1,119.00","1,119.00","1,119.00","1,119.00",,1.63%
21/03/17,"1,101.00","1,101.00","1,101.00","1,101.00",,-0.18%
20/03/17,"1,103.00","1,103.00","1,103.00","1,103.00",,-0.45%
17/03/17,"1,108.00","1,108.00","1,108.00","1,108.00",,-1.86%
16/03/17,"1,129.00","1,129.00","1,129.00","1,129.00",,-1.83%
15/03/17,"1,150.00","1,150.00","1,150.00","1,150.00",,-2.95%
14/03/17,"1,185.00","1,185.00","1,185.00","1,185.00",,-1.82%
13/03/17,"1,207.00","1,207.00","1,207.00","1,207.00",,-0.33%
10/03/17,"1,211.00","1,211.00","1,211.00","1,211.00",,-0.74%
09/03/17,"1,220.00","1,220.00","1,220.00","1,220.00",,0.00%
08/03/17,"1,220.00","1,220.00","1,220.00","1,220.00",,2.18%
07/03/17,"1,194.00","1,194.00","1,194.00","1,194.00",,3.47%
06/03/17,"1,154.00","1,154.00","1,154.00","1,154.00",,3.22%
03/03/17,"1,118.00","1,118.00","1,118.00","1,118.00",,3.14%
02/03/17,"1,084.00","1,084.00","1,084.00","1,084.00",,4.13%
01/03/17,"1,041.00","1,041.00","1,041.00","1,041.00",,4.62%
28/02/17,995,995,995,995,,3.00%
27/02/17,966,966,966,966,,2.01%
24/02/17,947,947,947,947,,2.16%
23/02/17,927,927,927,927,,2.09%
22/02/17,908,908,908,908,,0.22%
21/02/17,906,906,906,906,,-0.33%
20/02/17,909,909,909,909,,-0.87%
17/02/17,917,917,917,917,,-0.65%
16/02/17,923,923,923,923,,-1.07%
15/02/17,933,933,933,933,,-0.64%
14/02/17,939,939,939,939,,-0.53%
13/02/17,944,944,944,944,,0.11%
10/02/17,943,943,943,943,,0.32%
09/02/17,940,940,940,940,,0.64%
08/02/17,934,934,934,934,,0.32%
07/02/17,931,931,931,931,,0.98%
06/02/17,922,922,922,922,,0.00%
03/02/17,922,922,922,922,,-0.43%
02/02/17,926,926,926,926,,-0.75%
01/02/17,933,933,933,933,,-1.89%
31/01/17,951,951,951,951,,-1.35%
30/01/17,964,964,964,964,,-0.41%
27/01/17,968,968,968,968,,-0.51%
26/01/17,973,973,973,973,,0.10%
25/01/17,972,972,972,972,,0.83%
24/01/17,964,964,964,964,,0.21%
23/01/17,962,962,962,962,,-0.82%
20/01/17,970,970,970,970,,-1.12%
19/01/17,981,981,981,981,,-1.70%
18/01/17,998,998,998,998,,-2.06%
17/01/17,"1,019.00","1,019.00","1,019.00","1,019.00",,-1.92%
16/01/17,"1,039.00","1,039.00","1,039.00","1,039.00",,-0.29%
13/01/17,"1,042.00","1,042.00","1,042.00","1,042.00",,0.39%
12/01/17,"1,038.00","1,038.00","1,038.00","1,038.00",,1.67%
11/01/17,"1,021.00","1,021.00","1,021.00","1,021.00",,4.93%
10/01/17,973,973,973,973,,4.96%
09/01/17,927,927,927,927,,3.92%
06/01/17,892,892,892,892,,6.57%
05/01/17,837,837,837,837,,3.72%
04/01/17,807,807,807,807,,-0.49%
03/01/17,811,811,811,811,,-4.81%
23/12/16,852,852,852,852,,-1.62%
22/12/16,866,866,866,866,,-4.31%
21/12/16,905,905,905,905,,-7.27%
20/12/16,976,976,976,976,,-5.88%
19/12/16,"1,037.00","1,037.00","1,037.00","1,037.00",,-7.90%
16/12/16,"1,126.00","1,126.00","1,126.00","1,126.00",,-8.75%
15/12/16,"1,234.00","1,234.00","1,234.00","1,234.00",,-7.36%
14/12/16,"1,332.00","1,332.00","1,332.00","1,332.00",,-6.13%
13/12/16,"1,419.00","1,419.00","1,419.00","1,419.00",,-3.40%
12/12/16,"1,469.00","1,469.00","1,469.00","1,469.00",,-2.59%
09/12/16,"1,508.00","1,508.00","1,508.00","1,508.00",,-2.52%
08/12/16,"1,547.00","1,547.00","1,547.00","1,547.00",,-1.15%
07/12/16,"1,565.00","1,565.00","1,565.00","1,565.00",,0.13%
06/12/16,"1,563.00","1,563.00","1,563.00","1,563.00",,1.43%
05/12/16,"1,541.00","1,541.00","1,541.00","1,541.00",,2.19%
02/12/16,"1,508.00","1,508.00","1,508.00","1,508.00",,1.48%
01/12/16,"1,486.00","1,486.00","1,486.00","1,486.00",,1.43%
30/11/16,"1,465.00","1,465.00","1,465.00","1,465.00",,2.88%
29/11/16,"1,424.00","1,424.00","1,424.00","1,424.00",,1.71%
28/11/16,"1,400.00","1,400.00","1,400.00","1,400.00",,0.79%
25/11/16,"1,389.00","1,389.00","1,389.00","1,389.00",,0.29%
24/11/16,"1,385.00","1,385.00","1,385.00","1,385.00",,-0.14%
23/11/16,"1,387.00","1,387.00","1,387.00","1,387.00",,0.36%
22/11/16,"1,382.00","1,382.00","1,382.00","1,382.00",,-0.36%
21/11/16,"1,387.00","1,387.00","1,387.00","1,387.00",,-0.07%
18/11/16,"1,388.00","1,388.00","1,388.00","1,388.00",,2.59%
17/11/16,"1,353.00","1,353.00","1,353.00","1,353.00",,7.13%
16/11/16,"1,263.00","1,263.00","1,263.00","1,263.00",,8.69%
15/11/16,"1,162.00","1,162.00","1,162.00","1,162.00",,9.83%
14/11/16,"1,058.00","1,058.00","1,058.00","1,058.00",,4.65%
11/11/16,"1,011.00","1,011.00","1,011.00","1,011.00",,5.75%
10/11/16,956,956,956,956,,3.13%
09/11/16,927,927,927,927,,2.66%
08/11/16,903,903,903,903,,1.57%
07/11/16,889,889,889,889,,0.45%
04/11/16,885,885,885,885,,-0.11%
03/11/16,886,886,886,886,,0.11%
02/11/16,885,885,885,885,,-1.12%
01/11/16,895,895,895,895,,-1.10%
31/10/16,905,905,905,905,,-0.88%
28/10/16,913,913,913,913,,-0.87%
27/10/16,921,921,921,921,,-0.43%
26/10/16,925,925,925,925,,0.00%
25/10/16,925,925,925,925,,0.22%
24/10/16,923,923,923,923,,0.87%
21/10/16,915,915,915,915,,1.10%
20/10/16,905,905,905,905,,2.26%
19/10/16,885,885,885,885,,2.91%
18/10/16,860,860,860,860,,2.63%
17/10/16,838,838,838,838,,2.32%
14/10/16,819,819,819,819,,3.67%
13/10/16,790,790,790,790,,3.54%
12/10/16,763,763,763,763,,2.42%
11/10/16,745,745,745,745,,2.19%
10/10/16,729,729,729,729,,1.67%
07/10/16,717,717,717,717,,1.85%
06/10/16,704,704,704,704,,0.72%
05/10/16,699,699,699,699,,-0.85%
04/10/16,705,705,705,705,,-1.12%
03/10/16,713,713,713,713,,-1.79%
30/09/16,726,726,726,726,,-2.02%
29/09/16,741,741,741,741,,-1.33%
28/09/16,751,751,751,751,,0.13%
27/09/16,750,750,750,750,,1.49%
26/09/16,739,739,739,739,,2.35%
23/09/16,722,722,722,722,,3.14%
22/09/16,700,700,700,700,,4.01%
21/09/16,673,673,673,673,,2.44%
20/09/16,657,657,657,657,,1.08%
19/09/16,650,650,650,650,,0.62%
16/09/16,646,646,646,646,,0.16%
15/09/16,645,645,645,645,,-0.62%
14/09/16,649,649,649,649,,-1.07%
13/09/16,656,656,656,656,,-0.46%
12/09/16,659,659,659,659,,0.15%
09/09/16,658,658,658,658,,0.46%
08/09/16,655,655,655,655,,1.08%
07/09/16,648,648,648,648,,1.09%
06/09/16,641,641,641,641,,0.16%
05/09/16,640,640,640,640,,-0.62%
02/09/16,644,644,644,644,,-1.23%
01/09/16,652,652,652,652,,-1.21%
31/08/16,660,660,660,660,,-2.08%
30/08/16,674,674,674,674,,-1.89%
26/08/16,687,687,687,687,,-1.86%
25/08/16,700,700,700,700,,-0.85%
24/08/16,706,706,706,706,,-1.12%
23/08/16,714,714,714,714,,-0.97%
22/08/16,721,721,721,721,,-0.83%
19/08/16,727,727,727,727,,0.00%
18/08/16,727,727,727,727,,0.14%
17/08/16,726,726,726,726,,0.69%
16/08/16,721,721,721,721,,1.12%
15/08/16,713,713,713,713,,1.42%
12/08/16,703,703,703,703,,2.33%
11/08/16,687,687,687,687,,4.25%
10/08/16,659,659,659,659,,2.65%
09/08/16,642,642,642,642,,0.63%
08/08/16,638,638,638,638,,-0.31%
05/08/16,640,640,640,640,,-0.16%
04/08/16,641,641,641,641,,-1.08%
03/08/16,648,648,648,648,,-1.52%
02/08/16,658,658,658,658,,-2.23%
01/08/16,673,673,673,673,,-2.75%
29/07/16,692,692,692,692,,-3.76%
28/07/16,719,719,719,719,,-4.39%
27/07/16,752,752,752,752,,-4.08%
26/07/16,784,784,784,784,,-2.73%
25/07/16,806,806,806,806,,-2.54%
22/07/16,827,827,827,827,,-2.71%
21/07/16,850,850,850,850,,-2.52%
20/07/16,872,872,872,872,,-0.80%
19/07/16,879,879,879,879,,0.57%
18/07/16,874,874,874,874,,1.27%
15/07/16,863,863,863,863,,2.49%
14/07/16,842,842,842,842,,2.81%
13/07/16,819,819,819,819,,1.24%
12/07/16,809,809,809,809,,1.25%
11/07/16,799,799,799,799,,0.88%
08/07/16,792,792,792,792,,1.67%
07/07/16,779,779,779,779,,3.18%
06/07/16,755,755,755,755,,2.72%
05/07/16,735,735,735,735,,3.52%
04/07/16,710,710,710,710,,2.75%
01/07/16,691,691,691,691,,4.38%
30/06/16,662,662,662,662,,4.42%
29/06/16,634,634,634,634,,2.59%
28/06/16,618,618,618,618,,2.83%
27/06/16,601,601,601,601,,2.74%
24/06/16,585,585,585,585,,2.81%
23/06/16,569,569,569,569,,2.34%
22/06/16,556,556,556,556,,1.46%
21/06/16,548,548,548,548,,0.37%
20/06/16,546,546,546,546,,0.00%
17/06/16,546,546,546,546,,0.18%
16/06/16,545,545,545,545,,0.00%
15/06/16,545,545,545,545,,0.37%
14/06/16,543,543,543,543,,0.18%
13/06/16,542,542,542,542,,-0.18%
10/06/16,543,543,543,543,,0.00%
09/06/16,543,543,543,543,,0.56%
08/06/16,540,540,540,540,,-0.37%
07/06/16,542,542,542,542,,-0.37%
06/06/16,544,544,544,544,,-1.09%
03/06/16,550,550,550,550,,-1.79%
02/06/16,560,560,560,560,,-1.41%
01/06/16,568,568,568,568,,-1.05%
31/05/16,574,574,574,574,,-1.37%
27/05/16,582,582,582,582,,-0.68%
26/05/16,586,586,586,586,,-1.68%
25/05/16,596,596,596,596,,-1.97%
24/05/16,608,608,608,608,,-0.49%
23/05/16,611,611,611,611,,-0.49%
20/05/16,614,614,614,614,,-0.49%
19/05/16,617,617,617,617,,0.98%
18/05/16,611,611,611,611,,1.16%
17/05/16,604,604,604,604,,1.00%
16/05/16,598,598,598,598,,0.17%
13/05/16,597,597,597,597,,1.36%
12/05/16,589,589,589,589,,1.03%
11/05/16,583,583,583,583,,0.34%
10/05/16,581,581,581,581,,-0.51%
09/05/16,584,584,584,584,,-1.18%
06/05/16,591,591,591,591,,-2.64%
05/05/16,607,607,607,607,,-2.25%
04/05/16,621,621,621,621,,-2.97%
03/05/16,640,640,640,640,,-4.05%
29/04/16,667,667,667,667,,-2.63%
28/04/16,685,685,685,685,,-2.70%
27/04/16,704,704,704,704,,-1.95%
26/04/16,718,718,718,718,,-1.24%
25/04/16,727,727,727,727,,-1.22%
22/04/16,736,736,736,736,,-0.94%
21/04/16,743,743,743,743,,-0.54%
20/04/16,747,747,747,747,,0.13%
19/04/16,746,746,746,746,,0.81%
18/04/16,740,740,740,740,,1.79%
15/04/16,727,727,727,727,,3.86%
14/04/16,700,700,700,700,,3.24%
13/04/16,678,678,678,678,,1.80%
12/04/16,666,666,666,666,,1.83%
11/04/16,654,654,654,654,,1.71%
08/04/16,643,643,643,643,,2.55%
07/04/16,627,627,627,627,,1.29%
06/04/16,619,619,619,619,,3.86%
05/04/16,596,596,596,596,,5.86%
04/04/16,563,563,563,563,,5.23%
01/04/16,535,535,535,535,,6.79%
31/03/16,501,501,501,501,,3.51%
30/03/16,484,484,484,484,,2.76%
29/03/16,471,471,471,471,,1.07%
24/03/16,466,466,466,466,,1.75%
23/03/16,458,458,458,458,,0.66%
22/03/16,455,455,455,455,,-0.87%
21/03/16,459,459,459,459,,-0.86%
18/03/16,463,463,463,463,,-0.86%
17/03/16,467,467,467,467,,-1.48%
16/03/16,474,474,474,474,,-1.46%
15/03/16,481,481,481,481,,0.00%
14/03/16,481,481,481,481,,0.84%
11/03/16,477,477,477,477,,2.36%
10/03/16,466,466,466,466,,4.25%
09/03/16,447,447,447,447,,5.92%
08/03/16,422,422,422,422,,6.30%
07/03/16,397,397,397,397,,2.85%
04/03/16,386,386,386,386,,3.21%
03/03/16,374,374,374,374,,2.75%
02/03/16,364,364,364,364,,1.96%
01/03/16,357,357,357,357,,0.85%
29/02/16,354,354,354,354,,0.57%
26/02/16,352,352,352,352,,1.73%
25/02/16,346,346,346,346,,0.00%
24/02/16,346,346,346,346,,0.00%
23/02/16,346,346,346,346,,-1.14%
22/02/16,350,350,350,350,,-1.41%
19/02/16,355,355,355,355,,-0.84%
18/02/16,358,358,358,358,,0.28%
17/02/16,357,357,357,357,,3.18%
16/02/16,346,346,346,346,,3.59%
15/02/16,334,334,334,334,,3.09%
12/02/16,324,324,324,324,,3.85%
11/02/16,312,312,312,312,,3.65%
10/02/16,301,301,301,301,,1.35%
09/02/16,297,297,297,297,,-0.34%
08/02/16,298,298,298,298,,1.02%
05/02/16,295,295,295,295,,2.08%
04/02/16,289,289,289,289,,1.76%
03/02/16,284,284,284,284,,0.71%
02/02/16,282,282,282,282,,0.00%
01/02/16,282,282,282,282,,-1.74%
29/01/16,287,287,287,287,,-2.05%
28/01/16,293,293,293,293,,-3.30%
27/01/16,303,303,303,303,,-2.88%
26/01/16,312,312,312,312,,-4.00%
25/01/16,325,325,325,325,,-2.69%
22/01/16,334,334,334,334,,-3.47%
21/01/16,346,346,346,346,,-3.89%
20/01/16,360,360,360,360,,-2.44%
19/01/16,369,369,369,369,,-1.60%
18/01/16,375,375,375,375,,-1.57%
15/01/16,381,381,381,381,,-1.80%
14/01/16,388,388,388,388,,-2.76%
13/01/16,399,399,399,399,,-2.92%
12/01/16,411,411,411,411,,-2.14%